<?xml version="1.0" encoding="utf-8"?>
<AxForm xmlns:i="http://www.w3.org/2001/XMLSchema-instance" xmlns="Microsoft.Dynamics.AX.Metadata.V6">
	<Name>MCSFileExportProfile</Name>
	<SourceCode>
		<Methods xmlns="">
			<Method>
				<Name>classDeclaration</Name>
				<Source><![CDATA[
[Form]
public class MCSFileExportProfile extends FormRun
{

}
]]></Source>
			</Method>
			<Method>
				<Name>clearPublicKey</Name>
				<Source><![CDATA[
    public void clearPublicKey()
    {
        if (Box::yesNo("@MCSBankPayments:ClearKeyPrompt", DialogButton::No) == DialogButton::Yes)
        {
            MCSFileExportProfileTable.PublicKey = conNull();
            MCSFileExportProfileTable_ds.write();
        }
    }

]]></Source>
			</Method>
			<Method>
				<Name>clearPrivateKey</Name>
				<Source><![CDATA[
    public void clearPrivateKey()
    {
        if (Box::yesNo("@MCSBankPayments:ClearPrivateKeyPromp", DialogButton::No) == DialogButton::Yes)
        {
            MCSFileExportProfileTable.PrivateKey = conNull();
            MCSFileExportProfileTable.Passphrase = '';
            MCSFileExportProfileTable_ds.write();
        }
    }

]]></Source>
			</Method>
		</Methods>
		<DataSources xmlns="" />
		<DataControls xmlns="">
			<Control>
				<Name>MCSClearPublicKey</Name>
				<Type>Button</Type>
				<Methods>
					<Method>
						<Name>clicked</Name>
						<Source><![CDATA[
        public void clicked()
        {
            super();
            element.clearPublicKey();
        }

]]></Source>
					</Method>
				</Methods>
			</Control>
			<Control>
				<Name>MCSSigning</Name>
				<Type>MenuButton</Type>
				<Methods>
					<Method>
						<Name>clicked</Name>
						<Source><![CDATA[
        public void clicked()
        {
            MCSClearPrivateKey.enabled(MCSFileExportProfileTable.isSigned() == NoYes::Yes);            
            super();

        }

]]></Source>
					</Method>
				</Methods>
			</Control>
			<Control>
				<Name>MCSPGPUploadPrivateKey</Name>
				<Type>MenuFunctionButton</Type>
				<Methods>
					<Method>
						<Name>clicked</Name>
						<Source><![CDATA[
        public void clicked()
        {
            MCSClearPrivateKey.enabled(MCSFileExportProfileTable.isSigned() == NoYes::Yes);
            super();
        }

]]></Source>
					</Method>
				</Methods>
			</Control>
			<Control>
				<Name>MCSClearPrivateKey</Name>
				<Type>Button</Type>
				<Methods>
					<Method>
						<Name>clicked</Name>
						<Source><![CDATA[
        public void clicked()
        {
            super();
            element.clearPrivateKey();
        }

]]></Source>
					</Method>
				</Methods>
			</Control>
		</DataControls>
		<Members xmlns="" />
	</SourceCode>
	<DataSources>
		<AxFormDataSource xmlns="">
			<Name>MCSFileExportProfileTable</Name>
			<Table>MCSFileExportProfileTable</Table>
			<Fields>
				<AxFormDataSourceField>
					<DataField>DataAreaId</DataField>
				</AxFormDataSourceField>
				<AxFormDataSourceField>
					<DataField>Description</DataField>
				</AxFormDataSourceField>
				<AxFormDataSourceField>
					<DataField>ExportLocation</DataField>
				</AxFormDataSourceField>
				<AxFormDataSourceField>
					<DataField>Partition</DataField>
				</AxFormDataSourceField>
				<AxFormDataSourceField>
					<DataField>Passphrase</DataField>
				</AxFormDataSourceField>
				<AxFormDataSourceField>
					<DataField>PrivateKey</DataField>
				</AxFormDataSourceField>
				<AxFormDataSourceField>
					<DataField>ProfileId</DataField>
				</AxFormDataSourceField>
				<AxFormDataSourceField>
					<DataField>PublicKey</DataField>
				</AxFormDataSourceField>
				<AxFormDataSourceField>
					<DataField>RecId</DataField>
				</AxFormDataSourceField>
				<AxFormDataSourceField>
					<DataField>TableId</DataField>
				</AxFormDataSourceField>
			</Fields>
			<ReferencedDataSources />
			<DataSourceLinks />
			<DerivedDataSources />
		</AxFormDataSource>
	</DataSources>
	<Design>
		<Caption xmlns="">@MCSBankPayments:FileExportProfile</Caption>
		<DataSource xmlns="">MCSFileExportProfileTable</DataSource>
		<Pattern xmlns="">SimpleList</Pattern>
		<PatternVersion xmlns="">1.1</PatternVersion>
		<Style xmlns="">SimpleList</Style>
		<Controls xmlns="">
			<AxFormControl xmlns=""
				i:type="AxFormActionPaneControl">
				<Name>ActionPane</Name>
				<Type>ActionPane</Type>
				<FormControlExtension
					i:nil="true" />
				<Controls>
					<AxFormControl xmlns=""
						i:type="AxFormButtonGroupControl">
						<Name>ButtonGroup</Name>
						<Type>ButtonGroup</Type>
						<FormControlExtension
							i:nil="true" />
						<Controls>
							<AxFormControl xmlns=""
								i:type="AxFormMenuButtonControl">
								<Name>MCSEncryption</Name>
								<NeededPermission>Delete</NeededPermission>
								<Type>MenuButton</Type>
								<FormControlExtension
									i:nil="true" />
								<Controls>
									<AxFormControl xmlns=""
										i:type="AxFormMenuFunctionButtonControl">
										<Name>MCSPGPUploadPublicKey</Name>
										<Type>MenuFunctionButton</Type>
										<FormControlExtension
											i:nil="true" />
										<AutoRefreshData>Yes</AutoRefreshData>
										<DataSource>MCSFileExportProfileTable</DataSource>
										<MenuItemName>MCSPGPUploadPublicKey</MenuItemName>
										<MenuItemType>Action</MenuItemType>
										<NeedsRecord>Yes</NeedsRecord>
									</AxFormControl>
									<AxFormControl xmlns=""
										i:type="AxFormButtonControl">
										<Name>MCSClearPublicKey</Name>
										<AutoDeclaration>Yes</AutoDeclaration>
										<NeededPermission>Delete</NeededPermission>
										<Type>Button</Type>
										<FormControlExtension
											i:nil="true" />
										<AutoRefreshData>Yes</AutoRefreshData>
										<NeedsRecord>Yes</NeedsRecord>
										<Text>@MCSBankPayments:ClearPublicKey</Text>
									</AxFormControl>
								</Controls>
								<Text>@MCSBankPayments:Encryption</Text>
							</AxFormControl>
							<AxFormControl xmlns=""
								i:type="AxFormMenuButtonControl">
								<Name>MCSSigning</Name>
								<NeededPermission>Delete</NeededPermission>
								<Type>MenuButton</Type>
								<FormControlExtension
									i:nil="true" />
								<Controls>
									<AxFormControl xmlns=""
										i:type="AxFormMenuFunctionButtonControl">
										<Name>MCSPGPUploadPrivateKey</Name>
										<Type>MenuFunctionButton</Type>
										<FormControlExtension
											i:nil="true" />
										<MenuItemName>MCSPGPUploadPrivateKey</MenuItemName>
										<MenuItemType>Action</MenuItemType>
									</AxFormControl>
									<AxFormControl xmlns=""
										i:type="AxFormButtonControl">
										<Name>MCSClearPrivateKey</Name>
										<AutoDeclaration>Yes</AutoDeclaration>
										<NeededPermission>Delete</NeededPermission>
										<Type>Button</Type>
										<FormControlExtension
											i:nil="true" />
										<AutoRefreshData>Yes</AutoRefreshData>
										<NeedsRecord>Yes</NeedsRecord>
										<Text>@MCSBankPayments:RemoveSigning</Text>
									</AxFormControl>
								</Controls>
								<Text>@MCSBankPayments:Signing</Text>
							</AxFormControl>
						</Controls>
						<DataSource>MCSFileExportProfileTable</DataSource>
					</AxFormControl>
				</Controls>
			</AxFormControl>
			<AxFormControl xmlns=""
				i:type="AxFormGroupControl">
				<Name>FileterGroup</Name>
				<Pattern>CustomAndQuickFilters</Pattern>
				<PatternVersion>1.1</PatternVersion>
				<Type>Group</Type>
				<WidthMode>SizeToAvailable</WidthMode>
				<FormControlExtension
					i:nil="true" />
				<Controls>
					<AxFormControl>
						<Name>QuickFilterControl</Name>
						<FormControlExtension>
							<Name>QuickFilterControl</Name>
							<ExtensionComponents />
							<ExtensionProperties>
								<AxFormControlExtensionProperty>
									<Name>targetControlName</Name>
									<Type>String</Type>
									<Value>Grid</Value>
								</AxFormControlExtensionProperty>
								<AxFormControlExtensionProperty>
									<Name>placeholderText</Name>
									<Type>String</Type>
								</AxFormControlExtensionProperty>
								<AxFormControlExtensionProperty>
									<Name>defaultColumnName</Name>
									<Type>String</Type>
									<Value>MCSFileExportProfileTable_ProfileId</Value>
								</AxFormControlExtensionProperty>
							</ExtensionProperties>
						</FormControlExtension>
					</AxFormControl>
				</Controls>
				<ArrangeMethod>HorizontalLeft</ArrangeMethod>
				<FrameType>None</FrameType>
				<Style>CustomFilter</Style>
				<ViewEditMode>Edit</ViewEditMode>
			</AxFormControl>
			<AxFormControl xmlns=""
				i:type="AxFormGridControl">
				<Name>Grid</Name>
				<Type>Grid</Type>
				<FormControlExtension
					i:nil="true" />
				<Controls>
					<AxFormControl xmlns=""
						i:type="AxFormStringControl">
						<Name>MCSFileExportProfileTable_ProfileId</Name>
						<Type>String</Type>
						<FormControlExtension
							i:nil="true" />
						<DataField>ProfileId</DataField>
						<DataSource>MCSFileExportProfileTable</DataSource>
					</AxFormControl>
					<AxFormControl xmlns=""
						i:type="AxFormStringControl">
						<Name>MCSFileExportProfileTable_Description</Name>
						<Type>String</Type>
						<FormControlExtension
							i:nil="true" />
						<DataField>Description</DataField>
						<DataSource>MCSFileExportProfileTable</DataSource>
					</AxFormControl>
					<AxFormControl xmlns=""
						i:type="AxFormStringControl">
						<Name>MCSFileExportProfileTable_ExportLocation</Name>
						<Type>String</Type>
						<FormControlExtension
							i:nil="true" />
						<DataField>ExportLocation</DataField>
						<DataSource>MCSFileExportProfileTable</DataSource>
					</AxFormControl>
					<AxFormControl xmlns=""
						i:type="AxFormCheckBoxControl">
						<Name>MCSEncryptedFile</Name>
						<Type>CheckBox</Type>
						<FormControlExtension
							i:nil="true" />
						<DataMethod>isEncrypted</DataMethod>
						<DataSource>MCSFileExportProfileTable</DataSource>
					</AxFormControl>
					<AxFormControl xmlns=""
						i:type="AxFormCheckBoxControl">
						<Name>MCSSignedFile</Name>
						<Type>CheckBox</Type>
						<FormControlExtension
							i:nil="true" />
						<DataMethod>isSigned</DataMethod>
						<DataSource>MCSFileExportProfileTable</DataSource>
					</AxFormControl>
				</Controls>
				<Style>Tabular</Style>
			</AxFormControl>
		</Controls>
	</Design>
	<Parts />
</AxForm>