<?xml version="1.0" encoding="utf-8"?>
<AxDataEntityView xmlns:i="http://www.w3.org/2001/XMLSchema-instance">
	<Name>MCSConcurIntegrationExportEntity</Name>
	<SourceCode>
		<Declaration><![CDATA[
public class MCSConcurIntegrationExportEntity extends common
{

}
]]></Declaration>
		<Methods>
			<Method>
				<Name>getConcurVendorFile</Name>
				<Source><![CDATA[
    /// <summary>
    /// Get indivisual file for each entity in a definition group.
    /// </summary>
    /// <param name = "executionId">Execution id.</param>
    /// <param name = "entityName">Entity associated with the exported file in a data project.</param>
    /// <returns>File url for the entity specified.</returns>
    [SysODataActionAttribute("GetConcurVendorFile", false)]
    public static SharedServiceUnitURL getConcurVendorFile(DMFExecutionId executionId,str fileName)
    {
        SharedServiceUnitURL fileUrl = MCSConcurExportChanges::ExportVendorDetails(executionId,fileName);

        return fileUrl;
    }

]]></Source>
			</Method>
			<Method>
				<Name>getPaymentFile</Name>
				<Source><![CDATA[
    /// <summary>
    /// Get indivisual file for each entity in a definition group.
    /// </summary>
    /// <param name = "executionId">Execution id.</param>
    /// <param name = "entityName">Entity associated with the exported file in a data project.</param>
    /// <returns>File url for the entity specified.</returns>
    [SysODataActionAttribute("GetConcurPaymentFile", false)]
    public static SharedServiceUnitURL getPaymentFile(str fileName)
    {
        SharedServiceUnitURL fileUrl = MCSConcurExportChanges::ExportPaymentFileDelta(fileName);

        return fileUrl;
    }

]]></Source>
			</Method>
		</Methods>
	</SourceCode>
	<ConfigurationKey>DMF</ConfigurationKey>
	<FormRef>DMFQuickImportEnhanced</FormRef>
	<Label>@SYS67126</Label>
	<SubscriberAccessLevel>
		<Read>Allow</Read>
	</SubscriberAccessLevel>
	<DataManagementEnabled>Yes</DataManagementEnabled>
	<DataManagementStagingTable>MCSConcurIntegrationExportStaging</DataManagementStagingTable>
	<IsPublic>Yes</IsPublic>
	<PrimaryKey>EntityKey</PrimaryKey>
	<PublicCollectionName>MCSConcurIntegrationExports</PublicCollectionName>
	<PublicEntityName>MCSConcurIntegrationExport</PublicEntityName>
	<SupportsSetBasedSqlOperations>Yes</SupportsSetBasedSqlOperations>
	<DeleteActions />
	<FieldGroups>
		<AxTableFieldGroup>
			<Name>AutoReport</Name>
			<Fields />
		</AxTableFieldGroup>
		<AxTableFieldGroup>
			<Name>AutoLookup</Name>
			<Fields />
		</AxTableFieldGroup>
		<AxTableFieldGroup>
			<Name>AutoIdentification</Name>
			<AutoPopulate>Yes</AutoPopulate>
			<Fields />
		</AxTableFieldGroup>
		<AxTableFieldGroup>
			<Name>AutoSummary</Name>
			<Fields />
		</AxTableFieldGroup>
		<AxTableFieldGroup>
			<Name>AutoBrowse</Name>
			<Fields />
		</AxTableFieldGroup>
	</FieldGroups>
	<Fields>
		<AxDataEntityViewField xmlns=""
			i:type="AxDataEntityViewMappedField">
			<Name>Adapter</Name>
			<DataField>Adapter</DataField>
			<DataSource>DMFDefinitionGroup</DataSource>
		</AxDataEntityViewField>
		<AxDataEntityViewField xmlns=""
			i:type="AxDataEntityViewMappedField">
			<Name>CompareType</Name>
			<DataField>CompareType</DataField>
			<DataSource>DMFDefinitionGroup</DataSource>
		</AxDataEntityViewField>
		<AxDataEntityViewField xmlns=""
			i:type="AxDataEntityViewMappedField">
			<Name>DefinitionGroupName</Name>
			<DataField>DefinitionGroupName</DataField>
			<DataSource>DMFDefinitionGroup</DataSource>
		</AxDataEntityViewField>
		<AxDataEntityViewField xmlns=""
			i:type="AxDataEntityViewMappedField">
			<Name>Description</Name>
			<DataField>Description</DataField>
			<DataSource>DMFDefinitionGroup</DataSource>
		</AxDataEntityViewField>
		<AxDataEntityViewField xmlns=""
			i:type="AxDataEntityViewMappedField">
			<Name>OperationType</Name>
			<DataField>OperationType</DataField>
			<DataSource>DMFDefinitionGroup</DataSource>
		</AxDataEntityViewField>
		<AxDataEntityViewField xmlns=""
			i:type="AxDataEntityViewMappedField">
			<Name>GenerateDataPackage</Name>
			<DataField>GenerateDataPackage</DataField>
			<DataSource>DMFDefinitionGroup</DataSource>
		</AxDataEntityViewField>
		<AxDataEntityViewField xmlns=""
			i:type="AxDataEntityViewMappedField">
			<Name>TruncateEntityData</Name>
			<DataField>TruncateEntityData</DataField>
			<DataSource>DMFDefinitionGroup</DataSource>
		</AxDataEntityViewField>
		<AxDataEntityViewField xmlns=""
			i:type="AxDataEntityViewMappedField">
			<Name>ProjectCategory</Name>
			<DataField>ProjectCategory</DataField>
			<DataSource>DMFDefinitionGroup</DataSource>
		</AxDataEntityViewField>
		<AxDataEntityViewField xmlns=""
			i:type="AxDataEntityViewMappedField">
			<Name>DefinitionGroupId</Name>
			<DataField>DefinitionGroupId</DataField>
			<DataSource>DMFDefinitionGroup</DataSource>
		</AxDataEntityViewField>
		<AxDataEntityViewField xmlns=""
			i:type="AxDataEntityViewMappedField">
			<Name>SingleUse</Name>
			<DataField>SingleUse</DataField>
			<DataSource>DMFDefinitionGroup</DataSource>
		</AxDataEntityViewField>
	</Fields>
	<Keys>
		<AxDataEntityViewKey>
			<Name>EntityKey</Name>
			<Fields>
				<AxDataEntityViewKeyField>
					<DataField>DefinitionGroupName</DataField>
				</AxDataEntityViewKeyField>
			</Fields>
		</AxDataEntityViewKey>
	</Keys>
	<Mappings />
	<Ranges />
	<Relations />
	<StateMachines />
	<ViewMetadata>
		<Name>Metadata</Name>
		<SourceCode>
			<Methods>
				<Method>
					<Name>classDeclaration</Name>
					<Source><![CDATA[
[Query]
public class Metadata extends QueryRun
{
}
]]></Source>
				</Method>
			</Methods>
		</SourceCode>
		<DataSources>
			<AxQuerySimpleRootDataSource>
				<Name>DMFDefinitionGroup</Name>
				<DynamicFields>Yes</DynamicFields>
				<Table>DMFDefinitionGroup</Table>
				<DataSources />
				<DerivedDataSources />
				<Fields />
				<Ranges />
				<GroupBy />
				<Having />
				<OrderBy />
			</AxQuerySimpleRootDataSource>
		</DataSources>
	</ViewMetadata>
</AxDataEntityView>