<?xml version="1.0" encoding="utf-8"?>
<AxMenuItemDisplay xmlns:i="http://www.w3.org/2001/XMLSchema-instance" xmlns="Microsoft.Dynamics.AX.Metadata.V1">
	<Name>MCSGLImportTableAPInvoices</Name>
	<EnumParameter>Invoices</EnumParameter>
	<EnumTypeParameter>MCSGLImportFileType</EnumTypeParameter>
	<HelpText>Concur Invoice integration </HelpText>
	<Label>Concur Invoice integration </Label>
	<Object>MCSGLImportTableConcurInvoices</Object>
	<SubscriberAccessLevel>
		<Read xmlns="">Allow</Read>
	</SubscriberAccessLevel>
</AxMenuItemDisplay>