<?xml version="1.0" encoding="utf-8"?>
<AxMenuItemDisplay xmlns:i="http://www.w3.org/2001/XMLSchema-instance" xmlns="Microsoft.Dynamics.AX.Metadata.V1">
	<Name>MCSGLImportTableExpense</Name>
	<EnumParameter>Expense</EnumParameter>
	<EnumTypeParameter>MCSGLImportFileType</EnumTypeParameter>
	<HelpText>Concur Expense integration </HelpText>
	<Label>Concur Expense integration </Label>
	<Object>MCSGLImportTableConcurExpense</Object>
	<SubscriberAccessLevel>
		<Read xmlns="">Allow</Read>
	</SubscriberAccessLevel>
</AxMenuItemDisplay>