<?xml version="1.0" encoding="utf-8"?>
<AxMenuItemDisplay xmlns:i="http://www.w3.org/2001/XMLSchema-instance" xmlns="Microsoft.Dynamics.AX.Metadata.V1">
	<Name>MCSGLImportTablePayroll</Name>
	<EnumParameter>Payroll</EnumParameter>
	<EnumTypeParameter>MCSGLImportFileType</EnumTypeParameter>
	<HelpText>General journal integration </HelpText>
	<Label>General journal integration </Label>
	<Object>MCSGLImportTablePayroll</Object>
	<SubscriberAccessLevel>
		<Read xmlns="">Allow</Read>
	</SubscriberAccessLevel>
</AxMenuItemDisplay>