<?xml version="1.0" encoding="utf-8"?>
<AxMenuItemDisplay xmlns:i="http://www.w3.org/2001/XMLSchema-instance" xmlns="Microsoft.Dynamics.AX.Metadata.V1">
	<Name>MCSLedgerJournalTableTaxInvoice</Name>
	<ConfigurationKey>VendInvoiceRegister</ConfigurationKey>
	<DisabledResource>0</DisabledResource>
	<EnumParameter>VendInvoiceRegister</EnumParameter>
	<EnumTypeParameter>LedgerJournalType</EnumTypeParameter>
	<Label>Tax invoice journal OCR</Label>
	<MaintainUserLicense>Universal</MaintainUserLicense>
	<NormalResource>0</NormalResource>
	<Object>MCSLedgerJournalTableOCR</Object>
	<ViewUserLicense>Universal</ViewUserLicense>
</AxMenuItemDisplay>