<?xml version="1.0" encoding="utf-8"?>
<AxMenuItemDisplay xmlns:i="http://www.w3.org/2001/XMLSchema-instance" xmlns="Microsoft.Dynamics.AX.Metadata.V1">
	<Name>MCSLedgerJournalTable_VendTaxInv</Name>
	<ConfigurationKey>LedgerBasic</ConfigurationKey>
	<DisabledResource>0</DisabledResource>
	<EnumParameter>VendInvoiceRegister</EnumParameter>
	<EnumTypeParameter>LedgerJournalType</EnumTypeParameter>
	<Label>@SYS73809</Label>
	<MaintainUserLicense>Enterprise</MaintainUserLicense>
	<NormalResource>0</NormalResource>
	<Object>LedgerJournalTable</Object>
	<ViewUserLicense>Universal</ViewUserLicense>
</AxMenuItemDisplay>