<?xml version="1.0" encoding="utf-8"?>
<AxTableExtension xmlns:i="http://www.w3.org/2001/XMLSchema-instance">
	<Name>AssetTable.HousingAustraliaExtensions</Name>
	<FieldGroupExtensions />
	<FieldGroups />
	<FieldModifications />
	<Fields>
		<AxTableField xmlns=""
			i:type="AxTableFieldString">
			<Name>MCSVendAccount</Name>
			<AssetClassification>Customer Content </AssetClassification>
			<ExtendedDataType>VendAccount</ExtendedDataType>
		</AxTableField>
		<AxTableField xmlns=""
			i:type="AxTableFieldString">
			<Name>MCSVendInvoiceId</Name>
			<AssetClassification>Customer Content</AssetClassification>
			<ExtendedDataType>VendInvoiceId</ExtendedDataType>
		</AxTableField>
		<AxTableField xmlns=""
			i:type="AxTableFieldString">
			<Name>MCSPurchId</Name>
			<AssetClassification>Customer Content</AssetClassification>
			<ExtendedDataType>PurchId</ExtendedDataType>
		</AxTableField>
	</Fields>
	<FullTextIndexes />
	<Indexes />
	<Mappings />
	<PropertyModifications />
	<RelationExtensions />
	<RelationModifications />
	<Relations />
</AxTableExtension>