<?xml version="1.0" encoding="utf-8"?>
<AxTableExtension xmlns:i="http://www.w3.org/2001/XMLSchema-instance">
	<Name>BankPaymAdviceVendV2Tmp.MicrochannelExtensions</Name>
	<FieldGroupExtensions />
	<FieldGroups />
	<FieldModifications />
	<Fields>
		<AxTableField xmlns=""
			i:type="AxTableFieldString">
			<Name>MCSInvoiceDescription</Name>
			<ExtendedDataType>InvoiceDescriptionLarge</ExtendedDataType>
		</AxTableField>
		<AxTableField xmlns=""
			i:type="AxTableFieldString">
			<Name>MCSVendBankAccount</Name>
			<ExtendedDataType>BankAccount</ExtendedDataType>
		</AxTableField>
		<AxTableField xmlns=""
			i:type="AxTableFieldString">
			<Name>MCSCurrencySymbol</Name>
			<AssetClassification>Customer Content</AssetClassification>
			<ExtendedDataType>CurrencySymbol</ExtendedDataType>
			<StringSize>5</StringSize>
		</AxTableField>
	</Fields>
	<FullTextIndexes />
	<Indexes />
	<Mappings />
	<PropertyModifications />
	<RelationExtensions />
	<RelationModifications />
	<Relations />
</AxTableExtension>