<?xml version="1.0" encoding="utf-8"?>
<AxTableExtension xmlns:i="http://www.w3.org/2001/XMLSchema-instance">
	<Name>DimensionAttributeValue.HousingAustraliaExtensions</Name>
	<FieldGroupExtensions>
		<AxTableFieldGroupExtension>
			<Name>Miscellaneous</Name>
			<Fields>
				<AxTableFieldGroupField>
					<DataField>MCSTaxGroup</DataField>
				</AxTableFieldGroupField>
				<AxTableFieldGroupField>
					<DataField>MCSTaxItemGroup</DataField>
				</AxTableFieldGroupField>
			</Fields>
		</AxTableFieldGroupExtension>
	</FieldGroupExtensions>
	<FieldGroups />
	<FieldModifications />
	<Fields>
		<AxTableField xmlns=""
			i:type="AxTableFieldString">
			<Name>MCSTaxGroup</Name>
			<AssetClassification>Customer Content</AssetClassification>
			<ExtendedDataType>TaxGroupJournal</ExtendedDataType>
		</AxTableField>
		<AxTableField xmlns=""
			i:type="AxTableFieldString">
			<Name>MCSTaxItemGroup</Name>
			<AssetClassification>Customer Content</AssetClassification>
			<ExtendedDataType>TaxGroupJournal</ExtendedDataType>
			<Label>@SYS21932</Label>
		</AxTableField>
	</Fields>
	<FullTextIndexes />
	<Indexes />
	<Mappings />
	<PropertyModifications />
	<RelationExtensions />
	<RelationModifications />
	<Relations>
		<AxTableRelation>
			<Name>TaxGroup</Name>
			<Cardinality>ZeroMore</Cardinality>
			<EntityRelationshipRole>@SYS123571</EntityRelationshipRole>
			<RelatedTable>TaxGroupHeading</RelatedTable>
			<RelatedTableCardinality>ZeroOne</RelatedTableCardinality>
			<RelatedTableRole>TaxGroup</RelatedTableRole>
			<RelationshipType>Association</RelationshipType>
			<Role>LedgerJournalTrans</Role>
			<UseDefaultRoleNames>No</UseDefaultRoleNames>
			<Constraints>
				<AxTableRelationConstraint xmlns=""
					i:type="AxTableRelationConstraintField">
					<Name>MCSTaxGroup</Name>
					<Field>MCSTaxGroup</Field>
					<RelatedField>TaxGroup</RelatedField>
				</AxTableRelationConstraint>
			</Constraints>
		</AxTableRelation>
		<AxTableRelation>
			<Name>TaxItemGroup</Name>
			<Cardinality>ZeroMore</Cardinality>
			<EntityRelationshipRole>@SYS125972</EntityRelationshipRole>
			<RelatedTable>TaxItemGroupHeading</RelatedTable>
			<RelatedTableCardinality>ZeroOne</RelatedTableCardinality>
			<RelatedTableRole>TaxItemGroup</RelatedTableRole>
			<RelationshipType>Association</RelationshipType>
			<Role>LedgerJournalTrans</Role>
			<UseDefaultRoleNames>No</UseDefaultRoleNames>
			<Constraints>
				<AxTableRelationConstraint xmlns=""
					i:type="AxTableRelationConstraintField">
					<Name>MCSTaxItemGroup</Name>
					<Field>MCSTaxItemGroup</Field>
					<RelatedField>TaxItemGroup</RelatedField>
				</AxTableRelationConstraint>
			</Constraints>
		</AxTableRelation>
	</Relations>
</AxTableExtension>