<?xml version="1.0" encoding="utf-8"?>
<AxTableExtension xmlns:i="http://www.w3.org/2001/XMLSchema-instance">
	<Name>FreeTextInvoiceTmp.HousingAustraliaExtensions</Name>
	<FieldGroupExtensions />
	<FieldGroups />
	<FieldModifications />
	<Fields>
		<AxTableField xmlns=""
			i:type="AxTableFieldString">
			<Name>MCSRegistrationNum</Name>
			<AssetClassification>Customer Content</AssetClassification>
			<ExtendedDataType>BankRegNum</ExtendedDataType>
		</AxTableField>
		<AxTableField xmlns=""
			i:type="AxTableFieldString">
			<Name>MCSAccountNum</Name>
			<AosAuthorization>Yes</AosAuthorization>
			<AssetClassification>Customer Content</AssetClassification>
			<ExtendedDataType>BankAccount</ExtendedDataType>
		</AxTableField>
		<AxTableField xmlns=""
			i:type="AxTableFieldString">
			<Name>MCSBankNameAndAddress</Name>
			<AssetClassification>Customer Content</AssetClassification>
			<ExtendedDataType>Name</ExtendedDataType>
		</AxTableField>
		<AxTableField xmlns=""
			i:type="AxTableFieldString">
			<Name>MCSCompanyName</Name>
			<AssetClassification>Customer Content</AssetClassification>
			<ExtendedDataType>Name</ExtendedDataType>
		</AxTableField>
		<AxTableField xmlns=""
			i:type="AxTableFieldDate">
			<Name>MCSFromDate</Name>
			<ExtendedDataType>TransferDate</ExtendedDataType>
			<IgnoreEDTRelation>Yes</IgnoreEDTRelation>
			<Label>From</Label>
		</AxTableField>
		<AxTableField xmlns=""
			i:type="AxTableFieldDate">
			<Name>MCSToDate</Name>
			<ExtendedDataType>TransferDate</ExtendedDataType>
			<IgnoreEDTRelation>Yes</IgnoreEDTRelation>
			<Label>To</Label>
		</AxTableField>
		<AxTableField xmlns=""
			i:type="AxTableFieldString">
			<Name>MCSReference</Name>
			<ExtendedDataType>Name</ExtendedDataType>
			<IgnoreEDTRelation>Yes</IgnoreEDTRelation>
			<Label>Reference</Label>
		</AxTableField>
		<AxTableField xmlns=""
			i:type="AxTableFieldInt">
			<Name>MCSDays</Name>
			<ExtendedDataType>NumberOf</ExtendedDataType>
			<IgnoreEDTRelation>Yes</IgnoreEDTRelation>
			<Label>Days </Label>
		</AxTableField>
		<AxTableField xmlns=""
			i:type="AxTableFieldString">
			<Name>MCSFeeReference</Name>
			<ExtendedDataType>Name</ExtendedDataType>
			<IgnoreEDTRelation>Yes</IgnoreEDTRelation>
			<Label>Fee Based on</Label>
		</AxTableField>
		<AxTableField xmlns=""
			i:type="AxTableFieldReal">
			<Name>MCSRate</Name>
			<ExtendedDataType>UnitQty</ExtendedDataType>
			<IgnoreEDTRelation>Yes</IgnoreEDTRelation>
			<Label>Rate %</Label>
		</AxTableField>
		<AxTableField xmlns=""
			i:type="AxTableFieldString">
			<Name>MCSDayYear</Name>
			<ExtendedDataType>Name</ExtendedDataType>
			<IgnoreEDTRelation>Yes</IgnoreEDTRelation>
			<Label>Days/Year</Label>
		</AxTableField>
		<AxTableField xmlns=""
			i:type="AxTableFieldReal">
			<Name>MCSAmount</Name>
			<ExtendedDataType>Amount</ExtendedDataType>
			<IgnoreEDTRelation>Yes</IgnoreEDTRelation>
			<Label>Amount</Label>
		</AxTableField>
		<AxTableField xmlns=""
			i:type="AxTableFieldReal">
			<Name>MCSFacAmount</Name>
			<ExtendedDataType>Amount</ExtendedDataType>
			<IgnoreEDTRelation>Yes</IgnoreEDTRelation>
			<Label>Facility Amount</Label>
		</AxTableField>
		<AxTableField xmlns=""
			i:type="AxTableFieldString">
			<Name>MCSDescription</Name>
			<ExtendedDataType>Name</ExtendedDataType>
			<IgnoreEDTRelation>Yes</IgnoreEDTRelation>
			<Label>Description</Label>
		</AxTableField>
		<AxTableField xmlns=""
			i:type="AxTableFieldString">
			<Name>MCSBillTo</Name>
			<ExtendedDataType>Name</ExtendedDataType>
			<IgnoreEDTRelation>Yes</IgnoreEDTRelation>
			<Label>Description</Label>
		</AxTableField>
		<AxTableField xmlns=""
			i:type="AxTableFieldDate">
			<Name>MCSDueDate</Name>
			<ExtendedDataType>TransDate</ExtendedDataType>
			<IgnoreEDTRelation>Yes</IgnoreEDTRelation>
			<Label>Due Date</Label>
		</AxTableField>
	</Fields>
	<FullTextIndexes />
	<Indexes />
	<Mappings />
	<PropertyModifications />
	<RelationExtensions />
	<RelationModifications />
	<Relations />
</AxTableExtension>