<?xml version="1.0" encoding="utf-8"?>
<AxTableExtension xmlns:i="http://www.w3.org/2001/XMLSchema-instance">
	<Name>LedgerJournalTrans.HousingAustraliaExtensions</Name>
	<FieldGroupExtensions />
	<FieldGroups />
	<FieldModifications />
	<Fields>
		<AxTableField xmlns=""
			i:type="AxTableFieldInt64">
			<Name>MCSImportLines</Name>
			<ExtendedDataType>RefRecId</ExtendedDataType>
			<IgnoreEDTRelation>Yes</IgnoreEDTRelation>
		</AxTableField>
	</Fields>
	<FullTextIndexes />
	<Indexes />
	<Mappings />
	<PropertyModifications />
	<RelationExtensions />
	<RelationModifications />
	<Relations />
</AxTableExtension>