<?xml version="1.0" encoding="utf-8"?>
<AxTableExtension xmlns:i="http://www.w3.org/2001/XMLSchema-instance">
	<Name>LedgerParameters.HousingAustraliaExtensions</Name>
	<FieldGroupExtensions />
	<FieldGroups>
		<AxTableFieldGroup>
			<Name>MCSPayroll</Name>
			<Label>Payroll integration default setup</Label>
			<Fields>
				<AxTableFieldGroupField>
					<DataField>MCSPayrollTaxItemGroup</DataField>
				</AxTableFieldGroupField>
				<AxTableFieldGroupField>
					<DataField>MCSPayrollTaxCode</DataField>
				</AxTableFieldGroupField>
			</Fields>
		</AxTableFieldGroup>
		<AxTableFieldGroup>
			<Name>MCSLMS</Name>
			<Label>LMS</Label>
			<Fields>
				<AxTableFieldGroupField>
					<DataField>MCSMainAccountNum</DataField>
				</AxTableFieldGroupField>
				<AxTableFieldGroupField>
					<DataField>MCSNumberOf</DataField>
				</AxTableFieldGroupField>
				<AxTableFieldGroupField>
					<DataField>MCSTaxItemGroup</DataField>
				</AxTableFieldGroupField>
				<AxTableFieldGroupField>
					<DataField>MCSTaxCode</DataField>
				</AxTableFieldGroupField>
			</Fields>
		</AxTableFieldGroup>
		<AxTableFieldGroup>
			<Name>MCSconcur</Name>
			<Label>Concur Integration</Label>
			<Fields>
				<AxTableFieldGroupField>
					<DataField>MCSJournalName</DataField>
				</AxTableFieldGroupField>
				<AxTableFieldGroupField>
					<DataField>MCSJournalNameExpense</DataField>
				</AxTableFieldGroupField>
			</Fields>
		</AxTableFieldGroup>
	</FieldGroups>
	<FieldModifications />
	<Fields>
		<AxTableField xmlns=""
			i:type="AxTableFieldString">
			<Name>MCSMainAccountNum</Name>
			<ExtendedDataType>MainAccountNum</ExtendedDataType>
			<IgnoreEDTRelation>Yes</IgnoreEDTRelation>
			<Label>LMS Default Main account</Label>
		</AxTableField>
		<AxTableField xmlns=""
			i:type="AxTableFieldInt">
			<Name>MCSNumberOf</Name>
			<ExtendedDataType>NumberOf</ExtendedDataType>
			<IgnoreEDTRelation>Yes</IgnoreEDTRelation>
		</AxTableField>
		<AxTableField xmlns=""
			i:type="AxTableFieldString">
			<Name>MCSPayrollTaxCode</Name>
			<AssetClassification>Customer Content</AssetClassification>
			<ExtendedDataType>TaxCode</ExtendedDataType>
		</AxTableField>
		<AxTableField xmlns=""
			i:type="AxTableFieldString">
			<Name>MCSPayrollTaxItemGroup</Name>
			<AssetClassification>Customer Content</AssetClassification>
			<ExtendedDataType>TaxGroupJournal</ExtendedDataType>
			<Label>@SYS21932</Label>
		</AxTableField>
		<AxTableField xmlns=""
			i:type="AxTableFieldString">
			<Name>MCSTaxItemGroup</Name>
			<AssetClassification>Customer Content</AssetClassification>
			<ExtendedDataType>TaxGroupJournal</ExtendedDataType>
			<Label>@SYS21932</Label>
		</AxTableField>
		<AxTableField xmlns=""
			i:type="AxTableFieldString">
			<Name>MCSTaxCode</Name>
			<AssetClassification>Customer Content</AssetClassification>
			<ExtendedDataType>TaxCode</ExtendedDataType>
		</AxTableField>
		<AxTableField xmlns=""
			i:type="AxTableFieldString">
			<Name>MCSDMFVendorProject</Name>
			<Label>Vendor Project Name</Label>
		</AxTableField>
		<AxTableField xmlns=""
			i:type="AxTableFieldString">
			<Name>MCSJournalName</Name>
			<AssetClassification>Customer Content</AssetClassification>
			<ExtendedDataType>LedgerJournalNameId</ExtendedDataType>
			<Label>Journal Name - Invoice</Label>
		</AxTableField>
		<AxTableField xmlns=""
			i:type="AxTableFieldString">
			<Name>MCSJournalNameExpense</Name>
			<AssetClassification>Customer Content</AssetClassification>
			<ExtendedDataType>LedgerJournalNameId</ExtendedDataType>
			<Label>Journal Name - Expense</Label>
		</AxTableField>
	</Fields>
	<FullTextIndexes />
	<Indexes />
	<Mappings />
	<PropertyModifications />
	<RelationExtensions />
	<RelationModifications />
	<Relations>
		<AxTableRelation xmlns=""
			i:type="AxTableRelationForeignKey">
			<Name>MCSLMSMainAccount</Name>
			<Cardinality>ZeroMore</Cardinality>
			<OnDelete>Restricted</OnDelete>
			<RelatedTable>MainAccount</RelatedTable>
			<RelatedTableCardinality>ZeroOne</RelatedTableCardinality>
			<RelationshipType>Association</RelationshipType>
			<Constraints>
				<AxTableRelationConstraint xmlns=""
					i:type="AxTableRelationConstraintField">
					<Name>MCSMainAccountNum</Name>
					<Field>MCSMainAccountNum</Field>
					<RelatedField>MainAccountId</RelatedField>
				</AxTableRelationConstraint>
			</Constraints>
		</AxTableRelation>
		<AxTableRelation xmlns=""
			i:type="AxTableRelationForeignKey">
			<Name>TaxItemGroupHeadingPayroll</Name>
			<Cardinality>ZeroMore</Cardinality>
			<RelatedTable>TaxItemGroupHeading</RelatedTable>
			<RelatedTableCardinality>ZeroOne</RelatedTableCardinality>
			<RelationshipType>Association</RelationshipType>
			<Constraints>
				<AxTableRelationConstraint xmlns=""
					i:type="AxTableRelationConstraintField">
					<Name>MCSPayrollTaxItemGroup</Name>
					<SourceEDT>TaxItemGroup</SourceEDT>
					<Field>MCSPayrollTaxItemGroup</Field>
					<RelatedField>TaxItemGroup</RelatedField>
				</AxTableRelationConstraint>
			</Constraints>
			<Index>TaxItemGroupIdx</Index>
		</AxTableRelation>
		<AxTableRelation xmlns=""
			i:type="AxTableRelationForeignKey">
			<Name>TaxItemGroupHeadingLMS</Name>
			<Cardinality>ZeroMore</Cardinality>
			<RelatedTable>TaxItemGroupHeading</RelatedTable>
			<RelatedTableCardinality>ZeroOne</RelatedTableCardinality>
			<RelationshipType>Association</RelationshipType>
			<Constraints>
				<AxTableRelationConstraint xmlns=""
					i:type="AxTableRelationConstraintField">
					<Name>MCSTaxItemGroup</Name>
					<SourceEDT>TaxItemGroup</SourceEDT>
					<Field>MCSTaxItemGroup</Field>
					<RelatedField>TaxItemGroup</RelatedField>
				</AxTableRelationConstraint>
			</Constraints>
			<Index>TaxItemGroupIdx</Index>
		</AxTableRelation>
		<AxTableRelation xmlns=""
			i:type="AxTableRelationForeignKey">
			<Name>MCSTaxGroupHeadingPayroll</Name>
			<Cardinality>ZeroMore</Cardinality>
			<EDTRelation>Yes</EDTRelation>
			<RelatedTable>TaxGroupHeading</RelatedTable>
			<RelatedTableCardinality>ZeroOne</RelatedTableCardinality>
			<RelationshipType>Association</RelationshipType>
			<Constraints>
				<AxTableRelationConstraint xmlns=""
					i:type="AxTableRelationConstraintField">
					<Name>MCSPayrollTaxCode</Name>
					<SourceEDT>TaxGroup</SourceEDT>
					<Field>MCSPayrollTaxCode</Field>
					<RelatedField>TaxGroup</RelatedField>
				</AxTableRelationConstraint>
			</Constraints>
			<Index>TaxGroupIdx</Index>
		</AxTableRelation>
		<AxTableRelation xmlns=""
			i:type="AxTableRelationForeignKey">
			<Name>MCSSTaxGroupHeadingLMS</Name>
			<Cardinality>ZeroMore</Cardinality>
			<EDTRelation>Yes</EDTRelation>
			<RelatedTable>TaxGroupHeading</RelatedTable>
			<RelatedTableCardinality>ZeroOne</RelatedTableCardinality>
			<RelationshipType>Association</RelationshipType>
			<Constraints>
				<AxTableRelationConstraint xmlns=""
					i:type="AxTableRelationConstraintField">
					<Name>MCSTaxCode</Name>
					<SourceEDT>TaxGroup</SourceEDT>
					<Field>MCSTaxCode</Field>
					<RelatedField>TaxGroup</RelatedField>
				</AxTableRelationConstraint>
			</Constraints>
			<Index>TaxGroupIdx</Index>
		</AxTableRelation>
		<AxTableRelation xmlns=""
			i:type="AxTableRelationForeignKey">
			<Name>MCSConcurInovice</Name>
			<Cardinality>ZeroMore</Cardinality>
			<EDTRelation>Yes</EDTRelation>
			<RelatedTable>LedgerJournalName</RelatedTable>
			<RelatedTableCardinality>ExactlyOne</RelatedTableCardinality>
			<RelationshipType>Association</RelationshipType>
			<Constraints>
				<AxTableRelationConstraint xmlns=""
					i:type="AxTableRelationConstraintField">
					<Name>MCSJournalName</Name>
					<SourceEDT>LedgerJournalNameId</SourceEDT>
					<Field>MCSJournalName</Field>
					<RelatedField>JournalName</RelatedField>
				</AxTableRelationConstraint>
			</Constraints>
			<Index>JournalNameIdx</Index>
		</AxTableRelation>
		<AxTableRelation xmlns=""
			i:type="AxTableRelationForeignKey">
			<Name>MCSConcurExpense</Name>
			<Cardinality>ZeroMore</Cardinality>
			<EDTRelation>Yes</EDTRelation>
			<RelatedTable>LedgerJournalName</RelatedTable>
			<RelatedTableCardinality>ExactlyOne</RelatedTableCardinality>
			<RelationshipType>Association</RelationshipType>
			<Constraints>
				<AxTableRelationConstraint xmlns=""
					i:type="AxTableRelationConstraintField">
					<Name>MCSJournalNameExpense</Name>
					<SourceEDT>LedgerJournalNameId</SourceEDT>
					<Field>MCSJournalNameExpense</Field>
					<RelatedField>JournalName</RelatedField>
				</AxTableRelationConstraint>
			</Constraints>
			<Index>JournalNameIdx</Index>
		</AxTableRelation>
	</Relations>
</AxTableExtension>