<?xml version="1.0" encoding="utf-8"?>
<AxTableExtension xmlns:i="http://www.w3.org/2001/XMLSchema-instance">
	<Name>SysOutgoingEmailTable.MCSExtension</Name>
	<FieldGroupExtensions>
		<AxTableFieldGroupExtension>
			<Name>Properties</Name>
			<Fields>
				<AxTableFieldGroupField>
					<DataField>MCSSRSReportCategory</DataField>
				</AxTableFieldGroupField>
			</Fields>
		</AxTableFieldGroupExtension>
	</FieldGroupExtensions>
	<FieldGroups />
	<FieldModifications />
	<Fields>
		<AxTableField xmlns=""
			i:type="AxTableFieldString">
			<Name>MCSSRSReportCategory</Name>
			<ExtendedDataType>MCSSrsReportCategory</ExtendedDataType>
		</AxTableField>
	</Fields>
	<Indexes>
		<AxTableIndex>
			<Name>MCSSRSReportCategoryIdx</Name>
			<AllowDuplicates>Yes</AllowDuplicates>
			<Fields>
				<AxTableIndexField>
					<DataField>MCSSRSReportCategory</DataField>
				</AxTableIndexField>
			</Fields>
		</AxTableIndex>
	</Indexes>
	<Mappings />
	<PropertyModifications />
	<Relations>
		<AxTableRelation>
			<Name>MCSSrsReportCategoryTable</Name>
			<Cardinality>ZeroMore</Cardinality>
			<RelatedTable>MCSSrsReportCategoryTable</RelatedTable>
			<RelatedTableCardinality>ZeroOne</RelatedTableCardinality>
			<RelationshipType>Association</RelationshipType>
			<Validate>No</Validate>
			<Constraints>
				<AxTableRelationConstraint xmlns=""
					i:type="AxTableRelationConstraintField">
					<Name>MCSSRSReportCategory</Name>
					<Field>MCSSRSReportCategory</Field>
					<RelatedField>ReportCategory</RelatedField>
				</AxTableRelationConstraint>
			</Constraints>
		</AxTableRelation>
	</Relations>
</AxTableExtension>