<?xml version="1.0" encoding="utf-8"?>
<AxTableExtension xmlns:i="http://www.w3.org/2001/XMLSchema-instance">
	<Name>VendTable.HousingAustraliaExtensions</Name>
	<FieldGroupExtensions />
	<FieldGroups>
		<AxTableFieldGroup>
			<Name>MCSConcur</Name>
			<Label>Concur</Label>
			<Fields>
				<AxTableFieldGroupField>
					<DataField>MCSRecordType</DataField>
				</AxTableFieldGroupField>
				<AxTableFieldGroupField>
					<DataField>MCSDefaultExpenseType</DataField>
				</AxTableFieldGroupField>
				<AxTableFieldGroupField>
					<DataField>MSCDefaultEmployee</DataField>
				</AxTableFieldGroupField>
			</Fields>
		</AxTableFieldGroup>
	</FieldGroups>
	<FieldModifications />
	<Fields>
		<AxTableField xmlns=""
			i:type="AxTableFieldString">
			<Name>MCSRecordType</Name>
			<ExtendedDataType>String10</ExtendedDataType>
			<IgnoreEDTRelation>Yes</IgnoreEDTRelation>
			<Label>Record Type</Label>
		</AxTableField>
		<AxTableField xmlns=""
			i:type="AxTableFieldString">
			<Name>MCSDefaultExpenseType</Name>
			<ExtendedDataType>String20</ExtendedDataType>
			<IgnoreEDTRelation>Yes</IgnoreEDTRelation>
			<Label>Default expense type</Label>
		</AxTableField>
		<AxTableField xmlns=""
			i:type="AxTableFieldString">
			<Name>MSCDefaultEmployee</Name>
			<ExtendedDataType>String20</ExtendedDataType>
			<IgnoreEDTRelation>Yes</IgnoreEDTRelation>
			<Label>Default Employee ID</Label>
		</AxTableField>
	</Fields>
	<FullTextIndexes />
	<Indexes />
	<Mappings />
	<PropertyModifications />
	<RelationExtensions />
	<RelationModifications />
	<Relations />
</AxTableExtension>