<?xml version="1.0" encoding="utf-8"?>
<AxTableExtension xmlns:i="http://www.w3.org/2001/XMLSchema-instance">
	<Name>VendVendorV2Staging.HousingAustraliaExtensions</Name>
	<FieldGroupExtensions />
	<FieldGroups />
	<FieldModifications />
	<Fields>
		<AxTableField xmlns=""
			i:type="AxTableFieldString">
			<Name>MCSRecordType</Name>
			<ExtendedDataType>String10</ExtendedDataType>
			<IgnoreEDTRelation>Yes</IgnoreEDTRelation>
			<Label>Record Type</Label>
		</AxTableField>
		<AxTableField xmlns=""
			i:type="AxTableFieldString">
			<Name>MCSDefaultExpenseType</Name>
			<ExtendedDataType>String20</ExtendedDataType>
			<IgnoreEDTRelation>Yes</IgnoreEDTRelation>
			<Label>Default expense type</Label>
		</AxTableField>
		<AxTableField xmlns=""
			i:type="AxTableFieldString">
			<Name>MSCDefaultEmployee</Name>
			<ExtendedDataType>String20</ExtendedDataType>
			<IgnoreEDTRelation>Yes</IgnoreEDTRelation>
			<Label>Default Employee ID</Label>
		</AxTableField>
	</Fields>
	<FullTextIndexes />
	<Indexes />
	<Mappings />
	<PropertyModifications>
		<AxPropertyModification>
			<Name>CreatedBy</Name>
			<Value>Yes</Value>
		</AxPropertyModification>
		<AxPropertyModification>
			<Name>CreatedDateTime</Name>
			<Value>Yes</Value>
		</AxPropertyModification>
	</PropertyModifications>
	<RelationExtensions />
	<RelationModifications />
	<Relations />
</AxTableExtension>