<?xml version="1.0" encoding="utf-8"?>
<AxSecurityPrivilege xmlns:i="http://www.w3.org/2001/XMLSchema-instance">
	<Name>MCSBankFileProfilesView</Name>
	<Description>@MCSBankPayments:ViewBankFileProfilesHelp</Description>
	<Label>@MCSBankPayments:ViewBankFilePRofiles</Label>
	<DataEntityPermissions />
	<DirectAccessPermissions />
	<EntryPoints>
		<AxSecurityEntryPointReference>
			<Name>MCSFileExportProfile</Name>
			<Grant>
				<Read>Allow</Read>
			</Grant>
			<ObjectName>MCSFileExportProfile</ObjectName>
			<ObjectType>MenuItemDisplay</ObjectType>
			<Forms>
				<AxSecurityEntryPointReferenceForm>
					<Name>MCSFileExportProfile</Name>
					<Controls />
					<DataSources />
				</AxSecurityEntryPointReferenceForm>
			</Forms>
		</AxSecurityEntryPointReference>
	</EntryPoints>
	<FormControlOverrides />
</AxSecurityPrivilege>