<?xml version="1.0" encoding="utf-8"?>
<AxSecurityPrivilege xmlns:i="http://www.w3.org/2001/XMLSchema-instance">
	<Name>MCSBankFileProfilesMaintain</Name>
	<Description>@MCSBankPayments:MaintainBankFilePRofilesHelp</Description>
	<Label>@MCSBankPayments:MaintainBankFilePRofiles</Label>
	<DataEntityPermissions />
	<DirectAccessPermissions />
	<EntryPoints>
		<AxSecurityEntryPointReference>
			<Name>MCSPGPUploadPrivateKey</Name>
			<Grant>
				<Correct>Allow</Correct>
				<Create>Allow</Create>
				<Delete>Allow</Delete>
				<Read>Allow</Read>
				<Update>Allow</Update>
			</Grant>
			<ObjectName>MCSPGPUploadPrivateKey</ObjectName>
			<ObjectType>MenuItemAction</ObjectType>
			<Forms />
		</AxSecurityEntryPointReference>
		<AxSecurityEntryPointReference>
			<Name>MCSPGPUploadPublicKey</Name>
			<Grant>
				<Correct>Allow</Correct>
				<Create>Allow</Create>
				<Delete>Allow</Delete>
				<Read>Allow</Read>
				<Update>Allow</Update>
			</Grant>
			<ObjectName>MCSPGPUploadPublicKey</ObjectName>
			<ObjectType>MenuItemAction</ObjectType>
			<Forms />
		</AxSecurityEntryPointReference>
		<AxSecurityEntryPointReference>
			<Name>MCSFileExportProfile</Name>
			<Grant>
				<Correct>Allow</Correct>
				<Create>Allow</Create>
				<Delete>Allow</Delete>
				<Read>Allow</Read>
				<Update>Allow</Update>
			</Grant>
			<ObjectName>MCSFileExportProfile</ObjectName>
			<ObjectType>MenuItemDisplay</ObjectType>
			<Forms>
				<AxSecurityEntryPointReferenceForm>
					<Name>MCSFileExportProfile</Name>
					<Controls />
					<DataSources />
				</AxSecurityEntryPointReferenceForm>
			</Forms>
		</AxSecurityEntryPointReference>
	</EntryPoints>
	<FormControlOverrides />
</AxSecurityPrivilege>