<?xml version="1.0" encoding="utf-8"?>
<AxReport xmlns:i="http://www.w3.org/2001/XMLSchema-instance" xmlns="Microsoft.Dynamics.AX.Metadata.V2">
	<Name>MCSFreeTextInvoice</Name>
	<DataMethods />
	<DataSets>
		<AxReportDataSet xmlns="">
			<Name>FreeTextInvoice</Name>
			<DataSourceType>ReportDataProvider</DataSourceType>
			<Query>SELECT * FROM MCSFreeTextInvoiceDp.MCSFreeTextInvoiceTmp</Query>
			<FieldGroups />
			<Fields>
				<AxReportDataSetField>
					<Name>Addressing</Name>
					<Alias>MCSFreeTextInvoiceTmp.1.Addressing</Alias>
					<Caption>@SYS13887</Caption>
					<DisplayWidth>Auto</DisplayWidth>
					<UserDefined>false</UserDefined>
				</AxReportDataSetField>
				<AxReportDataSetField>
					<Name>AmountCur</Name>
					<Alias>MCSFreeTextInvoiceTmp.1.AmountCur</Alias>
					<Caption>@SYS860</Caption>
					<DataType>System.Double</DataType>
					<DisplayWidth>Auto</DisplayWidth>
					<UserDefined>false</UserDefined>
				</AxReportDataSetField>
				<AxReportDataSetField>
					<Name>AmountPaid</Name>
					<Alias>MCSFreeTextInvoiceTmp.1.AmountPaid</Alias>
					<Caption>@SYS860</Caption>
					<DataType>System.Double</DataType>
					<DisplayWidth>Auto</DisplayWidth>
					<UserDefined>false</UserDefined>
				</AxReportDataSetField>
				<AxReportDataSetField>
					<Name>BalanceDue</Name>
					<Alias>MCSFreeTextInvoiceTmp.1.BalanceDue</Alias>
					<Caption>@SYS860</Caption>
					<DataType>System.Double</DataType>
					<DisplayWidth>Auto</DisplayWidth>
					<UserDefined>false</UserDefined>
				</AxReportDataSetField>
				<AxReportDataSetField>
					<Name>CompanyAddress</Name>
					<Alias>MCSFreeTextInvoiceTmp.1.CompanyAddress</Alias>
					<Caption>@SYS13887</Caption>
					<DisplayWidth>Auto</DisplayWidth>
					<UserDefined>false</UserDefined>
				</AxReportDataSetField>
				<AxReportDataSetField>
					<Name>CompanyCoRegNum</Name>
					<Alias>MCSFreeTextInvoiceTmp.1.CompanyCoRegNum</Alias>
					<Caption>@SYS969</Caption>
					<DisplayWidth>Auto</DisplayWidth>
					<UserDefined>false</UserDefined>
				</AxReportDataSetField>
				<AxReportDataSetField>
					<Name>CompanyGiro</Name>
					<Alias>MCSFreeTextInvoiceTmp.1.CompanyGiro</Alias>
					<Caption>@SYS23443</Caption>
					<DisplayWidth>Auto</DisplayWidth>
					<UserDefined>false</UserDefined>
				</AxReportDataSetField>
				<AxReportDataSetField>
					<Name>CompanyLogo</Name>
					<Alias>MCSFreeTextInvoiceTmp.1.CompanyLogo</Alias>
					<Caption>@SYS86069</Caption>
					<DataType>System.Byte[]</DataType>
					<DisplayWidth>Auto</DisplayWidth>
					<UserDefined>false</UserDefined>
				</AxReportDataSetField>
				<AxReportDataSetField>
					<Name>CompanyName</Name>
					<Alias>MCSFreeTextInvoiceTmp.1.CompanyName</Alias>
					<Caption>@SYS7399</Caption>
					<DisplayWidth>Auto</DisplayWidth>
					<UserDefined>false</UserDefined>
				</AxReportDataSetField>
				<AxReportDataSetField>
					<Name>CompanyPhone</Name>
					<Alias>MCSFreeTextInvoiceTmp.1.CompanyPhone</Alias>
					<Caption>@SYS7869</Caption>
					<DisplayWidth>Auto</DisplayWidth>
					<UserDefined>false</UserDefined>
				</AxReportDataSetField>
				<AxReportDataSetField>
					<Name>CompanyTeleFax</Name>
					<Alias>MCSFreeTextInvoiceTmp.1.CompanyTeleFax</Alias>
					<Caption>@SYS7888</Caption>
					<DisplayWidth>Auto</DisplayWidth>
					<UserDefined>false</UserDefined>
				</AxReportDataSetField>
				<AxReportDataSetField>
					<Name>CompanyVATNum</Name>
					<Alias>MCSFreeTextInvoiceTmp.1.CompanyVATNum</Alias>
					<Caption>@SYS8946</Caption>
					<DisplayWidth>Auto</DisplayWidth>
					<UserDefined>false</UserDefined>
				</AxReportDataSetField>
				<AxReportDataSetField>
					<Name>CurrencyCode</Name>
					<Alias>MCSFreeTextInvoiceTmp.1.CurrencyCode</Alias>
					<Caption>@SYS7572</Caption>
					<DisplayWidth>Auto</DisplayWidth>
					<UserDefined>false</UserDefined>
				</AxReportDataSetField>
				<AxReportDataSetField>
					<Name>Description</Name>
					<Alias>MCSFreeTextInvoiceTmp.1.Description</Alias>
					<Caption>@SYS7576</Caption>
					<DisplayWidth>Auto</DisplayWidth>
					<UserDefined>false</UserDefined>
				</AxReportDataSetField>
				<AxReportDataSetField>
					<Name>Details</Name>
					<Alias>MCSFreeTextInvoiceTmp.1.Details</Alias>
					<Caption>@SYS7576</Caption>
					<DisplayWidth>Auto</DisplayWidth>
					<UserDefined>false</UserDefined>
				</AxReportDataSetField>
				<AxReportDataSetField>
					<Name>DueDate</Name>
					<Alias>MCSFreeTextInvoiceTmp.1.DueDate</Alias>
					<Caption>@SYS7402</Caption>
					<DataType>System.DateTime</DataType>
					<DisplayWidth>Auto</DisplayWidth>
					<UserDefined>false</UserDefined>
				</AxReportDataSetField>
				<AxReportDataSetField>
					<Name>GSTTotal</Name>
					<Alias>MCSFreeTextInvoiceTmp.1.GSTTotal</Alias>
					<Caption>@SYS860</Caption>
					<DataType>System.Double</DataType>
					<DisplayWidth>Auto</DisplayWidth>
					<UserDefined>false</UserDefined>
				</AxReportDataSetField>
				<AxReportDataSetField>
					<Name>InvoiceId</Name>
					<Alias>MCSFreeTextInvoiceTmp.1.InvoiceId</Alias>
					<Caption>@SYS12128</Caption>
					<DisplayWidth>Auto</DisplayWidth>
					<UserDefined>false</UserDefined>
				</AxReportDataSetField>
				<AxReportDataSetField>
					<Name>MCSAccountNum</Name>
					<Alias>MCSFreeTextInvoiceTmp.1.MCSAccountNum</Alias>
					<Caption>@SYS68772</Caption>
					<DisplayWidth>Auto</DisplayWidth>
					<UserDefined>false</UserDefined>
				</AxReportDataSetField>
				<AxReportDataSetField>
					<Name>MCSBankNameAndAddress</Name>
					<Alias>MCSFreeTextInvoiceTmp.1.MCSBankNameAndAddress</Alias>
					<Caption>@SYS7399</Caption>
					<DisplayWidth>Auto</DisplayWidth>
					<UserDefined>false</UserDefined>
				</AxReportDataSetField>
				<AxReportDataSetField>
					<Name>MCSCompanyName</Name>
					<Alias>MCSFreeTextInvoiceTmp.1.MCSCompanyName</Alias>
					<Caption>@SYS7399</Caption>
					<DisplayWidth>Auto</DisplayWidth>
					<UserDefined>false</UserDefined>
				</AxReportDataSetField>
				<AxReportDataSetField>
					<Name>MCSRegistrationNum</Name>
					<Alias>MCSFreeTextInvoiceTmp.1.MCSRegistrationNum</Alias>
					<Caption>@SYS22457</Caption>
					<DisplayWidth>Auto</DisplayWidth>
					<UserDefined>false</UserDefined>
				</AxReportDataSetField>
				<AxReportDataSetField>
					<Name>SubTotal</Name>
					<Alias>MCSFreeTextInvoiceTmp.1.SubTotal</Alias>
					<Caption>@SYS860</Caption>
					<DataType>System.Double</DataType>
					<DisplayWidth>Auto</DisplayWidth>
					<UserDefined>false</UserDefined>
				</AxReportDataSetField>
				<AxReportDataSetField>
					<Name>Total</Name>
					<Alias>MCSFreeTextInvoiceTmp.1.Total</Alias>
					<Caption>@SYS860</Caption>
					<DataType>System.Double</DataType>
					<DisplayWidth>Auto</DisplayWidth>
					<UserDefined>false</UserDefined>
				</AxReportDataSetField>
				<AxReportDataSetField>
					<Name>TransDate</Name>
					<Alias>MCSFreeTextInvoiceTmp.1.TransDate</Alias>
					<Caption>@SYS7402</Caption>
					<DataType>System.DateTime</DataType>
					<DisplayWidth>Auto</DisplayWidth>
					<UserDefined>false</UserDefined>
				</AxReportDataSetField>
			</Fields>
			<Parameters>
				<AxReportDataSetParameter>
					<Name>AX_PartitionKey</Name>
					<Alias>AX_PartitionKey</Alias>
					<DataType>System.String</DataType>
					<Parameter>AX_PartitionKey</Parameter>
				</AxReportDataSetParameter>
				<AxReportDataSetParameter>
					<Name>AX_CompanyName</Name>
					<Alias>AX_CompanyName</Alias>
					<DataType>System.String</DataType>
					<Parameter>AX_CompanyName</Parameter>
				</AxReportDataSetParameter>
				<AxReportDataSetParameter>
					<Name>AX_UserContext</Name>
					<Alias>AX_UserContext</Alias>
					<DataType>System.String</DataType>
					<Parameter>AX_UserContext</Parameter>
				</AxReportDataSetParameter>
				<AxReportDataSetParameter>
					<Name>AX_RenderingCulture</Name>
					<Alias>AX_RenderingCulture</Alias>
					<DataType>System.String</DataType>
					<Parameter>AX_RenderingCulture</Parameter>
				</AxReportDataSetParameter>
				<AxReportDataSetParameter>
					<Name>AX_ReportContext</Name>
					<Alias>AX_ReportContext</Alias>
					<DataType>System.String</DataType>
					<Parameter>AX_ReportContext</Parameter>
				</AxReportDataSetParameter>
				<AxReportDataSetParameter>
					<Name>AX_RdpPreProcessedId</Name>
					<Alias>AX_RdpPreProcessedId</Alias>
					<DataType>System.String</DataType>
					<Parameter>AX_RdpPreProcessedId</Parameter>
				</AxReportDataSetParameter>
				<AxReportDataSetParameter>
					<Name>custInvoiceId</Name>
					<Alias>custInvoiceId</Alias>
					<DataType>System.Int64</DataType>
					<Parameter>FreeTextInvoice_custInvoiceId</Parameter>
				</AxReportDataSetParameter>
			</Parameters>
		</AxReportDataSet>
	</DataSets>
	<DefaultParameterGroup>
		<Name xmlns="">Parameters</Name>
		<ReportParameterBases xmlns="">
			<AxReportParameterBase xmlns=""
				i:type="AxReportParameter">
				<Name>FreeTextInvoice_DynamicParameter</Name>
				<AllowBlank>true</AllowBlank>
				<DataType>Microsoft.Dynamics.AX.Framework.Services.Client.QueryMetadata</DataType>
				<Nullable>true</Nullable>
				<UserVisibility>Hidden</UserVisibility>
				<DefaultValue />
				<Values />
			</AxReportParameterBase>
			<AxReportParameterBase xmlns=""
				i:type="AxReportParameter">
				<Name>AX_PartitionKey</Name>
				<AllowBlank>true</AllowBlank>
				<Nullable>true</Nullable>
				<UserVisibility>Hidden</UserVisibility>
				<DefaultValue />
				<Values />
			</AxReportParameterBase>
			<AxReportParameterBase xmlns=""
				i:type="AxReportParameter">
				<Name>AX_CompanyName</Name>
				<UserVisibility>Hidden</UserVisibility>
				<DefaultValue />
				<Values />
			</AxReportParameterBase>
			<AxReportParameterBase xmlns=""
				i:type="AxReportParameter">
				<Name>AX_UserContext</Name>
				<AllowBlank>true</AllowBlank>
				<Nullable>true</Nullable>
				<UserVisibility>Hidden</UserVisibility>
				<DefaultValue />
				<Values />
			</AxReportParameterBase>
			<AxReportParameterBase xmlns=""
				i:type="AxReportParameter">
				<Name>AX_RenderingCulture</Name>
				<AllowBlank>true</AllowBlank>
				<Nullable>true</Nullable>
				<UserVisibility>Hidden</UserVisibility>
				<DefaultValue />
				<Values />
			</AxReportParameterBase>
			<AxReportParameterBase xmlns=""
				i:type="AxReportParameter">
				<Name>AX_ReportContext</Name>
				<AllowBlank>true</AllowBlank>
				<Nullable>true</Nullable>
				<UserVisibility>Hidden</UserVisibility>
				<DefaultValue />
				<Values />
			</AxReportParameterBase>
			<AxReportParameterBase xmlns=""
				i:type="AxReportParameter">
				<Name>AX_RdpPreProcessedId</Name>
				<AllowBlank>true</AllowBlank>
				<Nullable>true</Nullable>
				<UserVisibility>Hidden</UserVisibility>
				<DefaultValue />
				<Values />
			</AxReportParameterBase>
			<AxReportParameterBase xmlns=""
				i:type="AxReportParameter">
				<Name>FreeTextInvoice_custInvoiceId</Name>
				<DataType>System.Int64</DataType>
				<DefaultValue />
				<Values />
			</AxReportParameterBase>
		</ReportParameterBases>
	</DefaultParameterGroup>
	<Designs>
		<AxReportDesign xmlns=""
			i:type="AxReportPrecisionDesign">
			<Name>PrecisionDesign1</Name>
			<Text>&lt;?xml version="1.0" encoding="utf-8"?&gt;
&lt;Report xmlns="http://schemas.microsoft.com/sqlserver/reporting/2016/01/reportdefinition" xmlns:rd="http://schemas.microsoft.com/SQLServer/reporting/reportdesigner"&gt;
  &lt;AutoRefresh&gt;0&lt;/AutoRefresh&gt;
  &lt;DataSources&gt;
    &lt;DataSource Name="AutoGen__ReportDataProvider"&gt;
      &lt;Transaction&gt;true&lt;/Transaction&gt;
      &lt;ConnectionProperties&gt;
        &lt;DataProvider&gt;AXREPORTDATAPROVIDER&lt;/DataProvider&gt;
        &lt;ConnectString /&gt;
        &lt;IntegratedSecurity&gt;true&lt;/IntegratedSecurity&gt;
      &lt;/ConnectionProperties&gt;
      &lt;rd:DataSourceID&gt;4c951f8a-9ce7-49c9-b1af-1b2fddbd2e46&lt;/rd:DataSourceID&gt;
    &lt;/DataSource&gt;
  &lt;/DataSources&gt;
  &lt;DataSets&gt;
    &lt;DataSet Name="FreeTextInvoice"&gt;
      &lt;Query&gt;
        &lt;DataSourceName&gt;AutoGen__ReportDataProvider&lt;/DataSourceName&gt;
        &lt;QueryParameters&gt;
          &lt;QueryParameter Name="AX_PartitionKey"&gt;
            &lt;Value&gt;=Parameters!AX_PartitionKey.Value&lt;/Value&gt;
          &lt;/QueryParameter&gt;
          &lt;QueryParameter Name="AX_CompanyName"&gt;
            &lt;Value&gt;=Parameters!AX_CompanyName.Value&lt;/Value&gt;
          &lt;/QueryParameter&gt;
          &lt;QueryParameter Name="AX_UserContext"&gt;
            &lt;Value&gt;=Parameters!AX_UserContext.Value&lt;/Value&gt;
          &lt;/QueryParameter&gt;
          &lt;QueryParameter Name="AX_RenderingCulture"&gt;
            &lt;Value&gt;=Parameters!AX_RenderingCulture.Value&lt;/Value&gt;
          &lt;/QueryParameter&gt;
          &lt;QueryParameter Name="AX_ReportContext"&gt;
            &lt;Value&gt;=Parameters!AX_ReportContext.Value&lt;/Value&gt;
          &lt;/QueryParameter&gt;
          &lt;QueryParameter Name="AX_RdpPreProcessedId"&gt;
            &lt;Value&gt;=Parameters!AX_RdpPreProcessedId.Value&lt;/Value&gt;
          &lt;/QueryParameter&gt;
          &lt;QueryParameter Name="custInvoiceId"&gt;
            &lt;Value&gt;=Parameters!FreeTextInvoice_custInvoiceId.Value&lt;/Value&gt;
          &lt;/QueryParameter&gt;
        &lt;/QueryParameters&gt;
        &lt;CommandText&gt;SELECT * FROM MCSFreeTextInvoiceDp.MCSFreeTextInvoiceTmp&lt;/CommandText&gt;
        &lt;rd:UseGenericDesigner&gt;true&lt;/rd:UseGenericDesigner&gt;
      &lt;/Query&gt;
      &lt;Fields&gt;
        &lt;Field Name="Addressing"&gt;
          &lt;DataField&gt;MCSFreeTextInvoiceTmp.1.Addressing&lt;/DataField&gt;
          &lt;rd:TypeName&gt;System.String&lt;/rd:TypeName&gt;
        &lt;/Field&gt;
        &lt;Field Name="AmountCur"&gt;
          &lt;DataField&gt;MCSFreeTextInvoiceTmp.1.AmountCur&lt;/DataField&gt;
          &lt;rd:TypeName&gt;System.Double&lt;/rd:TypeName&gt;
        &lt;/Field&gt;
        &lt;Field Name="AmountPaid"&gt;
          &lt;DataField&gt;MCSFreeTextInvoiceTmp.1.AmountPaid&lt;/DataField&gt;
          &lt;rd:TypeName&gt;System.Double&lt;/rd:TypeName&gt;
        &lt;/Field&gt;
        &lt;Field Name="BalanceDue"&gt;
          &lt;DataField&gt;MCSFreeTextInvoiceTmp.1.BalanceDue&lt;/DataField&gt;
          &lt;rd:TypeName&gt;System.Double&lt;/rd:TypeName&gt;
        &lt;/Field&gt;
        &lt;Field Name="CompanyAddress"&gt;
          &lt;DataField&gt;MCSFreeTextInvoiceTmp.1.CompanyAddress&lt;/DataField&gt;
          &lt;rd:TypeName&gt;System.String&lt;/rd:TypeName&gt;
        &lt;/Field&gt;
        &lt;Field Name="CompanyCoRegNum"&gt;
          &lt;DataField&gt;MCSFreeTextInvoiceTmp.1.CompanyCoRegNum&lt;/DataField&gt;
          &lt;rd:TypeName&gt;System.String&lt;/rd:TypeName&gt;
        &lt;/Field&gt;
        &lt;Field Name="CompanyGiro"&gt;
          &lt;DataField&gt;MCSFreeTextInvoiceTmp.1.CompanyGiro&lt;/DataField&gt;
          &lt;rd:TypeName&gt;System.String&lt;/rd:TypeName&gt;
        &lt;/Field&gt;
        &lt;Field Name="CompanyLogo"&gt;
          &lt;DataField&gt;MCSFreeTextInvoiceTmp.1.CompanyLogo&lt;/DataField&gt;
          &lt;rd:TypeName&gt;System.Byte[]&lt;/rd:TypeName&gt;
        &lt;/Field&gt;
        &lt;Field Name="CompanyName"&gt;
          &lt;DataField&gt;MCSFreeTextInvoiceTmp.1.CompanyName&lt;/DataField&gt;
          &lt;rd:TypeName&gt;System.String&lt;/rd:TypeName&gt;
        &lt;/Field&gt;
        &lt;Field Name="CompanyPhone"&gt;
          &lt;DataField&gt;MCSFreeTextInvoiceTmp.1.CompanyPhone&lt;/DataField&gt;
          &lt;rd:TypeName&gt;System.String&lt;/rd:TypeName&gt;
        &lt;/Field&gt;
        &lt;Field Name="CompanyTeleFax"&gt;
          &lt;DataField&gt;MCSFreeTextInvoiceTmp.1.CompanyTeleFax&lt;/DataField&gt;
          &lt;rd:TypeName&gt;System.String&lt;/rd:TypeName&gt;
        &lt;/Field&gt;
        &lt;Field Name="CompanyVATNum"&gt;
          &lt;DataField&gt;MCSFreeTextInvoiceTmp.1.CompanyVATNum&lt;/DataField&gt;
          &lt;rd:TypeName&gt;System.String&lt;/rd:TypeName&gt;
        &lt;/Field&gt;
        &lt;Field Name="CurrencyCode"&gt;
          &lt;DataField&gt;MCSFreeTextInvoiceTmp.1.CurrencyCode&lt;/DataField&gt;
          &lt;rd:TypeName&gt;System.String&lt;/rd:TypeName&gt;
        &lt;/Field&gt;
        &lt;Field Name="Description"&gt;
          &lt;DataField&gt;MCSFreeTextInvoiceTmp.1.Description&lt;/DataField&gt;
          &lt;rd:TypeName&gt;System.String&lt;/rd:TypeName&gt;
        &lt;/Field&gt;
        &lt;Field Name="Details"&gt;
          &lt;DataField&gt;MCSFreeTextInvoiceTmp.1.Details&lt;/DataField&gt;
          &lt;rd:TypeName&gt;System.String&lt;/rd:TypeName&gt;
        &lt;/Field&gt;
        &lt;Field Name="DueDate"&gt;
          &lt;DataField&gt;MCSFreeTextInvoiceTmp.1.DueDate&lt;/DataField&gt;
          &lt;rd:TypeName&gt;System.DateTime&lt;/rd:TypeName&gt;
        &lt;/Field&gt;
        &lt;Field Name="GSTTotal"&gt;
          &lt;DataField&gt;MCSFreeTextInvoiceTmp.1.GSTTotal&lt;/DataField&gt;
          &lt;rd:TypeName&gt;System.Double&lt;/rd:TypeName&gt;
        &lt;/Field&gt;
        &lt;Field Name="InvoiceId"&gt;
          &lt;DataField&gt;MCSFreeTextInvoiceTmp.1.InvoiceId&lt;/DataField&gt;
          &lt;rd:TypeName&gt;System.String&lt;/rd:TypeName&gt;
        &lt;/Field&gt;
        &lt;Field Name="MCSAccountNum"&gt;
          &lt;DataField&gt;MCSFreeTextInvoiceTmp.1.MCSAccountNum&lt;/DataField&gt;
          &lt;rd:TypeName&gt;System.String&lt;/rd:TypeName&gt;
        &lt;/Field&gt;
        &lt;Field Name="MCSBankNameAndAddress"&gt;
          &lt;DataField&gt;MCSFreeTextInvoiceTmp.1.MCSBankNameAndAddress&lt;/DataField&gt;
          &lt;rd:TypeName&gt;System.String&lt;/rd:TypeName&gt;
        &lt;/Field&gt;
        &lt;Field Name="MCSCompanyName"&gt;
          &lt;DataField&gt;MCSFreeTextInvoiceTmp.1.MCSCompanyName&lt;/DataField&gt;
          &lt;rd:TypeName&gt;System.String&lt;/rd:TypeName&gt;
        &lt;/Field&gt;
        &lt;Field Name="MCSRegistrationNum"&gt;
          &lt;DataField&gt;MCSFreeTextInvoiceTmp.1.MCSRegistrationNum&lt;/DataField&gt;
          &lt;rd:TypeName&gt;System.String&lt;/rd:TypeName&gt;
        &lt;/Field&gt;
        &lt;Field Name="SubTotal"&gt;
          &lt;DataField&gt;MCSFreeTextInvoiceTmp.1.SubTotal&lt;/DataField&gt;
          &lt;rd:TypeName&gt;System.Double&lt;/rd:TypeName&gt;
        &lt;/Field&gt;
        &lt;Field Name="Total"&gt;
          &lt;DataField&gt;MCSFreeTextInvoiceTmp.1.Total&lt;/DataField&gt;
          &lt;rd:TypeName&gt;System.Double&lt;/rd:TypeName&gt;
        &lt;/Field&gt;
        &lt;Field Name="TransDate"&gt;
          &lt;DataField&gt;MCSFreeTextInvoiceTmp.1.TransDate&lt;/DataField&gt;
          &lt;rd:TypeName&gt;System.DateTime&lt;/rd:TypeName&gt;
        &lt;/Field&gt;
      &lt;/Fields&gt;
      &lt;rd:DataSetInfo&gt;
        &lt;rd:DataSetName&gt;FreeTextInvoice&lt;/rd:DataSetName&gt;
        &lt;rd:TableName&gt;Fields&lt;/rd:TableName&gt;
        &lt;rd:TableAdapterFillMethod&gt;Fill&lt;/rd:TableAdapterFillMethod&gt;
        &lt;rd:TableAdapterGetDataMethod&gt;GetData&lt;/rd:TableAdapterGetDataMethod&gt;
        &lt;rd:TableAdapterName&gt;FieldsTableAdapter&lt;/rd:TableAdapterName&gt;
      &lt;/rd:DataSetInfo&gt;
    &lt;/DataSet&gt;
  &lt;/DataSets&gt;
  &lt;ReportSections&gt;
    &lt;ReportSection&gt;
      &lt;Body&gt;
        &lt;ReportItems&gt;
          &lt;Image Name="Logo"&gt;
            &lt;Source&gt;Database&lt;/Source&gt;
            &lt;Value&gt;=First(Fields!CompanyLogo.Value, "FreeTextInvoice")&lt;/Value&gt;
            &lt;MIMEType&gt;image/jpeg&lt;/MIMEType&gt;
            &lt;Sizing&gt;FitProportional&lt;/Sizing&gt;
            &lt;Top&gt;4.31458mm&lt;/Top&gt;
            &lt;Left&gt;11.45139mm&lt;/Left&gt;
            &lt;Height&gt;30mm&lt;/Height&gt;
            &lt;Width&gt;75.91756mm&lt;/Width&gt;
            &lt;Style&gt;
              &lt;Border&gt;
                &lt;Style&gt;None&lt;/Style&gt;
              &lt;/Border&gt;
            &lt;/Style&gt;
          &lt;/Image&gt;
          &lt;Textbox Name="Textbox1"&gt;
            &lt;CanGrow&gt;true&lt;/CanGrow&gt;
            &lt;KeepTogether&gt;true&lt;/KeepTogether&gt;
            &lt;Paragraphs&gt;
              &lt;Paragraph&gt;
                &lt;TextRuns&gt;
                  &lt;TextRun&gt;
                    &lt;Value&gt;INVOICE&lt;/Value&gt;
                    &lt;Style&gt;
                      &lt;FontSize&gt;18pt&lt;/FontSize&gt;
                      &lt;FontWeight&gt;Bold&lt;/FontWeight&gt;
                    &lt;/Style&gt;
                  &lt;/TextRun&gt;
                &lt;/TextRuns&gt;
                &lt;Style /&gt;
              &lt;/Paragraph&gt;
            &lt;/Paragraphs&gt;
            &lt;rd:DefaultName&gt;Textbox1&lt;/rd:DefaultName&gt;
            &lt;Top&gt;1.42041in&lt;/Top&gt;
            &lt;Left&gt;3.68278in&lt;/Left&gt;
            &lt;Height&gt;0.30556in&lt;/Height&gt;
            &lt;Width&gt;1.17361in&lt;/Width&gt;
            &lt;ZIndex&gt;1&lt;/ZIndex&gt;
            &lt;Style&gt;
              &lt;Border&gt;
                &lt;Style&gt;None&lt;/Style&gt;
              &lt;/Border&gt;
              &lt;PaddingLeft&gt;2pt&lt;/PaddingLeft&gt;
              &lt;PaddingRight&gt;2pt&lt;/PaddingRight&gt;
              &lt;PaddingTop&gt;2pt&lt;/PaddingTop&gt;
              &lt;PaddingBottom&gt;2pt&lt;/PaddingBottom&gt;
            &lt;/Style&gt;
          &lt;/Textbox&gt;
          &lt;Rectangle Name="Rectangle1"&gt;
            &lt;KeepTogether&gt;true&lt;/KeepTogether&gt;
            &lt;Top&gt;1.905in&lt;/Top&gt;
            &lt;Left&gt;0.45084in&lt;/Left&gt;
            &lt;Height&gt;1in&lt;/Height&gt;
            &lt;Width&gt;4.50971in&lt;/Width&gt;
            &lt;ZIndex&gt;2&lt;/ZIndex&gt;
            &lt;Style&gt;
              &lt;Border&gt;
                &lt;Style&gt;Solid&lt;/Style&gt;
              &lt;/Border&gt;
              &lt;TopBorder&gt;
                &lt;Color&gt;Black&lt;/Color&gt;
                &lt;Style&gt;Solid&lt;/Style&gt;
                &lt;Width&gt;1pt&lt;/Width&gt;
              &lt;/TopBorder&gt;
              &lt;BottomBorder&gt;
                &lt;Color&gt;Black&lt;/Color&gt;
                &lt;Style&gt;Solid&lt;/Style&gt;
                &lt;Width&gt;1pt&lt;/Width&gt;
              &lt;/BottomBorder&gt;
              &lt;LeftBorder&gt;
                &lt;Color&gt;Black&lt;/Color&gt;
                &lt;Style&gt;Solid&lt;/Style&gt;
                &lt;Width&gt;1pt&lt;/Width&gt;
              &lt;/LeftBorder&gt;
              &lt;RightBorder&gt;
                &lt;Color&gt;Black&lt;/Color&gt;
                &lt;Style&gt;Solid&lt;/Style&gt;
                &lt;Width&gt;1pt&lt;/Width&gt;
              &lt;/RightBorder&gt;
            &lt;/Style&gt;
          &lt;/Rectangle&gt;
          &lt;Rectangle Name="Rectangle2"&gt;
            &lt;KeepTogether&gt;true&lt;/KeepTogether&gt;
            &lt;Top&gt;1.905in&lt;/Top&gt;
            &lt;Left&gt;5.07848in&lt;/Left&gt;
            &lt;Height&gt;1in&lt;/Height&gt;
            &lt;Width&gt;3.06527in&lt;/Width&gt;
            &lt;ZIndex&gt;3&lt;/ZIndex&gt;
            &lt;Style&gt;
              &lt;Border&gt;
                &lt;Style&gt;Solid&lt;/Style&gt;
              &lt;/Border&gt;
              &lt;TopBorder&gt;
                &lt;Color&gt;Black&lt;/Color&gt;
                &lt;Style&gt;Solid&lt;/Style&gt;
                &lt;Width&gt;1pt&lt;/Width&gt;
              &lt;/TopBorder&gt;
              &lt;BottomBorder&gt;
                &lt;Color&gt;Black&lt;/Color&gt;
                &lt;Style&gt;Solid&lt;/Style&gt;
                &lt;Width&gt;1pt&lt;/Width&gt;
              &lt;/BottomBorder&gt;
              &lt;LeftBorder&gt;
                &lt;Color&gt;Black&lt;/Color&gt;
                &lt;Style&gt;Solid&lt;/Style&gt;
                &lt;Width&gt;1pt&lt;/Width&gt;
              &lt;/LeftBorder&gt;
              &lt;RightBorder&gt;
                &lt;Color&gt;Black&lt;/Color&gt;
                &lt;Style&gt;Solid&lt;/Style&gt;
                &lt;Width&gt;1pt&lt;/Width&gt;
              &lt;/RightBorder&gt;
            &lt;/Style&gt;
          &lt;/Rectangle&gt;
          &lt;Rectangle Name="Rectangle3"&gt;
            &lt;ReportItems&gt;
              &lt;Textbox Name="Textbox38"&gt;
                &lt;CanGrow&gt;true&lt;/CanGrow&gt;
                &lt;KeepTogether&gt;true&lt;/KeepTogether&gt;
                &lt;Paragraphs&gt;
                  &lt;Paragraph&gt;
                    &lt;TextRuns&gt;
                      &lt;TextRun&gt;
                        &lt;Value&gt;="Invoice Description" + VbCrLf  + First(Fields!Description.Value, "FreeTextInvoice")&lt;/Value&gt;
                        &lt;Style /&gt;
                      &lt;/TextRun&gt;
                    &lt;/TextRuns&gt;
                    &lt;Style /&gt;
                  &lt;/Paragraph&gt;
                &lt;/Paragraphs&gt;
                &lt;rd:DefaultName&gt;Textbox38&lt;/rd:DefaultName&gt;
                &lt;Top&gt;0.12375in&lt;/Top&gt;
                &lt;Left&gt;0.17307in&lt;/Left&gt;
                &lt;Height&gt;0.32639in&lt;/Height&gt;
                &lt;Width&gt;6.44444in&lt;/Width&gt;
                &lt;Style&gt;
                  &lt;Border&gt;
                    &lt;Style&gt;None&lt;/Style&gt;
                  &lt;/Border&gt;
                  &lt;PaddingLeft&gt;2pt&lt;/PaddingLeft&gt;
                  &lt;PaddingRight&gt;2pt&lt;/PaddingRight&gt;
                  &lt;PaddingTop&gt;2pt&lt;/PaddingTop&gt;
                  &lt;PaddingBottom&gt;2pt&lt;/PaddingBottom&gt;
                &lt;/Style&gt;
              &lt;/Textbox&gt;
            &lt;/ReportItems&gt;
            &lt;KeepTogether&gt;true&lt;/KeepTogether&gt;
            &lt;Top&gt;3.02431in&lt;/Top&gt;
            &lt;Left&gt;0.45085in&lt;/Left&gt;
            &lt;Height&gt;0.625in&lt;/Height&gt;
            &lt;Width&gt;7.6929in&lt;/Width&gt;
            &lt;ZIndex&gt;4&lt;/ZIndex&gt;
            &lt;Style&gt;
              &lt;Border&gt;
                &lt;Style&gt;Solid&lt;/Style&gt;
              &lt;/Border&gt;
              &lt;TopBorder&gt;
                &lt;Color&gt;Black&lt;/Color&gt;
                &lt;Style&gt;Solid&lt;/Style&gt;
                &lt;Width&gt;1pt&lt;/Width&gt;
              &lt;/TopBorder&gt;
              &lt;BottomBorder&gt;
                &lt;Color&gt;Black&lt;/Color&gt;
                &lt;Style&gt;Solid&lt;/Style&gt;
                &lt;Width&gt;1pt&lt;/Width&gt;
              &lt;/BottomBorder&gt;
              &lt;LeftBorder&gt;
                &lt;Color&gt;Black&lt;/Color&gt;
                &lt;Style&gt;Solid&lt;/Style&gt;
                &lt;Width&gt;1pt&lt;/Width&gt;
              &lt;/LeftBorder&gt;
              &lt;RightBorder&gt;
                &lt;Color&gt;Black&lt;/Color&gt;
                &lt;Style&gt;Solid&lt;/Style&gt;
                &lt;Width&gt;1pt&lt;/Width&gt;
              &lt;/RightBorder&gt;
            &lt;/Style&gt;
          &lt;/Rectangle&gt;
          &lt;Rectangle Name="Rectangle4"&gt;
            &lt;ReportItems&gt;
              &lt;Textbox Name="Textbox18"&gt;
                &lt;CanGrow&gt;true&lt;/CanGrow&gt;
                &lt;KeepTogether&gt;true&lt;/KeepTogether&gt;
                &lt;Paragraphs&gt;
                  &lt;Paragraph&gt;
                    &lt;TextRuns&gt;
                      &lt;TextRun&gt;
                        &lt;Value&gt;Account&lt;/Value&gt;
                        &lt;Style&gt;
                          &lt;FontStyle&gt;Normal&lt;/FontStyle&gt;
                          &lt;FontFamily&gt;Segoe UI&lt;/FontFamily&gt;
                          &lt;FontSize&gt;8pt&lt;/FontSize&gt;
                          &lt;FontWeight&gt;Bold&lt;/FontWeight&gt;
                          &lt;TextDecoration&gt;None&lt;/TextDecoration&gt;
                          &lt;Color&gt;#000000&lt;/Color&gt;
                        &lt;/Style&gt;
                      &lt;/TextRun&gt;
                    &lt;/TextRuns&gt;
                    &lt;Style&gt;
                      &lt;TextAlign&gt;Left&lt;/TextAlign&gt;
                    &lt;/Style&gt;
                  &lt;/Paragraph&gt;
                &lt;/Paragraphs&gt;
                &lt;rd:DefaultName&gt;Textbox13&lt;/rd:DefaultName&gt;
                &lt;Top&gt;14.11324cm&lt;/Top&gt;
                &lt;Left&gt;0.12596cm&lt;/Left&gt;
                &lt;Height&gt;0.6cm&lt;/Height&gt;
                &lt;Width&gt;1.9531cm&lt;/Width&gt;
                &lt;Style&gt;
                  &lt;Border&gt;
                    &lt;Style&gt;None&lt;/Style&gt;
                  &lt;/Border&gt;
                  &lt;PaddingLeft&gt;2pt&lt;/PaddingLeft&gt;
                  &lt;PaddingRight&gt;2pt&lt;/PaddingRight&gt;
                  &lt;PaddingTop&gt;2pt&lt;/PaddingTop&gt;
                  &lt;PaddingBottom&gt;2pt&lt;/PaddingBottom&gt;
                &lt;/Style&gt;
              &lt;/Textbox&gt;
              &lt;Textbox Name="Textbox19"&gt;
                &lt;CanGrow&gt;true&lt;/CanGrow&gt;
                &lt;KeepTogether&gt;true&lt;/KeepTogether&gt;
                &lt;Paragraphs&gt;
                  &lt;Paragraph&gt;
                    &lt;TextRuns&gt;
                      &lt;TextRun&gt;
                        &lt;Value&gt;=First(Fields!MCSCompanyName.Value, "FreeTextInvoice")&lt;/Value&gt;
                        &lt;Style&gt;
                          &lt;FontStyle&gt;Normal&lt;/FontStyle&gt;
                          &lt;FontFamily&gt;Segoe UI&lt;/FontFamily&gt;
                          &lt;FontSize&gt;8pt&lt;/FontSize&gt;
                          &lt;TextDecoration&gt;None&lt;/TextDecoration&gt;
                          &lt;Color&gt;#000000&lt;/Color&gt;
                        &lt;/Style&gt;
                      &lt;/TextRun&gt;
                    &lt;/TextRuns&gt;
                    &lt;Style&gt;
                      &lt;TextAlign&gt;Left&lt;/TextAlign&gt;
                    &lt;/Style&gt;
                  &lt;/Paragraph&gt;
                &lt;/Paragraphs&gt;
                &lt;rd:DefaultName&gt;Textbox13&lt;/rd:DefaultName&gt;
                &lt;Top&gt;14.11324cm&lt;/Top&gt;
                &lt;Left&gt;2.25544cm&lt;/Left&gt;
                &lt;Height&gt;0.6cm&lt;/Height&gt;
                &lt;Width&gt;5.33631cm&lt;/Width&gt;
                &lt;ZIndex&gt;1&lt;/ZIndex&gt;
                &lt;Style&gt;
                  &lt;Border&gt;
                    &lt;Style&gt;None&lt;/Style&gt;
                  &lt;/Border&gt;
                  &lt;PaddingLeft&gt;2pt&lt;/PaddingLeft&gt;
                  &lt;PaddingRight&gt;2pt&lt;/PaddingRight&gt;
                  &lt;PaddingTop&gt;2pt&lt;/PaddingTop&gt;
                  &lt;PaddingBottom&gt;2pt&lt;/PaddingBottom&gt;
                &lt;/Style&gt;
              &lt;/Textbox&gt;
              &lt;Textbox Name="Textbox20"&gt;
                &lt;CanGrow&gt;true&lt;/CanGrow&gt;
                &lt;KeepTogether&gt;true&lt;/KeepTogether&gt;
                &lt;Paragraphs&gt;
                  &lt;Paragraph&gt;
                    &lt;TextRuns&gt;
                      &lt;TextRun&gt;
                        &lt;Value&gt;Name : Bank:&lt;/Value&gt;
                        &lt;Style&gt;
                          &lt;FontStyle&gt;Normal&lt;/FontStyle&gt;
                          &lt;FontFamily&gt;Segoe UI&lt;/FontFamily&gt;
                          &lt;FontSize&gt;8pt&lt;/FontSize&gt;
                          &lt;FontWeight&gt;Bold&lt;/FontWeight&gt;
                          &lt;TextDecoration&gt;None&lt;/TextDecoration&gt;
                          &lt;Color&gt;#000000&lt;/Color&gt;
                        &lt;/Style&gt;
                      &lt;/TextRun&gt;
                    &lt;/TextRuns&gt;
                    &lt;Style&gt;
                      &lt;TextAlign&gt;Left&lt;/TextAlign&gt;
                    &lt;/Style&gt;
                  &lt;/Paragraph&gt;
                &lt;/Paragraphs&gt;
                &lt;rd:DefaultName&gt;Textbox13&lt;/rd:DefaultName&gt;
                &lt;Top&gt;14.74851cm&lt;/Top&gt;
                &lt;Left&gt;0.12595cm&lt;/Left&gt;
                &lt;Height&gt;0.6cm&lt;/Height&gt;
                &lt;Width&gt;1.95311cm&lt;/Width&gt;
                &lt;ZIndex&gt;2&lt;/ZIndex&gt;
                &lt;Style&gt;
                  &lt;Border&gt;
                    &lt;Style&gt;None&lt;/Style&gt;
                  &lt;/Border&gt;
                  &lt;PaddingLeft&gt;2pt&lt;/PaddingLeft&gt;
                  &lt;PaddingRight&gt;2pt&lt;/PaddingRight&gt;
                  &lt;PaddingTop&gt;2pt&lt;/PaddingTop&gt;
                  &lt;PaddingBottom&gt;2pt&lt;/PaddingBottom&gt;
                &lt;/Style&gt;
              &lt;/Textbox&gt;
              &lt;Textbox Name="Textbox21"&gt;
                &lt;CanGrow&gt;true&lt;/CanGrow&gt;
                &lt;KeepTogether&gt;true&lt;/KeepTogether&gt;
                &lt;Paragraphs&gt;
                  &lt;Paragraph&gt;
                    &lt;TextRuns&gt;
                      &lt;TextRun&gt;
                        &lt;Value&gt;=First(Fields!MCSBankNameAndAddress.Value, "FreeTextInvoice")&lt;/Value&gt;
                        &lt;Style&gt;
                          &lt;FontStyle&gt;Normal&lt;/FontStyle&gt;
                          &lt;FontFamily&gt;Segoe UI&lt;/FontFamily&gt;
                          &lt;FontSize&gt;8pt&lt;/FontSize&gt;
                          &lt;TextDecoration&gt;None&lt;/TextDecoration&gt;
                          &lt;Color&gt;#000000&lt;/Color&gt;
                        &lt;/Style&gt;
                      &lt;/TextRun&gt;
                    &lt;/TextRuns&gt;
                    &lt;Style&gt;
                      &lt;TextAlign&gt;Left&lt;/TextAlign&gt;
                    &lt;/Style&gt;
                  &lt;/Paragraph&gt;
                &lt;/Paragraphs&gt;
                &lt;rd:DefaultName&gt;Textbox13&lt;/rd:DefaultName&gt;
                &lt;Top&gt;14.74851cm&lt;/Top&gt;
                &lt;Left&gt;2.25544cm&lt;/Left&gt;
                &lt;Height&gt;1.21256cm&lt;/Height&gt;
                &lt;Width&gt;5.33631cm&lt;/Width&gt;
                &lt;ZIndex&gt;3&lt;/ZIndex&gt;
                &lt;Style&gt;
                  &lt;Border&gt;
                    &lt;Style&gt;None&lt;/Style&gt;
                  &lt;/Border&gt;
                  &lt;PaddingLeft&gt;2pt&lt;/PaddingLeft&gt;
                  &lt;PaddingRight&gt;2pt&lt;/PaddingRight&gt;
                  &lt;PaddingTop&gt;2pt&lt;/PaddingTop&gt;
                  &lt;PaddingBottom&gt;2pt&lt;/PaddingBottom&gt;
                &lt;/Style&gt;
              &lt;/Textbox&gt;
              &lt;Textbox Name="Textbox24"&gt;
                &lt;CanGrow&gt;true&lt;/CanGrow&gt;
                &lt;KeepTogether&gt;true&lt;/KeepTogether&gt;
                &lt;Paragraphs&gt;
                  &lt;Paragraph&gt;
                    &lt;TextRuns&gt;
                      &lt;TextRun&gt;
                        &lt;Value&gt;Account No :&lt;/Value&gt;
                        &lt;Style&gt;
                          &lt;FontStyle&gt;Normal&lt;/FontStyle&gt;
                          &lt;FontFamily&gt;Segoe UI&lt;/FontFamily&gt;
                          &lt;FontSize&gt;8pt&lt;/FontSize&gt;
                          &lt;FontWeight&gt;Bold&lt;/FontWeight&gt;
                          &lt;TextDecoration&gt;None&lt;/TextDecoration&gt;
                          &lt;Color&gt;#000000&lt;/Color&gt;
                        &lt;/Style&gt;
                      &lt;/TextRun&gt;
                    &lt;/TextRuns&gt;
                    &lt;Style&gt;
                      &lt;TextAlign&gt;Left&lt;/TextAlign&gt;
                    &lt;/Style&gt;
                  &lt;/Paragraph&gt;
                &lt;/Paragraphs&gt;
                &lt;rd:DefaultName&gt;Textbox13&lt;/rd:DefaultName&gt;
                &lt;Top&gt;15.96107cm&lt;/Top&gt;
                &lt;Left&gt;0.12597cm&lt;/Left&gt;
                &lt;Height&gt;0.6cm&lt;/Height&gt;
                &lt;Width&gt;2.12109cm&lt;/Width&gt;
                &lt;ZIndex&gt;4&lt;/ZIndex&gt;
                &lt;Style&gt;
                  &lt;Border&gt;
                    &lt;Style&gt;None&lt;/Style&gt;
                  &lt;/Border&gt;
                  &lt;PaddingLeft&gt;2pt&lt;/PaddingLeft&gt;
                  &lt;PaddingRight&gt;2pt&lt;/PaddingRight&gt;
                  &lt;PaddingTop&gt;2pt&lt;/PaddingTop&gt;
                  &lt;PaddingBottom&gt;2pt&lt;/PaddingBottom&gt;
                &lt;/Style&gt;
              &lt;/Textbox&gt;
              &lt;Textbox Name="Textbox25"&gt;
                &lt;CanGrow&gt;true&lt;/CanGrow&gt;
                &lt;KeepTogether&gt;true&lt;/KeepTogether&gt;
                &lt;Paragraphs&gt;
                  &lt;Paragraph&gt;
                    &lt;TextRuns&gt;
                      &lt;TextRun&gt;
                        &lt;Value&gt;=First(Fields!MCSAccountNum.Value, "FreeTextInvoice")&lt;/Value&gt;
                        &lt;Style&gt;
                          &lt;FontStyle&gt;Normal&lt;/FontStyle&gt;
                          &lt;FontFamily&gt;Segoe UI&lt;/FontFamily&gt;
                          &lt;FontSize&gt;8pt&lt;/FontSize&gt;
                          &lt;TextDecoration&gt;None&lt;/TextDecoration&gt;
                          &lt;Color&gt;#000000&lt;/Color&gt;
                        &lt;/Style&gt;
                      &lt;/TextRun&gt;
                    &lt;/TextRuns&gt;
                    &lt;Style&gt;
                      &lt;TextAlign&gt;Left&lt;/TextAlign&gt;
                    &lt;/Style&gt;
                  &lt;/Paragraph&gt;
                &lt;/Paragraphs&gt;
                &lt;rd:DefaultName&gt;Textbox13&lt;/rd:DefaultName&gt;
                &lt;Top&gt;15.96107cm&lt;/Top&gt;
                &lt;Left&gt;2.24706cm&lt;/Left&gt;
                &lt;Height&gt;0.6cm&lt;/Height&gt;
                &lt;Width&gt;5.5127cm&lt;/Width&gt;
                &lt;ZIndex&gt;5&lt;/ZIndex&gt;
                &lt;Style&gt;
                  &lt;Border&gt;
                    &lt;Style&gt;None&lt;/Style&gt;
                  &lt;/Border&gt;
                  &lt;PaddingLeft&gt;2pt&lt;/PaddingLeft&gt;
                  &lt;PaddingRight&gt;2pt&lt;/PaddingRight&gt;
                  &lt;PaddingTop&gt;2pt&lt;/PaddingTop&gt;
                  &lt;PaddingBottom&gt;2pt&lt;/PaddingBottom&gt;
                &lt;/Style&gt;
              &lt;/Textbox&gt;
              &lt;Textbox Name="Textbox26"&gt;
                &lt;CanGrow&gt;true&lt;/CanGrow&gt;
                &lt;KeepTogether&gt;true&lt;/KeepTogether&gt;
                &lt;Paragraphs&gt;
                  &lt;Paragraph&gt;
                    &lt;TextRuns&gt;
                      &lt;TextRun&gt;
                        &lt;Value&gt;BSB No :&lt;/Value&gt;
                        &lt;Style&gt;
                          &lt;FontStyle&gt;Normal&lt;/FontStyle&gt;
                          &lt;FontFamily&gt;Segoe UI&lt;/FontFamily&gt;
                          &lt;FontSize&gt;8pt&lt;/FontSize&gt;
                          &lt;FontWeight&gt;Bold&lt;/FontWeight&gt;
                          &lt;TextDecoration&gt;None&lt;/TextDecoration&gt;
                          &lt;Color&gt;#000000&lt;/Color&gt;
                        &lt;/Style&gt;
                      &lt;/TextRun&gt;
                    &lt;/TextRuns&gt;
                    &lt;Style&gt;
                      &lt;TextAlign&gt;Left&lt;/TextAlign&gt;
                    &lt;/Style&gt;
                  &lt;/Paragraph&gt;
                &lt;/Paragraphs&gt;
                &lt;rd:DefaultName&gt;Textbox13&lt;/rd:DefaultName&gt;
                &lt;Top&gt;16.59634cm&lt;/Top&gt;
                &lt;Left&gt;0.12596cm&lt;/Left&gt;
                &lt;Height&gt;0.6cm&lt;/Height&gt;
                &lt;Width&gt;2.1211cm&lt;/Width&gt;
                &lt;ZIndex&gt;6&lt;/ZIndex&gt;
                &lt;Style&gt;
                  &lt;Border&gt;
                    &lt;Style&gt;None&lt;/Style&gt;
                  &lt;/Border&gt;
                  &lt;PaddingLeft&gt;2pt&lt;/PaddingLeft&gt;
                  &lt;PaddingRight&gt;2pt&lt;/PaddingRight&gt;
                  &lt;PaddingTop&gt;2pt&lt;/PaddingTop&gt;
                  &lt;PaddingBottom&gt;2pt&lt;/PaddingBottom&gt;
                &lt;/Style&gt;
              &lt;/Textbox&gt;
              &lt;Textbox Name="Textbox27"&gt;
                &lt;CanGrow&gt;true&lt;/CanGrow&gt;
                &lt;KeepTogether&gt;true&lt;/KeepTogether&gt;
                &lt;Paragraphs&gt;
                  &lt;Paragraph&gt;
                    &lt;TextRuns&gt;
                      &lt;TextRun&gt;
                        &lt;Value&gt;=First(Fields!MCSRegistrationNum.Value, "FreeTextInvoice")&lt;/Value&gt;
                        &lt;Style&gt;
                          &lt;FontStyle&gt;Normal&lt;/FontStyle&gt;
                          &lt;FontFamily&gt;Segoe UI&lt;/FontFamily&gt;
                          &lt;FontSize&gt;8pt&lt;/FontSize&gt;
                          &lt;TextDecoration&gt;None&lt;/TextDecoration&gt;
                          &lt;Color&gt;#000000&lt;/Color&gt;
                        &lt;/Style&gt;
                      &lt;/TextRun&gt;
                    &lt;/TextRuns&gt;
                    &lt;Style&gt;
                      &lt;TextAlign&gt;Left&lt;/TextAlign&gt;
                    &lt;/Style&gt;
                  &lt;/Paragraph&gt;
                &lt;/Paragraphs&gt;
                &lt;rd:DefaultName&gt;Textbox13&lt;/rd:DefaultName&gt;
                &lt;Top&gt;16.59634cm&lt;/Top&gt;
                &lt;Left&gt;2.24706cm&lt;/Left&gt;
                &lt;Height&gt;0.6cm&lt;/Height&gt;
                &lt;Width&gt;5.5127cm&lt;/Width&gt;
                &lt;ZIndex&gt;7&lt;/ZIndex&gt;
                &lt;Style&gt;
                  &lt;Border&gt;
                    &lt;Style&gt;None&lt;/Style&gt;
                  &lt;/Border&gt;
                  &lt;PaddingLeft&gt;2pt&lt;/PaddingLeft&gt;
                  &lt;PaddingRight&gt;2pt&lt;/PaddingRight&gt;
                  &lt;PaddingTop&gt;2pt&lt;/PaddingTop&gt;
                  &lt;PaddingBottom&gt;2pt&lt;/PaddingBottom&gt;
                &lt;/Style&gt;
              &lt;/Textbox&gt;
              &lt;Line Name="Line1"&gt;
                &lt;Top&gt;5.39111in&lt;/Top&gt;
                &lt;Left&gt;0in&lt;/Left&gt;
                &lt;Height&gt;0in&lt;/Height&gt;
                &lt;Width&gt;4.50971in&lt;/Width&gt;
                &lt;ZIndex&gt;8&lt;/ZIndex&gt;
                &lt;Style&gt;
                  &lt;Border&gt;
                    &lt;Style&gt;Solid&lt;/Style&gt;
                  &lt;/Border&gt;
                &lt;/Style&gt;
              &lt;/Line&gt;
              &lt;Tablix Name="Tablix2"&gt;
                &lt;TablixBody&gt;
                  &lt;TablixColumns&gt;
                    &lt;TablixColumn&gt;
                      &lt;Width&gt;4.23247in&lt;/Width&gt;
                    &lt;/TablixColumn&gt;
                  &lt;/TablixColumns&gt;
                  &lt;TablixRows&gt;
                    &lt;TablixRow&gt;
                      &lt;Height&gt;0.25in&lt;/Height&gt;
                      &lt;TablixCells&gt;
                        &lt;TablixCell&gt;
                          &lt;CellContents&gt;
                            &lt;Textbox Name="Details"&gt;
                              &lt;CanGrow&gt;true&lt;/CanGrow&gt;
                              &lt;KeepTogether&gt;true&lt;/KeepTogether&gt;
                              &lt;Paragraphs&gt;
                                &lt;Paragraph&gt;
                                  &lt;TextRuns&gt;
                                    &lt;TextRun&gt;
                                      &lt;Value&gt;=Fields!Details.Value&lt;/Value&gt;
                                      &lt;Style&gt;
                                        &lt;FontSize&gt;8pt&lt;/FontSize&gt;
                                      &lt;/Style&gt;
                                    &lt;/TextRun&gt;
                                  &lt;/TextRuns&gt;
                                  &lt;Style&gt;
                                    &lt;TextAlign&gt;Left&lt;/TextAlign&gt;
                                  &lt;/Style&gt;
                                &lt;/Paragraph&gt;
                              &lt;/Paragraphs&gt;
                              &lt;rd:DefaultName&gt;Details&lt;/rd:DefaultName&gt;
                              &lt;Style&gt;
                                &lt;Border&gt;
                                  &lt;Style&gt;None&lt;/Style&gt;
                                &lt;/Border&gt;
                                &lt;PaddingLeft&gt;2pt&lt;/PaddingLeft&gt;
                                &lt;PaddingRight&gt;2pt&lt;/PaddingRight&gt;
                                &lt;PaddingTop&gt;2pt&lt;/PaddingTop&gt;
                                &lt;PaddingBottom&gt;2pt&lt;/PaddingBottom&gt;
                              &lt;/Style&gt;
                            &lt;/Textbox&gt;
                          &lt;/CellContents&gt;
                        &lt;/TablixCell&gt;
                      &lt;/TablixCells&gt;
                    &lt;/TablixRow&gt;
                  &lt;/TablixRows&gt;
                &lt;/TablixBody&gt;
                &lt;TablixColumnHierarchy&gt;
                  &lt;TablixMembers&gt;
                    &lt;TablixMember /&gt;
                  &lt;/TablixMembers&gt;
                &lt;/TablixColumnHierarchy&gt;
                &lt;TablixRowHierarchy&gt;
                  &lt;TablixMembers&gt;
                    &lt;TablixMember&gt;
                      &lt;Group Name="Details" /&gt;
                    &lt;/TablixMember&gt;
                  &lt;/TablixMembers&gt;
                &lt;/TablixRowHierarchy&gt;
                &lt;DataSetName&gt;FreeTextInvoice&lt;/DataSetName&gt;
                &lt;Top&gt;0.13889in&lt;/Top&gt;
                &lt;Left&gt;0.17308in&lt;/Left&gt;
                &lt;Height&gt;0.25in&lt;/Height&gt;
                &lt;Width&gt;4.23247in&lt;/Width&gt;
                &lt;ZIndex&gt;9&lt;/ZIndex&gt;
                &lt;Style&gt;
                  &lt;Border&gt;
                    &lt;Style&gt;None&lt;/Style&gt;
                  &lt;/Border&gt;
                &lt;/Style&gt;
              &lt;/Tablix&gt;
            &lt;/ReportItems&gt;
            &lt;KeepTogether&gt;true&lt;/KeepTogether&gt;
            &lt;Top&gt;3.79167in&lt;/Top&gt;
            &lt;Left&gt;0.45084in&lt;/Left&gt;
            &lt;Height&gt;6.81944in&lt;/Height&gt;
            &lt;Width&gt;4.50971in&lt;/Width&gt;
            &lt;ZIndex&gt;5&lt;/ZIndex&gt;
            &lt;Style&gt;
              &lt;Border&gt;
                &lt;Style&gt;Solid&lt;/Style&gt;
              &lt;/Border&gt;
              &lt;TopBorder&gt;
                &lt;Color&gt;Black&lt;/Color&gt;
                &lt;Style&gt;Solid&lt;/Style&gt;
                &lt;Width&gt;1pt&lt;/Width&gt;
              &lt;/TopBorder&gt;
              &lt;BottomBorder&gt;
                &lt;Color&gt;Black&lt;/Color&gt;
                &lt;Style&gt;Solid&lt;/Style&gt;
                &lt;Width&gt;1pt&lt;/Width&gt;
              &lt;/BottomBorder&gt;
              &lt;LeftBorder&gt;
                &lt;Color&gt;Black&lt;/Color&gt;
                &lt;Style&gt;Solid&lt;/Style&gt;
                &lt;Width&gt;1pt&lt;/Width&gt;
              &lt;/LeftBorder&gt;
              &lt;RightBorder&gt;
                &lt;Color&gt;Black&lt;/Color&gt;
                &lt;Style&gt;Solid&lt;/Style&gt;
                &lt;Width&gt;1pt&lt;/Width&gt;
              &lt;/RightBorder&gt;
            &lt;/Style&gt;
          &lt;/Rectangle&gt;
          &lt;Rectangle Name="Rectangle5"&gt;
            &lt;ReportItems&gt;
              &lt;Line Name="Line2"&gt;
                &lt;Top&gt;5.39111in&lt;/Top&gt;
                &lt;Height&gt;0in&lt;/Height&gt;
                &lt;Width&gt;3.06527in&lt;/Width&gt;
                &lt;Style&gt;
                  &lt;Border&gt;
                    &lt;Style&gt;Solid&lt;/Style&gt;
                  &lt;/Border&gt;
                &lt;/Style&gt;
              &lt;/Line&gt;
              &lt;Tablix Name="Tablix3"&gt;
                &lt;TablixBody&gt;
                  &lt;TablixColumns&gt;
                    &lt;TablixColumn&gt;
                      &lt;Width&gt;2.76719in&lt;/Width&gt;
                    &lt;/TablixColumn&gt;
                  &lt;/TablixColumns&gt;
                  &lt;TablixRows&gt;
                    &lt;TablixRow&gt;
                      &lt;Height&gt;0.25in&lt;/Height&gt;
                      &lt;TablixCells&gt;
                        &lt;TablixCell&gt;
                          &lt;CellContents&gt;
                            &lt;Textbox Name="Textbox33"&gt;
                              &lt;CanGrow&gt;true&lt;/CanGrow&gt;
                              &lt;KeepTogether&gt;true&lt;/KeepTogether&gt;
                              &lt;Paragraphs&gt;
                                &lt;Paragraph&gt;
                                  &lt;TextRuns&gt;
                                    &lt;TextRun&gt;
                                      &lt;Value&gt;=Fields!AmountCur.Value&lt;/Value&gt;
                                      &lt;Style&gt;
                                        &lt;FontSize&gt;8pt&lt;/FontSize&gt;
                                        &lt;Format&gt;n2&lt;/Format&gt;
                                      &lt;/Style&gt;
                                    &lt;/TextRun&gt;
                                  &lt;/TextRuns&gt;
                                  &lt;Style&gt;
                                    &lt;TextAlign&gt;Right&lt;/TextAlign&gt;
                                  &lt;/Style&gt;
                                &lt;/Paragraph&gt;
                              &lt;/Paragraphs&gt;
                              &lt;rd:DefaultName&gt;Textbox32&lt;/rd:DefaultName&gt;
                              &lt;Style&gt;
                                &lt;Border&gt;
                                  &lt;Style&gt;None&lt;/Style&gt;
                                &lt;/Border&gt;
                                &lt;PaddingLeft&gt;2pt&lt;/PaddingLeft&gt;
                                &lt;PaddingRight&gt;2pt&lt;/PaddingRight&gt;
                                &lt;PaddingTop&gt;2pt&lt;/PaddingTop&gt;
                                &lt;PaddingBottom&gt;2pt&lt;/PaddingBottom&gt;
                              &lt;/Style&gt;
                            &lt;/Textbox&gt;
                          &lt;/CellContents&gt;
                        &lt;/TablixCell&gt;
                      &lt;/TablixCells&gt;
                    &lt;/TablixRow&gt;
                  &lt;/TablixRows&gt;
                &lt;/TablixBody&gt;
                &lt;TablixColumnHierarchy&gt;
                  &lt;TablixMembers&gt;
                    &lt;TablixMember /&gt;
                  &lt;/TablixMembers&gt;
                &lt;/TablixColumnHierarchy&gt;
                &lt;TablixRowHierarchy&gt;
                  &lt;TablixMembers&gt;
                    &lt;TablixMember&gt;
                      &lt;Group Name="Details2" /&gt;
                    &lt;/TablixMember&gt;
                  &lt;/TablixMembers&gt;
                &lt;/TablixRowHierarchy&gt;
                &lt;DataSetName&gt;FreeTextInvoice&lt;/DataSetName&gt;
                &lt;Top&gt;0.13889in&lt;/Top&gt;
                &lt;Left&gt;0.13599in&lt;/Left&gt;
                &lt;Height&gt;0.25in&lt;/Height&gt;
                &lt;Width&gt;2.76719in&lt;/Width&gt;
                &lt;ZIndex&gt;1&lt;/ZIndex&gt;
                &lt;Style&gt;
                  &lt;Border&gt;
                    &lt;Style&gt;None&lt;/Style&gt;
                  &lt;/Border&gt;
                &lt;/Style&gt;
              &lt;/Tablix&gt;
            &lt;/ReportItems&gt;
            &lt;KeepTogether&gt;true&lt;/KeepTogether&gt;
            &lt;Top&gt;3.79167in&lt;/Top&gt;
            &lt;Left&gt;5.07847in&lt;/Left&gt;
            &lt;Height&gt;6.81944in&lt;/Height&gt;
            &lt;Width&gt;3.06527in&lt;/Width&gt;
            &lt;ZIndex&gt;6&lt;/ZIndex&gt;
            &lt;Style&gt;
              &lt;Border&gt;
                &lt;Style&gt;Solid&lt;/Style&gt;
              &lt;/Border&gt;
              &lt;TopBorder&gt;
                &lt;Color&gt;Black&lt;/Color&gt;
                &lt;Style&gt;Solid&lt;/Style&gt;
                &lt;Width&gt;1pt&lt;/Width&gt;
              &lt;/TopBorder&gt;
              &lt;BottomBorder&gt;
                &lt;Color&gt;Black&lt;/Color&gt;
                &lt;Style&gt;Solid&lt;/Style&gt;
                &lt;Width&gt;1pt&lt;/Width&gt;
              &lt;/BottomBorder&gt;
              &lt;LeftBorder&gt;
                &lt;Color&gt;Black&lt;/Color&gt;
                &lt;Style&gt;Solid&lt;/Style&gt;
                &lt;Width&gt;1pt&lt;/Width&gt;
              &lt;/LeftBorder&gt;
              &lt;RightBorder&gt;
                &lt;Color&gt;Black&lt;/Color&gt;
                &lt;Style&gt;Solid&lt;/Style&gt;
                &lt;Width&gt;1pt&lt;/Width&gt;
              &lt;/RightBorder&gt;
            &lt;/Style&gt;
          &lt;/Rectangle&gt;
          &lt;Textbox Name="Textbox11"&gt;
            &lt;CanGrow&gt;true&lt;/CanGrow&gt;
            &lt;KeepTogether&gt;true&lt;/KeepTogether&gt;
            &lt;Paragraphs&gt;
              &lt;Paragraph&gt;
                &lt;TextRuns&gt;
                  &lt;TextRun&gt;
                    &lt;Value&gt;PO Box 807
Royal Exchange NSW 1225
&lt;/Value&gt;
                    &lt;Style&gt;
                      &lt;FontFamily&gt;Segoe UI&lt;/FontFamily&gt;
                      &lt;FontSize&gt;8pt&lt;/FontSize&gt;
                    &lt;/Style&gt;
                  &lt;/TextRun&gt;
                &lt;/TextRuns&gt;
                &lt;Style&gt;
                  &lt;TextAlign&gt;Left&lt;/TextAlign&gt;
                &lt;/Style&gt;
              &lt;/Paragraph&gt;
            &lt;/Paragraphs&gt;
            &lt;rd:DefaultName&gt;Textbox1&lt;/rd:DefaultName&gt;
            &lt;Top&gt;27.36999cm&lt;/Top&gt;
            &lt;Left&gt;5.32142cm&lt;/Left&gt;
            &lt;Height&gt;0.84017cm&lt;/Height&gt;
            &lt;Width&gt;3.58347cm&lt;/Width&gt;
            &lt;ZIndex&gt;7&lt;/ZIndex&gt;
            &lt;Style&gt;
              &lt;Border&gt;
                &lt;Style&gt;None&lt;/Style&gt;
              &lt;/Border&gt;
              &lt;PaddingLeft&gt;0mm&lt;/PaddingLeft&gt;
              &lt;PaddingRight&gt;0mm&lt;/PaddingRight&gt;
              &lt;PaddingTop&gt;0mm&lt;/PaddingTop&gt;
              &lt;PaddingBottom&gt;0mm&lt;/PaddingBottom&gt;
            &lt;/Style&gt;
          &lt;/Textbox&gt;
          &lt;Textbox Name="Textbox12"&gt;
            &lt;CanGrow&gt;true&lt;/CanGrow&gt;
            &lt;KeepTogether&gt;true&lt;/KeepTogether&gt;
            &lt;Paragraphs&gt;
              &lt;Paragraph&gt;
                &lt;TextRuns&gt;
                  &lt;TextRun&gt;
                    &lt;Value&gt;Housing Australia&lt;/Value&gt;
                    &lt;Style&gt;
                      &lt;FontFamily&gt;Segoe UI&lt;/FontFamily&gt;
                      &lt;FontSize&gt;8pt&lt;/FontSize&gt;
                      &lt;FontWeight&gt;Bold&lt;/FontWeight&gt;
                    &lt;/Style&gt;
                  &lt;/TextRun&gt;
                  &lt;TextRun&gt;
                    &lt;Value&gt;
ABN 22 498 714 570&lt;/Value&gt;
                    &lt;Style&gt;
                      &lt;FontFamily&gt;Segoe UI&lt;/FontFamily&gt;
                      &lt;FontSize&gt;8pt&lt;/FontSize&gt;
                    &lt;/Style&gt;
                  &lt;/TextRun&gt;
                &lt;/TextRuns&gt;
                &lt;Style&gt;
                  &lt;TextAlign&gt;Right&lt;/TextAlign&gt;
                &lt;/Style&gt;
              &lt;/Paragraph&gt;
            &lt;/Paragraphs&gt;
            &lt;rd:DefaultName&gt;Textbox1&lt;/rd:DefaultName&gt;
            &lt;Top&gt;27.36999cm&lt;/Top&gt;
            &lt;Left&gt;15.90558cm&lt;/Left&gt;
            &lt;Height&gt;0.84017cm&lt;/Height&gt;
            &lt;Width&gt;3.33581cm&lt;/Width&gt;
            &lt;ZIndex&gt;8&lt;/ZIndex&gt;
            &lt;Style&gt;
              &lt;Border&gt;
                &lt;Style&gt;None&lt;/Style&gt;
              &lt;/Border&gt;
              &lt;PaddingLeft&gt;0mm&lt;/PaddingLeft&gt;
              &lt;PaddingRight&gt;0mm&lt;/PaddingRight&gt;
              &lt;PaddingTop&gt;0mm&lt;/PaddingTop&gt;
              &lt;PaddingBottom&gt;0mm&lt;/PaddingBottom&gt;
            &lt;/Style&gt;
          &lt;/Textbox&gt;
          &lt;Textbox Name="Textbox14"&gt;
            &lt;CanGrow&gt;true&lt;/CanGrow&gt;
            &lt;KeepTogether&gt;true&lt;/KeepTogether&gt;
            &lt;Paragraphs&gt;
              &lt;Paragraph&gt;
                &lt;TextRuns&gt;
                  &lt;TextRun&gt;
                    &lt;Value&gt;T: +61 2 8273 5202
E: accountsreceivable@housingaustralia.gov.au&lt;/Value&gt;
                    &lt;Style&gt;
                      &lt;FontFamily&gt;Segoe UI&lt;/FontFamily&gt;
                      &lt;FontSize&gt;8pt&lt;/FontSize&gt;
                    &lt;/Style&gt;
                  &lt;/TextRun&gt;
                &lt;/TextRuns&gt;
                &lt;Style&gt;
                  &lt;TextAlign&gt;Left&lt;/TextAlign&gt;
                &lt;/Style&gt;
              &lt;/Paragraph&gt;
            &lt;/Paragraphs&gt;
            &lt;rd:DefaultName&gt;Textbox1&lt;/rd:DefaultName&gt;
            &lt;Top&gt;27.36999cm&lt;/Top&gt;
            &lt;Left&gt;9.721cm&lt;/Left&gt;
            &lt;Height&gt;0.84017cm&lt;/Height&gt;
            &lt;Width&gt;5.89698cm&lt;/Width&gt;
            &lt;ZIndex&gt;9&lt;/ZIndex&gt;
            &lt;Style&gt;
              &lt;Border&gt;
                &lt;Style&gt;None&lt;/Style&gt;
              &lt;/Border&gt;
              &lt;PaddingLeft&gt;0mm&lt;/PaddingLeft&gt;
              &lt;PaddingRight&gt;0mm&lt;/PaddingRight&gt;
              &lt;PaddingTop&gt;0mm&lt;/PaddingTop&gt;
              &lt;PaddingBottom&gt;0mm&lt;/PaddingBottom&gt;
            &lt;/Style&gt;
          &lt;/Textbox&gt;
          &lt;Textbox Name="Textbox13"&gt;
            &lt;CanGrow&gt;true&lt;/CanGrow&gt;
            &lt;KeepTogether&gt;true&lt;/KeepTogether&gt;
            &lt;Paragraphs&gt;
              &lt;Paragraph&gt;
                &lt;TextRuns&gt;
                  &lt;TextRun&gt;
                    &lt;Value&gt;=First(Fields!CompanyCoRegNum.Value, "FreeTextInvoice")&lt;/Value&gt;
                    &lt;Style&gt;
                      &lt;FontFamily&gt;Segoe UI&lt;/FontFamily&gt;
                      &lt;FontSize&gt;8pt&lt;/FontSize&gt;
                    &lt;/Style&gt;
                  &lt;/TextRun&gt;
                &lt;/TextRuns&gt;
                &lt;Style&gt;
                  &lt;TextAlign&gt;Left&lt;/TextAlign&gt;
                &lt;/Style&gt;
              &lt;/Paragraph&gt;
            &lt;/Paragraphs&gt;
            &lt;rd:DefaultName&gt;Textbox1&lt;/rd:DefaultName&gt;
            &lt;Top&gt;27.36999cm&lt;/Top&gt;
            &lt;Left&gt;1.14515cm&lt;/Left&gt;
            &lt;Height&gt;1.10475cm&lt;/Height&gt;
            &lt;Width&gt;3.61875cm&lt;/Width&gt;
            &lt;ZIndex&gt;10&lt;/ZIndex&gt;
            &lt;Style&gt;
              &lt;Border&gt;
                &lt;Style&gt;None&lt;/Style&gt;
              &lt;/Border&gt;
              &lt;PaddingLeft&gt;0mm&lt;/PaddingLeft&gt;
              &lt;PaddingRight&gt;0mm&lt;/PaddingRight&gt;
              &lt;PaddingTop&gt;0mm&lt;/PaddingTop&gt;
              &lt;PaddingBottom&gt;0mm&lt;/PaddingBottom&gt;
            &lt;/Style&gt;
          &lt;/Textbox&gt;
        &lt;/ReportItems&gt;
        &lt;Height&gt;11.24306in&lt;/Height&gt;
        &lt;Style /&gt;
      &lt;/Body&gt;
      &lt;Width&gt;8.50249in&lt;/Width&gt;
      &lt;Page&gt;
        &lt;PageHeight&gt;11.69in&lt;/PageHeight&gt;
        &lt;PageWidth&gt;8.27in&lt;/PageWidth&gt;
        &lt;InteractiveHeight&gt;11in&lt;/InteractiveHeight&gt;
        &lt;InteractiveWidth&gt;8.5in&lt;/InteractiveWidth&gt;
        &lt;LeftMargin&gt;1in&lt;/LeftMargin&gt;
        &lt;RightMargin&gt;1in&lt;/RightMargin&gt;
        &lt;TopMargin&gt;1in&lt;/TopMargin&gt;
        &lt;BottomMargin&gt;1in&lt;/BottomMargin&gt;
        &lt;Style /&gt;
      &lt;/Page&gt;
    &lt;/ReportSection&gt;
  &lt;/ReportSections&gt;
  &lt;ReportParameters&gt;
    &lt;ReportParameter Name="FreeTextInvoice_DynamicParameter"&gt;
      &lt;DataType&gt;String&lt;/DataType&gt;
      &lt;Nullable&gt;true&lt;/Nullable&gt;
      &lt;AllowBlank&gt;true&lt;/AllowBlank&gt;
      &lt;Prompt&gt;FreeTextInvoice_DynamicParameter&lt;/Prompt&gt;
      &lt;Hidden&gt;true&lt;/Hidden&gt;
    &lt;/ReportParameter&gt;
    &lt;ReportParameter Name="AX_PartitionKey"&gt;
      &lt;DataType&gt;String&lt;/DataType&gt;
      &lt;Nullable&gt;true&lt;/Nullable&gt;
      &lt;AllowBlank&gt;true&lt;/AllowBlank&gt;
      &lt;Prompt&gt;AX_PartitionKey&lt;/Prompt&gt;
      &lt;Hidden&gt;true&lt;/Hidden&gt;
    &lt;/ReportParameter&gt;
    &lt;ReportParameter Name="AX_CompanyName"&gt;
      &lt;DataType&gt;String&lt;/DataType&gt;
      &lt;Prompt&gt;AX_CompanyName&lt;/Prompt&gt;
      &lt;Hidden&gt;true&lt;/Hidden&gt;
    &lt;/ReportParameter&gt;
    &lt;ReportParameter Name="AX_UserContext"&gt;
      &lt;DataType&gt;String&lt;/DataType&gt;
      &lt;Nullable&gt;true&lt;/Nullable&gt;
      &lt;AllowBlank&gt;true&lt;/AllowBlank&gt;
      &lt;Prompt&gt;AX_UserContext&lt;/Prompt&gt;
      &lt;Hidden&gt;true&lt;/Hidden&gt;
    &lt;/ReportParameter&gt;
    &lt;ReportParameter Name="AX_RenderingCulture"&gt;
      &lt;DataType&gt;String&lt;/DataType&gt;
      &lt;Nullable&gt;true&lt;/Nullable&gt;
      &lt;AllowBlank&gt;true&lt;/AllowBlank&gt;
      &lt;Prompt&gt;AX_RenderingCulture&lt;/Prompt&gt;
      &lt;Hidden&gt;true&lt;/Hidden&gt;
    &lt;/ReportParameter&gt;
    &lt;ReportParameter Name="AX_ReportContext"&gt;
      &lt;DataType&gt;String&lt;/DataType&gt;
      &lt;Nullable&gt;true&lt;/Nullable&gt;
      &lt;AllowBlank&gt;true&lt;/AllowBlank&gt;
      &lt;Prompt&gt;AX_ReportContext&lt;/Prompt&gt;
      &lt;Hidden&gt;true&lt;/Hidden&gt;
      &lt;UsedInQuery&gt;True&lt;/UsedInQuery&gt;
    &lt;/ReportParameter&gt;
    &lt;ReportParameter Name="AX_RdpPreProcessedId"&gt;
      &lt;DataType&gt;String&lt;/DataType&gt;
      &lt;Nullable&gt;true&lt;/Nullable&gt;
      &lt;AllowBlank&gt;true&lt;/AllowBlank&gt;
      &lt;Prompt&gt;AX_RdpPreProcessedId&lt;/Prompt&gt;
      &lt;Hidden&gt;true&lt;/Hidden&gt;
    &lt;/ReportParameter&gt;
    &lt;ReportParameter Name="FreeTextInvoice_custInvoiceId"&gt;
      &lt;DataType&gt;String&lt;/DataType&gt;
      &lt;Prompt&gt;FreeTextInvoice_custInvoiceId&lt;/Prompt&gt;
    &lt;/ReportParameter&gt;
  &lt;/ReportParameters&gt;
  &lt;ReportParametersLayout&gt;
    &lt;GridLayoutDefinition&gt;
      &lt;NumberOfColumns&gt;7&lt;/NumberOfColumns&gt;
      &lt;NumberOfRows&gt;2&lt;/NumberOfRows&gt;
      &lt;CellDefinitions&gt;
        &lt;CellDefinition&gt;
          &lt;ColumnIndex&gt;0&lt;/ColumnIndex&gt;
          &lt;RowIndex&gt;0&lt;/RowIndex&gt;
          &lt;ParameterName&gt;FreeTextInvoice_DynamicParameter&lt;/ParameterName&gt;
        &lt;/CellDefinition&gt;
        &lt;CellDefinition&gt;
          &lt;ColumnIndex&gt;1&lt;/ColumnIndex&gt;
          &lt;RowIndex&gt;0&lt;/RowIndex&gt;
          &lt;ParameterName&gt;AX_PartitionKey&lt;/ParameterName&gt;
        &lt;/CellDefinition&gt;
        &lt;CellDefinition&gt;
          &lt;ColumnIndex&gt;2&lt;/ColumnIndex&gt;
          &lt;RowIndex&gt;0&lt;/RowIndex&gt;
          &lt;ParameterName&gt;AX_CompanyName&lt;/ParameterName&gt;
        &lt;/CellDefinition&gt;
        &lt;CellDefinition&gt;
          &lt;ColumnIndex&gt;3&lt;/ColumnIndex&gt;
          &lt;RowIndex&gt;0&lt;/RowIndex&gt;
          &lt;ParameterName&gt;AX_UserContext&lt;/ParameterName&gt;
        &lt;/CellDefinition&gt;
        &lt;CellDefinition&gt;
          &lt;ColumnIndex&gt;4&lt;/ColumnIndex&gt;
          &lt;RowIndex&gt;0&lt;/RowIndex&gt;
          &lt;ParameterName&gt;AX_RenderingCulture&lt;/ParameterName&gt;
        &lt;/CellDefinition&gt;
        &lt;CellDefinition&gt;
          &lt;ColumnIndex&gt;5&lt;/ColumnIndex&gt;
          &lt;RowIndex&gt;0&lt;/RowIndex&gt;
          &lt;ParameterName&gt;AX_ReportContext&lt;/ParameterName&gt;
        &lt;/CellDefinition&gt;
        &lt;CellDefinition&gt;
          &lt;ColumnIndex&gt;6&lt;/ColumnIndex&gt;
          &lt;RowIndex&gt;0&lt;/RowIndex&gt;
          &lt;ParameterName&gt;AX_RdpPreProcessedId&lt;/ParameterName&gt;
        &lt;/CellDefinition&gt;
        &lt;CellDefinition&gt;
          &lt;ColumnIndex&gt;0&lt;/ColumnIndex&gt;
          &lt;RowIndex&gt;1&lt;/RowIndex&gt;
          &lt;ParameterName&gt;FreeTextInvoice_custInvoiceId&lt;/ParameterName&gt;
        &lt;/CellDefinition&gt;
      &lt;/CellDefinitions&gt;
    &lt;/GridLayoutDefinition&gt;
  &lt;/ReportParametersLayout&gt;
  &lt;Language&gt;en-US&lt;/Language&gt;
  &lt;rd:ReportUnitType&gt;Inch&lt;/rd:ReportUnitType&gt;
  &lt;rd:ExpressionDialog&gt;Microsoft.Dynamics.Framework.Design.Reports.ExpressionEditor.ExpressionEditorDialog, Microsoft.Dynamics.Framework.Design.Reports&lt;/rd:ExpressionDialog&gt;
  &lt;rd:ReportID&gt;ca030e40-479a-406f-b3aa-0c17c0287d20&lt;/rd:ReportID&gt;
&lt;/Report&gt;</Text>
			<DisableIndividualTransformation />
		</AxReportDesign>
	</Designs>
	<EmbeddedImages />
</AxReport>