<?xml version="1.0" encoding="utf-8"?>
<AxForm xmlns:i="http://www.w3.org/2001/XMLSchema-instance" xmlns="Microsoft.Dynamics.AX.Metadata.V6">
	<Name>MCSCustomerMappingTable</Name>
	<SourceCode>
		<Methods xmlns="">
			<Method>
				<Name>classDeclaration</Name>
				<Source><![CDATA[
[Form]
public class MCSCustomerMappingTable extends FormRun
{
}
]]></Source>
			</Method>
		</Methods>
		<DataSources xmlns="" />
		<DataControls xmlns="" />
		<Members xmlns="" />
	</SourceCode>
	<DataSources>
		<AxFormDataSource xmlns="">
			<Name>MCSCustomerMappingTable</Name>
			<Table>MCSCustomerMappingTable</Table>
			<Fields>
				<AxFormDataSourceField>
					<DataField>AccountNum</DataField>
				</AxFormDataSourceField>
				<AxFormDataSourceField>
					<DataField>cpcustom1</DataField>
				</AxFormDataSourceField>
				<AxFormDataSourceField>
					<DataField>DataAreaId</DataField>
				</AxFormDataSourceField>
				<AxFormDataSourceField>
					<DataField>Partition</DataField>
				</AxFormDataSourceField>
				<AxFormDataSourceField>
					<DataField>RecId</DataField>
				</AxFormDataSourceField>
				<AxFormDataSourceField>
					<DataField>TableId</DataField>
				</AxFormDataSourceField>
			</Fields>
			<ReferencedDataSources />
			<DataSourceLinks />
			<DerivedDataSources />
		</AxFormDataSource>
	</DataSources>
	<Design>
		<Caption xmlns="">CRM and D365 Mapping</Caption>
		<DataSource xmlns="">MCSCustomerMappingTable</DataSource>
		<Pattern xmlns="">SimpleList</Pattern>
		<PatternVersion xmlns="">1.1</PatternVersion>
		<Style xmlns="">SimpleList</Style>
		<Controls xmlns="">
			<AxFormControl xmlns=""
				i:type="AxFormActionPaneControl">
				<Name>FormActionPaneControl1</Name>
				<Type>ActionPane</Type>
				<FormControlExtension
					i:nil="true" />
				<Controls>
					<AxFormControl xmlns=""
						i:type="AxFormActionPaneTabControl">
						<Name>FormActionPaneTabControl1</Name>
						<Type>ActionPaneTab</Type>
						<FormControlExtension
							i:nil="true" />
						<Controls />
					</AxFormControl>
				</Controls>
				<DataSource>MCSCustomerMappingTable</DataSource>
			</AxFormControl>
			<AxFormControl xmlns=""
				i:type="AxFormGroupControl">
				<Name>FormGroupControl1</Name>
				<Pattern>CustomAndQuickFilters</Pattern>
				<PatternVersion>1.1</PatternVersion>
				<Type>Group</Type>
				<WidthMode>SizeToAvailable</WidthMode>
				<FormControlExtension
					i:nil="true" />
				<Controls>
					<AxFormControl>
						<Name>QuickFilterControl1</Name>
						<FormControlExtension>
							<Name>QuickFilterControl</Name>
							<ExtensionComponents />
							<ExtensionProperties>
								<AxFormControlExtensionProperty>
									<Name>targetControlName</Name>
									<Type>String</Type>
								</AxFormControlExtensionProperty>
								<AxFormControlExtensionProperty>
									<Name>placeholderText</Name>
									<Type>String</Type>
								</AxFormControlExtensionProperty>
								<AxFormControlExtensionProperty>
									<Name>defaultColumnName</Name>
									<Type>String</Type>
								</AxFormControlExtensionProperty>
							</ExtensionProperties>
						</FormControlExtension>
					</AxFormControl>
				</Controls>
				<ArrangeMethod>HorizontalLeft</ArrangeMethod>
				<FrameType>None</FrameType>
				<Style>CustomFilter</Style>
				<ViewEditMode>Edit</ViewEditMode>
			</AxFormControl>
			<AxFormControl xmlns=""
				i:type="AxFormGridControl">
				<Name>Overview</Name>
				<Type>Grid</Type>
				<FormControlExtension
					i:nil="true" />
				<Controls>
					<AxFormControl xmlns=""
						i:type="AxFormStringControl">
						<Name>Overview_cpcustom1</Name>
						<Type>String</Type>
						<FormControlExtension
							i:nil="true" />
						<DataField>cpcustom1</DataField>
						<DataSource>MCSCustomerMappingTable</DataSource>
					</AxFormControl>
					<AxFormControl xmlns=""
						i:type="AxFormStringControl">
						<Name>Overview_AccountNum</Name>
						<Type>String</Type>
						<FormControlExtension
							i:nil="true" />
						<DataField>AccountNum</DataField>
						<DataSource>MCSCustomerMappingTable</DataSource>
					</AxFormControl>
				</Controls>
				<DataGroup>Overview</DataGroup>
				<DataSource>MCSCustomerMappingTable</DataSource>
				<Style>Tabular</Style>
			</AxFormControl>
		</Controls>
	</Design>
	<Parts />
</AxForm>