<?xml version="1.0" encoding="utf-8"?>
<AxForm xmlns:i="http://www.w3.org/2001/XMLSchema-instance" xmlns="Microsoft.Dynamics.AX.Metadata.V6">
	<Name>MCSGLImportJournalsDropDialog</Name>
	<SourceCode>
		<Methods xmlns="">
			<Method>
				<Name>classDeclaration</Name>
				<Source><![CDATA[
[Form]
public class MCSGLImportJournalsDropDialog extends FormRun
{

}
]]></Source>
			</Method>
			<Method>
				<Name>init</Name>
				<Source><![CDATA[
    /// <summary>
    ///
    /// </summary>
    public void init()
    {
        MCSGLImportTable    importTable = this.args().record(); 
       
        super();

        //FT.visible(false);
        //if(importTable.FileType == MCSGLImportFileType::LMS)
        //{
        //    if(importTable.journalType == MCSJournalType::FreeTextInvoice)
        //    {
        //        FT.visible(true);
        //        GJ.visible(false);
        //    }
        //}
    }

]]></Source>
			</Method>
		</Methods>
		<DataSources xmlns="">
			<DataSource>
				<Name>MCSGLImportJournals</Name>
				<Methods>
					<Method>
						<Name>active</Name>
						<Source><![CDATA[
        public int active()
        {
            int ret;
        
            ret = super();

            ButtonSimulatePosting.enabled(MCSGLImportJournals.LedgerJournalId && !MCSGLImportJournals.isPosted());

        
            return ret;
        }

]]></Source>
					</Method>
				</Methods>
				<Fields>
					<Field>
						<DataField>LedgerJournalId</DataField>
						<Methods>
							<Method>
								<Name>jumpRef</Name>
								<Source><![CDATA[
            public void jumpRef()
            {
                LedgerJournalType journalType = LedgerJournalTable::find(MCSGLImportJournals.LedgerJournalId).JournalType;
                MCSGLImportJournals_ds.leaveRecord();


                switch (journalType)
                {
                    case LedgerJournalType::CustPayment :

                        appl.setDefaultCompany(MCSGLImportJournals.Company);
                        LedgerJournalTable_CustPaym.clicked();
                        
                        break;

                    case LedgerJournalType::VendInvoiceRegister :
                        appl.setDefaultCompany(MCSGLImportJournals.Company);
                        MCSLedgerJournalTable_VendTaxInv.clicked();
                        
                        break;

                    default :
                        LedgerJournalTableDailyGlobal.clicked();
                }
            }

]]></Source>
							</Method>
						</Methods>
					</Field>
				</Fields>
			</DataSource>
		</DataSources>
		<DataControls xmlns="">
			<Control>
				<Name>LedgerJournalTableDailyGlobal</Name>
				<Type>MenuFunctionButton</Type>
				<Methods>
					<Method>
						<Name>clicked</Name>
						<Source><![CDATA[
        public void clicked()
        {
            super();
        }

]]></Source>
					</Method>
				</Methods>
			</Control>
			<Control>
				<Name>buttonView</Name>
				<Type>Button</Type>
				<Methods>
					<Method>
						<Name>clicked</Name>
						<Source><![CDATA[
        public void clicked()
        {
            super();
            MCSGLImportJournals_ds.object(fieldNum(MCSGLImportJournals,LedgerJournalId)).jumpRef();
        }

]]></Source>
					</Method>
				</Methods>
			</Control>
			<Control>
				<Name>ButtonSimulatePosting</Name>
				<Type>MenuFunctionButton</Type>
				<Methods>
					<Method>
						<Name>clicked</Name>
						<Source><![CDATA[
        public void clicked()
        {
            //super();
    
            if (MCSGLImportJournals.LedgerJournalId && !MCSGLImportJournals.isPosted())
            {
                changecompany (MCSGLImportJournals.Company)
                {
                    element.close();
    
                    LedgerJournalTable ledgerJournalTable = LedgerJournalTable::find(MCSGLImportJournals.LedgerJournalId);
                    Args args = new Args();
                    args.record(ledgerJournalTable);
                    MenuFunction mf = new MenuFunction(this.menuItemName(), this.menuItemType());
    
                    mf.run(args);
    
                }
            }
    
        }

]]></Source>
					</Method>
				</Methods>
			</Control>
		</DataControls>
		<Members xmlns="" />
	</SourceCode>
	<DataSources>
		<AxFormDataSource xmlns="">
			<Name>MCSGLImportJournals</Name>
			<Table>MCSGLImportJournals</Table>
			<Fields>
				<AxFormDataSourceField>
					<DataField>AccountNum</DataField>
				</AxFormDataSourceField>
				<AxFormDataSourceField>
					<DataField>Company</DataField>
				</AxFormDataSourceField>
				<AxFormDataSourceField>
					<DataField>CustInvoiceTable</DataField>
				</AxFormDataSourceField>
				<AxFormDataSourceField>
					<DataField>ImportTable</DataField>
				</AxFormDataSourceField>
				<AxFormDataSourceField>
					<DataField>InvoiceId</DataField>
				</AxFormDataSourceField>
				<AxFormDataSourceField>
					<DataField>LedgerJournalId</DataField>
				</AxFormDataSourceField>
				<AxFormDataSourceField>
					<DataField>Partition</DataField>
				</AxFormDataSourceField>
				<AxFormDataSourceField>
					<DataField>RecId</DataField>
				</AxFormDataSourceField>
				<AxFormDataSourceField>
					<DataField>TableId</DataField>
				</AxFormDataSourceField>
			</Fields>
			<ReferencedDataSources />
			<AllowCreate>No</AllowCreate>
			<AllowDelete>No</AllowDelete>
			<AllowEdit>No</AllowEdit>
			<InsertAtEnd>No</InsertAtEnd>
			<InsertIfEmpty>No</InsertIfEmpty>
			<DataSourceLinks />
			<DerivedDataSources />
		</AxFormDataSource>
	</DataSources>
	<Design>
		<Caption xmlns="">Journal and Invoice</Caption>
		<DataSource xmlns="">MCSGLImportJournals</DataSource>
		<Pattern xmlns="">DropDialogReadOnly</Pattern>
		<PatternVersion xmlns="">1.2</PatternVersion>
		<Style xmlns="">DropDialog</Style>
		<ViewEditMode xmlns="">View</ViewEditMode>
		<Controls xmlns="">
			<AxFormControl xmlns=""
				i:type="AxFormGroupControl">
				<Name>GroupContent</Name>
				<AutoDeclaration>Yes</AutoDeclaration>
				<Pattern>ToolbarList</Pattern>
				<PatternVersion>1.2</PatternVersion>
				<Type>Group</Type>
				<WidthMode>SizeToAvailable</WidthMode>
				<FormControlExtension
					i:nil="true" />
				<Controls>
					<AxFormControl xmlns=""
						i:type="AxFormActionPaneControl">
						<Name>ActionPane</Name>
						<AutoDeclaration>Yes</AutoDeclaration>
						<Type>ActionPane</Type>
						<FormControlExtension
							i:nil="true" />
						<Controls>
							<AxFormControl xmlns=""
								i:type="AxFormButtonGroupControl">
								<Name>ButtonGroup</Name>
								<Type>ButtonGroup</Type>
								<FormControlExtension
									i:nil="true" />
								<Controls>
									<AxFormControl xmlns=""
										i:type="AxFormMenuFunctionButtonControl">
										<Name>LedgerJournalTableDailyGlobal</Name>
										<AutoDeclaration>Yes</AutoDeclaration>
										<Type>MenuFunctionButton</Type>
										<Visible>No</Visible>
										<FormControlExtension
											i:nil="true" />
										<MenuItemName>LedgerJournalTableDailyGlobal</MenuItemName>
									</AxFormControl>
									<AxFormControl xmlns=""
										i:type="AxFormButtonControl">
										<Name>buttonView</Name>
										<Type>Button</Type>
										<Visible>No</Visible>
										<FormControlExtension
											i:nil="true" />
										<ButtonDisplay>TextOnly</ButtonDisplay>
										<Style>Link</Style>
										<Text>@SYS53654</Text>
									</AxFormControl>
									<AxFormControl xmlns=""
										i:type="AxFormMenuFunctionButtonControl">
										<Name>LedgerJournalTable_CustPaym</Name>
										<AutoDeclaration>Yes</AutoDeclaration>
										<Type>MenuFunctionButton</Type>
										<Visible>No</Visible>
										<FormControlExtension
											i:nil="true" />
										<MenuItemName>LedgerJournalTable_CustPaym</MenuItemName>
									</AxFormControl>
									<AxFormControl xmlns=""
										i:type="AxFormMenuFunctionButtonControl">
										<Name>MCSLedgerJournalTable_VendTaxInv</Name>
										<AutoDeclaration>Yes</AutoDeclaration>
										<Type>MenuFunctionButton</Type>
										<Visible>No</Visible>
										<FormControlExtension
											i:nil="true" />
										<MenuItemName>MCSLedgerJournalTable_VendTaxInv</MenuItemName>
									</AxFormControl>
								</Controls>
							</AxFormControl>
						</Controls>
						<Style>Strip</Style>
					</AxFormControl>
					<AxFormControl xmlns=""
						i:type="AxFormGridControl">
						<Name>Grid</Name>
						<Type>Grid</Type>
						<FormControlExtension
							i:nil="true" />
						<Controls>
							<AxFormControl xmlns=""
								i:type="AxFormGroupControl">
								<Name>GJ</Name>
								<AutoDeclaration>Yes</AutoDeclaration>
								<Type>Group</Type>
								<FormControlExtension
									i:nil="true" />
								<Controls>
									<AxFormControl xmlns=""
										i:type="AxFormStringControl">
										<Name>MCSGLImportJournals_LedgerJournalId</Name>
										<Type>String</Type>
										<FormControlExtension
											i:nil="true" />
										<DataField>LedgerJournalId</DataField>
										<DataSource>MCSGLImportJournals</DataSource>
									</AxFormControl>
									<AxFormControl xmlns=""
										i:type="AxFormStringControl">
										<Name>MCSGLImportJournals_Company</Name>
										<Type>String</Type>
										<FormControlExtension
											i:nil="true" />
										<DataField>Company</DataField>
										<DataSource>MCSGLImportJournals</DataSource>
									</AxFormControl>
									<AxFormControl xmlns=""
										i:type="AxFormComboBoxControl">
										<Name>cbJournalType</Name>
										<Type>ComboBox</Type>
										<FormControlExtension
											i:nil="true" />
										<DataMethod>journalTpe</DataMethod>
										<DataSource>MCSGLImportJournals</DataSource>
										<Items />
									</AxFormControl>
									<AxFormControl xmlns=""
										i:type="AxFormCheckBoxControl">
										<Name>cbPosted</Name>
										<Type>CheckBox</Type>
										<FormControlExtension
											i:nil="true" />
										<DataMethod>isPosted</DataMethod>
										<DataSource>MCSGLImportJournals</DataSource>
									</AxFormControl>
									<AxFormControl xmlns=""
										i:type="AxFormMenuFunctionButtonControl">
										<Name>ButtonSimulatePosting</Name>
										<AutoDeclaration>Yes</AutoDeclaration>
										<EnableFormRef>No</EnableFormRef>
										<Type>MenuFunctionButton</Type>
										<FormControlExtension
											i:nil="true" />
										<DataSource>MCSGLImportJournals</DataSource>
										<MenuItemName>LedgerJournalSimPostVendInvoice</MenuItemName>
										<MenuItemType>Action</MenuItemType>
										<NeedsRecord>Yes</NeedsRecord>
									</AxFormControl>
								</Controls>
							</AxFormControl>
						</Controls>
						<DataSource>MCSGLImportJournals</DataSource>
						<DefaultAction>buttonView</DefaultAction>
						<ShowRowLabels>No</ShowRowLabels>
					</AxFormControl>
				</Controls>
				<Style>DialogContent</Style>
			</AxFormControl>
		</Controls>
	</Design>
	<Parts />
</AxForm>