<?xml version="1.0" encoding="utf-8"?>
<AxForm xmlns:i="http://www.w3.org/2001/XMLSchema-instance" xmlns="Microsoft.Dynamics.AX.Metadata.V6">
	<Name>MCSGLImportTableIntLMS</Name>
	<SourceCode>
		<Methods xmlns="">
			<Method>
				<Name>classDeclaration</Name>
				<Source><![CDATA[
[Form]
public class MCSGLImportTableIntLMS extends FormRun
{
    #resAppl
    #define.NoImage(-1)

    QueryBuildRange         rangeShow;
    
    QueryBuildRange         rangeLineNotes;
    

    [FormObservable]
    ImageListAppl_Infolog           errorImageList;


    MCSGLImportFileType    fileType;



}
]]></Source>
			</Method>
			<Method>
				<Name>init</Name>
				<Source><![CDATA[
    public void init()
    {
        super();


        fileType = element.args().parmEnum();

        QueryBuildRange qbrFileType = MCSGLImportTable_ds.queryBuildDataSource().addRange(fieldNum(MCSGLImportTable,FileType));
        qbrFileType.value(queryValue(fileType));
        qbrFileType.status(RangeStatus::Locked);

        rangeShow = MCSGLImportTable_ds.queryBuildDataSource().addRange(fieldNum(MCSGLImportTable,Status));
        cbShow.selection(MCSOpenProcessedAll::All);

        rangeLineNotes = MCSGLImportLineLMS_ds.queryBuildDataSource().addRange(fieldNum(MCSGLImportLineLMS,Notes));
        
        errorImageList = new ImageListAppl_Infolog();
        
        warningIndicator.imageList(errorImageList.imageList());
        
        MCSGLImportTable_ds.queryBuildDataSource().addSortField(fieldNum(MCSGLImportTable,CreatedDateTime),SortOrder::Descending);

        GridFiles.showRowLabels(true);
        GridFiles.multiSelect(true);
    }

]]></Source>
			</Method>
			<Method>
				<Name>sendFileToUser</Name>
				<Source><![CDATA[
    public void sendFileToUser(str _fileUrl)
    {
        Browser br = new Browser();
        if (_fileUrl)
        {
            br.navigate(_fileUrl, true , false);
        }
        
    }

]]></Source>
			</Method>
			<Method>
				<Name>refreshLines</Name>
				<Source><![CDATA[
    protected void refreshLines()
    {
        MCSGLImportTable_ds.reread();

        MCSGLImportLineLMS_ds.research();
    }

]]></Source>
			</Method>
			<Method>
				<Name>validateRecords</Name>
				<Source><![CDATA[
    protected void validateRecords(boolean _reset = false)
    {
        if (MCSGLImportTable)
        {
            MCSGLImportTable.validateLines(_reset);
            element.refreshLines();
            
        }
    }

]]></Source>
			</Method>
		</Methods>
		<DataSources xmlns="">
			<DataSource>
				<Name>MCSGLImportTable</Name>
				<Methods>
					<Method>
						<Name>executeQuery</Name>
						<Source><![CDATA[
        public void executeQuery()
        {
            rangeShow.value(MCSGLImportTable::filterStatusToRangeFilter(cbShow.selection()));
            super();           
        }

]]></Source>
					</Method>
					<Method>
						<Name>create</Name>
						<Source><![CDATA[
        public void create(boolean _append = false)
        {
            //super(_append);
            MCSGLImportFile_LMS.clicked();
        }

]]></Source>
					</Method>
				</Methods>
				<Fields />
			</DataSource>
			<DataSource>
				<Name>MCSGLImportLineLMS</Name>
				<Methods>
					<Method>
						<Name>init</Name>
						<Source><![CDATA[
        /// <summary>
        ///
        /// </summary>
        public void init()
        {
            super();
        }

]]></Source>
					</Method>
					<Method>
						<Name>executeQuery</Name>
						<Source><![CDATA[
        public void executeQuery()
        {
            rangeLineNotes.value(cbErrorLinesOnly.checked() ? SysQuery::valueNotEmptyString() : '');
        
            super();
        }

]]></Source>
					</Method>
				</Methods>
				<Fields />
			</DataSource>
		</DataSources>
		<DataControls xmlns="">
			<Control>
				<Name>ButtonDownloadFile</Name>
				<Type>Button</Type>
				<Methods>
					<Method>
						<Name>clicked</Name>
						<Source><![CDATA[
        public void clicked()
        {
            super();
            element.sendFileToUser(MCSFileService::getAzureBlobReadUrl(MCSGLImportTable.FileId,MCSGLImportTable.FileCategory ? MCSGLImportTable.FileCategory : FileUploadTemporaryStorageStrategy::AzureStorageCategory));
        }

]]></Source>
					</Method>
				</Methods>
			</Control>
			<Control>
				<Name>ButtonValidateRecords</Name>
				<Type>Button</Type>
				<Methods>
					<Method>
						<Name>clicked</Name>
						<Source><![CDATA[
        public void clicked()
        {
            super();
            element.validateRecords();
        }

]]></Source>
					</Method>
				</Methods>
			</Control>
			<Control>
				<Name>ButtonLog</Name>
				<Type>Button</Type>
				<Methods>
					<Method>
						<Name>clicked</Name>
						<Source><![CDATA[
        public void clicked()
        {
            super();
            MCSGLImportTable.showLog();
        }

]]></Source>
					</Method>
				</Methods>
			</Control>
			<Control>
				<Name>cbShow</Name>
				<Type>ComboBox</Type>
				<Methods>
					<Method>
						<Name>modified</Name>
						<Source><![CDATA[
        public boolean modified()
        {
            boolean ret;
    
            ret = super();

            MCSGLImportTable_ds.executeQuery();
    
            return ret;
        }

]]></Source>
					</Method>
				</Methods>
			</Control>
			<Control>
				<Name>cbErrorLinesOnly</Name>
				<Type>CheckBox</Type>
				<Methods>
					<Method>
						<Name>modified</Name>
						<Source><![CDATA[
        public boolean modified()
        {
            boolean ret;
    
            ret = super();
    
            MCSGLImportLineLMS_ds.executeQuery();
    
            return ret;
        }

]]></Source>
					</Method>
				</Methods>
			</Control>
			<Control>
				<Name>CustomerInvoice</Name>
				<Type>String</Type>
				<Methods>
					<Method>
						<Name>jumpRef</Name>
						<Source><![CDATA[
        public void jumpRef()
        {
            if (MCSGLImportLineLMS.CustInvoiceTable)
            {
                CustInvoiceTable custInvoiceTable = MCSGLImportLineLMS.custInvoiceTable();
                Args args =  new Args();
                args.record(custInvoiceTable);
                args.caller(element);

                MenuFunction mf = new MenuFunction(menuItemDisplayStr(CustFreeInvoice), MenuItemType::Display);
                mf.run(args);
            }


            super();
        }

]]></Source>
					</Method>
				</Methods>
			</Control>
		</DataControls>
		<Members xmlns="" />
	</SourceCode>
	<DataSources>
		<AxFormDataSource xmlns="">
			<Name>MCSGLImportTable</Name>
			<Table>MCSGLImportTable</Table>
			<Fields>
				<AxFormDataSourceField>
					<DataField>CreatedBy</DataField>
				</AxFormDataSourceField>
				<AxFormDataSourceField>
					<DataField>CreatedDateTime</DataField>
				</AxFormDataSourceField>
				<AxFormDataSourceField>
					<DataField>CustInvoiceTable</DataField>
				</AxFormDataSourceField>
				<AxFormDataSourceField>
					<DataField>DataAreaId</DataField>
				</AxFormDataSourceField>
				<AxFormDataSourceField>
					<DataField>FileCategory</DataField>
				</AxFormDataSourceField>
				<AxFormDataSourceField>
					<DataField>FileId</DataField>
				</AxFormDataSourceField>
				<AxFormDataSourceField>
					<DataField>FileName</DataField>
				</AxFormDataSourceField>
				<AxFormDataSourceField>
					<DataField>FileType</DataField>
				</AxFormDataSourceField>
				<AxFormDataSourceField>
					<DataField>Info</DataField>
				</AxFormDataSourceField>
				<AxFormDataSourceField>
					<DataField>InvoiceId</DataField>
				</AxFormDataSourceField>
				<AxFormDataSourceField>
					<DataField>journalType</DataField>
				</AxFormDataSourceField>
				<AxFormDataSourceField>
					<DataField>Log</DataField>
				</AxFormDataSourceField>
				<AxFormDataSourceField>
					<DataField>Partition</DataField>
				</AxFormDataSourceField>
				<AxFormDataSourceField>
					<DataField>RecId</DataField>
				</AxFormDataSourceField>
				<AxFormDataSourceField>
					<DataField>Status</DataField>
				</AxFormDataSourceField>
				<AxFormDataSourceField>
					<DataField>TableId</DataField>
				</AxFormDataSourceField>
				<AxFormDataSourceField>
					<DataField>TransDate</DataField>
				</AxFormDataSourceField>
			</Fields>
			<ReferencedDataSources />
			<AllowEdit>No</AllowEdit>
			<InsertAtEnd>No</InsertAtEnd>
			<InsertIfEmpty>No</InsertIfEmpty>
			<DataSourceLinks />
			<DerivedDataSources />
		</AxFormDataSource>
		<AxFormDataSource xmlns="">
			<Name>MCSGLImportLineLMS</Name>
			<Table>MCSGLImportLineLMS</Table>
			<Fields>
				<AxFormDataSourceField>
					<DataField>AccountNum</DataField>
				</AxFormDataSourceField>
				<AxFormDataSourceField>
					<DataField>BillTo</DataField>
				</AxFormDataSourceField>
				<AxFormDataSourceField>
					<DataField>CustInvoiceLines</DataField>
				</AxFormDataSourceField>
				<AxFormDataSourceField>
					<DataField>CustInvoiceTable</DataField>
				</AxFormDataSourceField>
				<AxFormDataSourceField>
					<DataField>DataAreaId</DataField>
				</AxFormDataSourceField>
				<AxFormDataSourceField>
					<DataField>Day</DataField>
				</AxFormDataSourceField>
				<AxFormDataSourceField>
					<DataField>DefaultDimension</DataField>
				</AxFormDataSourceField>
				<AxFormDataSourceField>
					<DataField>DescriptionHeader</DataField>
				</AxFormDataSourceField>
				<AxFormDataSourceField>
					<DataField>DueDate</DataField>
				</AxFormDataSourceField>
				<AxFormDataSourceField>
					<DataField>entity</DataField>
				</AxFormDataSourceField>
				<AxFormDataSourceField>
					<DataField>FromDate</DataField>
				</AxFormDataSourceField>
				<AxFormDataSourceField>
					<DataField>ImportTable</DataField>
				</AxFormDataSourceField>
				<AxFormDataSourceField>
					<DataField>InvoiceDate</DataField>
				</AxFormDataSourceField>
				<AxFormDataSourceField>
					<DataField>InvoiceNumber</DataField>
				</AxFormDataSourceField>
				<AxFormDataSourceField>
					<DataField>LineNumber</DataField>
				</AxFormDataSourceField>
				<AxFormDataSourceField>
					<DataField>MainAccountNum</DataField>
				</AxFormDataSourceField>
				<AxFormDataSourceField>
					<DataField>Notes</DataField>
				</AxFormDataSourceField>
				<AxFormDataSourceField>
					<DataField>Partition</DataField>
				</AxFormDataSourceField>
				<AxFormDataSourceField>
					<DataField>RecId</DataField>
				</AxFormDataSourceField>
				<AxFormDataSourceField>
					<DataField>Reference</DataField>
				</AxFormDataSourceField>
				<AxFormDataSourceField>
					<DataField>TableId</DataField>
				</AxFormDataSourceField>
				<AxFormDataSourceField>
					<DataField>TaxCode</DataField>
				</AxFormDataSourceField>
				<AxFormDataSourceField>
					<DataField>TaxItemGroup</DataField>
				</AxFormDataSourceField>
				<AxFormDataSourceField>
					<DataField>ToDate</DataField>
				</AxFormDataSourceField>
				<AxFormDataSourceField>
					<DataField>TransDate</DataField>
				</AxFormDataSourceField>
			</Fields>
			<ReferencedDataSources />
			<JoinSource>MCSGLImportTable</JoinSource>
			<AllowCreate>No</AllowCreate>
			<AllowDelete>No</AllowDelete>
			<AllowEdit>No</AllowEdit>
			<InsertAtEnd>No</InsertAtEnd>
			<InsertIfEmpty>No</InsertIfEmpty>
			<DataSourceLinks />
			<DerivedDataSources />
		</AxFormDataSource>
	</DataSources>
	<Design>
		<Caption xmlns="">LMS files import and Process </Caption>
		<DataSource xmlns="">MCSGLImportTable</DataSource>
		<Pattern xmlns="">SimpleListDetails</Pattern>
		<PatternVersion xmlns="">1.3</PatternVersion>
		<Style xmlns="">SimpleListDetails</Style>
		<Controls xmlns="">
			<AxFormControl xmlns=""
				i:type="AxFormActionPaneControl">
				<Name>ActionPane</Name>
				<Type>ActionPane</Type>
				<FormControlExtension
					i:nil="true" />
				<Controls>
					<AxFormControl xmlns=""
						i:type="AxFormButtonGroupControl">
						<Name>ButtonGroupFile</Name>
						<Type>ButtonGroup</Type>
						<FormControlExtension
							i:nil="true" />
						<Controls>
							<AxFormControl xmlns=""
								i:type="AxFormMenuFunctionButtonControl">
								<Name>MCSGLImportFile_LMS</Name>
								<AutoDeclaration>Yes</AutoDeclaration>
								<NeededPermission>Create</NeededPermission>
								<Type>MenuFunctionButton</Type>
								<Visible>No</Visible>
								<FormControlExtension
									i:nil="true" />
								<AutoRefreshData>Yes</AutoRefreshData>
								<MenuItemName>MCSGLImportFile_LMS</MenuItemName>
								<MenuItemType>Action</MenuItemType>
							</AxFormControl>
							<AxFormControl xmlns=""
								i:type="AxFormButtonControl">
								<Name>ButtonDownloadFile</Name>
								<Type>Button</Type>
								<FormControlExtension
									i:nil="true" />
								<NeedsRecord>Yes</NeedsRecord>
								<Text>Original file</Text>
							</AxFormControl>
							<AxFormControl xmlns=""
								i:type="AxFormButtonControl">
								<Name>ButtonValidateRecords</Name>
								<Type>Button</Type>
								<FormControlExtension
									i:nil="true" />
								<NeedsRecord>Yes</NeedsRecord>
								<Text>@SYS41362</Text>
							</AxFormControl>
							<AxFormControl xmlns=""
								i:type="AxFormMenuFunctionButtonControl">
								<Name>MCSGLImportProcess</Name>
								<Type>MenuFunctionButton</Type>
								<FormControlExtension
									i:nil="true" />
								<AutoRefreshData>Yes</AutoRefreshData>
								<DataSource>MCSGLImportTable</DataSource>
								<MenuItemName>MCSGLImportProcess</MenuItemName>
								<MenuItemType>Action</MenuItemType>
							</AxFormControl>
							<AxFormControl xmlns=""
								i:type="AxFormButtonControl">
								<Name>ButtonLog</Name>
								<Type>Button</Type>
								<FormControlExtension
									i:nil="true" />
								<Text>@SYS2515</Text>
							</AxFormControl>
						</Controls>
					</AxFormControl>
				</Controls>
				<DataSource>MCSGLImportTable</DataSource>
			</AxFormControl>
			<AxFormControl xmlns=""
				i:type="AxFormGroupControl">
				<Name>NavigationList</Name>
				<HeightMode>SizeToAvailable</HeightMode>
				<Type>Group</Type>
				<FormControlExtension
					i:nil="true" />
				<Controls>
					<AxFormControl>
						<Name>QuickFilter</Name>
						<WidthMode>SizeToAvailable</WidthMode>
						<FormControlExtension>
							<Name>QuickFilterControl</Name>
							<ExtensionComponents />
							<ExtensionProperties>
								<AxFormControlExtensionProperty>
									<Name>targetControlName</Name>
									<Type>String</Type>
									<Value>GridFiles</Value>
								</AxFormControlExtensionProperty>
								<AxFormControlExtensionProperty>
									<Name>placeholderText</Name>
									<Type>String</Type>
								</AxFormControlExtensionProperty>
								<AxFormControlExtensionProperty>
									<Name>defaultColumnName</Name>
									<Type>String</Type>
									<Value>MCSGLImportTable_FileName</Value>
								</AxFormControlExtensionProperty>
							</ExtensionProperties>
						</FormControlExtension>
					</AxFormControl>
					<AxFormControl xmlns=""
						i:type="AxFormGroupControl">
						<Name>GroupFilters</Name>
						<Type>Group</Type>
						<WidthMode>SizeToAvailable</WidthMode>
						<FormControlExtension
							i:nil="true" />
						<Controls>
							<AxFormControl xmlns=""
								i:type="AxFormComboBoxControl">
								<Name>cbShow</Name>
								<AutoDeclaration>Yes</AutoDeclaration>
								<Type>ComboBox</Type>
								<FormControlExtension
									i:nil="true" />
								<EnumType>MCSOpenProcessedAll</EnumType>
								<Items />
							</AxFormControl>
						</Controls>
						<FrameType>None</FrameType>
						<Style>CustomFilter</Style>
						<ViewEditMode>Edit</ViewEditMode>
					</AxFormControl>
					<AxFormControl xmlns=""
						i:type="AxFormGridControl">
						<Name>GridFiles</Name>
						<AllowEdit>No</AllowEdit>
						<AutoDeclaration>Yes</AutoDeclaration>
						<Type>Grid</Type>
						<WidthMode>SizeToContent</WidthMode>
						<FormControlExtension
							i:nil="true" />
						<Controls>
							<AxFormControl xmlns=""
								i:type="AxFormStringControl">
								<Name>MCSGLImportTable_FileName</Name>
								<Type>String</Type>
								<FormControlExtension
									i:nil="true" />
								<DataField>FileName</DataField>
								<DataSource>MCSGLImportTable</DataSource>
							</AxFormControl>
							<AxFormControl xmlns=""
								i:type="AxFormComboBoxControl">
								<Name>MCSGLImportTable_Status</Name>
								<Type>ComboBox</Type>
								<FormControlExtension
									i:nil="true" />
								<DataField>Status</DataField>
								<DataSource>MCSGLImportTable</DataSource>
								<Items />
							</AxFormControl>
							<AxFormControl xmlns=""
								i:type="AxFormDateTimeControl">
								<Name>MCSGLImportTable_CreatedDateTime</Name>
								<Type>DateTime</Type>
								<FormControlExtension
									i:nil="true" />
								<DataField>CreatedDateTime</DataField>
								<DataSource>MCSGLImportTable</DataSource>
							</AxFormControl>
						</Controls>
						<DataSource>MCSGLImportTable</DataSource>
						<MultiSelect>No</MultiSelect>
						<ShowRowLabels>No</ShowRowLabels>
						<Style>List</Style>
					</AxFormControl>
				</Controls>
				<FrameType>None</FrameType>
				<Style>SidePanel</Style>
			</AxFormControl>
			<AxFormControl xmlns=""
				i:type="AxFormGroupControl">
				<Name>GroupHeader</Name>
				<Pattern>FieldsFieldGroups</Pattern>
				<PatternVersion>1.1</PatternVersion>
				<Type>Group</Type>
				<WidthMode>SizeToAvailable</WidthMode>
				<FormControlExtension
					i:nil="true" />
				<Controls>
					<AxFormControl xmlns=""
						i:type="AxFormStringControl">
						<Name>MCSPOSImportTable_FileName1</Name>
						<Type>String</Type>
						<FormControlExtension
							i:nil="true" />
						<DataField>FileName</DataField>
						<DataSource>MCSGLImportTable</DataSource>
					</AxFormControl>
					<AxFormControl xmlns=""
						i:type="AxFormComboBoxControl">
						<Name>MCSGLImportTable_Status1</Name>
						<Type>ComboBox</Type>
						<FormControlExtension
							i:nil="true" />
						<DataField>Status</DataField>
						<DataSource>MCSGLImportTable</DataSource>
						<Items />
					</AxFormControl>
					<AxFormControl xmlns=""
						i:type="AxFormDateTimeControl">
						<Name>MCSPOSImportTable_CreatedDateTime1</Name>
						<Type>DateTime</Type>
						<FormControlExtension
							i:nil="true" />
						<DataField>CreatedDateTime</DataField>
						<DataSource>MCSGLImportTable</DataSource>
					</AxFormControl>
					<AxFormControl xmlns=""
						i:type="AxFormStringControl">
						<Name>MCSPOSImportTable_CreatedBy</Name>
						<Type>String</Type>
						<FormControlExtension
							i:nil="true" />
						<DataField>CreatedBy</DataField>
						<DataSource>MCSGLImportTable</DataSource>
					</AxFormControl>
					<AxFormControl xmlns=""
						i:type="AxFormInt64Control">
						<Name>ctrlErrorCount</Name>
						<Type>Int64</Type>
						<FormControlExtension
							i:nil="true" />
						<DataMethod>errorCount</DataMethod>
						<DataSource>MCSGLImportTable</DataSource>
					</AxFormControl>
				</Controls>
				<ColumnsMode>Fill</ColumnsMode>
				<FrameType>None</FrameType>
			</AxFormControl>
			<AxFormControl xmlns=""
				i:type="AxFormTabControl">
				<Name>TabDetails</Name>
				<Type>Tab</Type>
				<FormControlExtension
					i:nil="true" />
				<Controls>
					<AxFormControl xmlns=""
						i:type="AxFormTabPageControl">
						<Name>TabPageGroup</Name>
						<AutoDeclaration>Yes</AutoDeclaration>
						<Pattern>ToolbarList</Pattern>
						<PatternVersion>1.2</PatternVersion>
						<Type>TabPage</Type>
						<FormControlExtension
							i:nil="true" />
						<Controls>
							<AxFormControl xmlns=""
								i:type="AxFormActionPaneControl">
								<Name>ActionPaneLines</Name>
								<Type>ActionPane</Type>
								<FormControlExtension
									i:nil="true" />
								<Controls />
								<Style>Strip</Style>
							</AxFormControl>
							<AxFormControl xmlns=""
								i:type="AxFormGroupControl">
								<Name>FilterGroupExcelLines</Name>
								<Pattern>CustomFilters</Pattern>
								<PatternVersion>1.1</PatternVersion>
								<Type>Group</Type>
								<WidthMode>SizeToAvailable</WidthMode>
								<FormControlExtension
									i:nil="true" />
								<Controls>
									<AxFormControl xmlns=""
										i:type="AxFormCheckBoxControl">
										<Name>cbErrorLinesOnly</Name>
										<AutoDeclaration>Yes</AutoDeclaration>
										<Type>CheckBox</Type>
										<FormControlExtension
											i:nil="true" />
										<Label>Show Error Lines</Label>
									</AxFormControl>
								</Controls>
								<ArrangeMethod>HorizontalLeft</ArrangeMethod>
								<FrameType>None</FrameType>
								<Style>CustomFilter</Style>
								<ViewEditMode>Edit</ViewEditMode>
							</AxFormControl>
							<AxFormControl xmlns=""
								i:type="AxFormGridControl">
								<Name>Grid</Name>
								<Type>Grid</Type>
								<FormControlExtension
									i:nil="true" />
								<Controls>
									<AxFormControl xmlns=""
										i:type="AxFormImageControl">
										<Name>warningIndicator</Name>
										<AutoDeclaration>Yes</AutoDeclaration>
										<HeightMode>Auto</HeightMode>
										<Type>Image</Type>
										<WidthMode>Auto</WidthMode>
										<FormControlExtension
											i:nil="true" />
										<DataMethod>titleFields</DataMethod>
										<DataSource>MCSGLImportLineLMS</DataSource>
										<Label>@SYS106702</Label>
									</AxFormControl>
									<AxFormControl xmlns=""
										i:type="AxFormGroupControl">
										<Name>Overview</Name>
										<Type>Group</Type>
										<FormControlExtension
											i:nil="true" />
										<Controls>
											<AxFormControl xmlns=""
												i:type="AxFormStringControl">
												<Name>CustomerInvoice</Name>
												<Type>String</Type>
												<FormControlExtension
													i:nil="true" />
												<DataMethod>displayInvoiceNumber</DataMethod>
												<DataSource>MCSGLImportLineLMS</DataSource>
												<Label>Invoice Number</Label>
											</AxFormControl>
											<AxFormControl xmlns=""
												i:type="AxFormIntegerControl">
												<Name>Overview_LineNumber</Name>
												<Type>Integer</Type>
												<FormControlExtension
													i:nil="true" />
												<DataField>LineNumber</DataField>
												<DataSource>MCSGLImportLineLMS</DataSource>
											</AxFormControl>
											<AxFormControl xmlns=""
												i:type="AxFormStringControl">
												<Name>Overview_MainAccountNum</Name>
												<Type>String</Type>
												<FormControlExtension
													i:nil="true" />
												<DataField>MainAccountNum</DataField>
												<DataSource>MCSGLImportLineLMS</DataSource>
											</AxFormControl>
											<AxFormControl xmlns=""
												i:type="AxFormStringControl">
												<Name>Overview_AccountNum</Name>
												<Type>String</Type>
												<FormControlExtension
													i:nil="true" />
												<DataField>AccountNum</DataField>
												<DataSource>MCSGLImportLineLMS</DataSource>
											</AxFormControl>
											<AxFormControl xmlns=""
												i:type="AxFormDateControl">
												<Name>Overview_TransDate</Name>
												<Type>Date</Type>
												<FormControlExtension
													i:nil="true" />
												<DataField>TransDate</DataField>
												<DataSource>MCSGLImportLineLMS</DataSource>
											</AxFormControl>
											<AxFormControl xmlns=""
												i:type="AxFormStringControl">
												<Name>Overview_InvoiceNumber</Name>
												<Type>String</Type>
												<FormControlExtension
													i:nil="true" />
												<DataField>InvoiceNumber</DataField>
												<DataSource>MCSGLImportLineLMS</DataSource>
											</AxFormControl>
											<AxFormControl xmlns=""
												i:type="AxFormStringControl">
												<Name>Overview_InvoiceDate</Name>
												<Type>String</Type>
												<FormControlExtension
													i:nil="true" />
												<DataField>InvoiceDate</DataField>
												<DataSource>MCSGLImportLineLMS</DataSource>
											</AxFormControl>
											<AxFormControl xmlns=""
												i:type="AxFormDateControl">
												<Name>Overview_DueDate</Name>
												<Type>Date</Type>
												<FormControlExtension
													i:nil="true" />
												<DataField>DueDate</DataField>
												<DataSource>MCSGLImportLineLMS</DataSource>
											</AxFormControl>
											<AxFormControl xmlns=""
												i:type="AxFormStringControl">
												<Name>Overview_DescriptionHeader</Name>
												<Type>String</Type>
												<FormControlExtension
													i:nil="true" />
												<DataField>DescriptionHeader</DataField>
												<DataSource>MCSGLImportLineLMS</DataSource>
											</AxFormControl>
											<AxFormControl xmlns=""
												i:type="AxFormStringControl">
												<Name>Overview_BillTo</Name>
												<Type>String</Type>
												<FormControlExtension
													i:nil="true" />
												<DataField>BillTo</DataField>
												<DataSource>MCSGLImportLineLMS</DataSource>
											</AxFormControl>
											<AxFormControl xmlns=""
												i:type="AxFormStringControl">
												<Name>Overview_Reference</Name>
												<Type>String</Type>
												<FormControlExtension
													i:nil="true" />
												<DataField>Reference</DataField>
												<DataSource>MCSGLImportLineLMS</DataSource>
											</AxFormControl>
											<AxFormControl xmlns=""
												i:type="AxFormDateControl">
												<Name>Overview_ToDate</Name>
												<Type>Date</Type>
												<FormControlExtension
													i:nil="true" />
												<DataField>ToDate</DataField>
												<DataSource>MCSGLImportLineLMS</DataSource>
											</AxFormControl>
											<AxFormControl xmlns=""
												i:type="AxFormDateControl">
												<Name>Overview_FromDate</Name>
												<Type>Date</Type>
												<FormControlExtension
													i:nil="true" />
												<DataField>FromDate</DataField>
												<DataSource>MCSGLImportLineLMS</DataSource>
											</AxFormControl>
											<AxFormControl xmlns=""
												i:type="AxFormStringControl">
												<Name>Overview_Days</Name>
												<Type>String</Type>
												<FormControlExtension
													i:nil="true" />
												<DataField>Days</DataField>
												<DataSource>MCSGLImportLineLMS</DataSource>
											</AxFormControl>
											<AxFormControl xmlns=""
												i:type="AxFormStringControl">
												<Name>Overview_DayYear</Name>
												<Type>String</Type>
												<FormControlExtension
													i:nil="true" />
												<DataField>DayYear</DataField>
												<DataSource>MCSGLImportLineLMS</DataSource>
											</AxFormControl>
											<AxFormControl xmlns=""
												i:type="AxFormRealControl">
												<Name>Overview_Rate</Name>
												<Type>Real</Type>
												<FormControlExtension
													i:nil="true" />
												<DataField>Rate</DataField>
												<DataSource>MCSGLImportLineLMS</DataSource>
											</AxFormControl>
											<AxFormControl xmlns=""
												i:type="AxFormStringControl">
												<Name>Overview_Description</Name>
												<Type>String</Type>
												<FormControlExtension
													i:nil="true" />
												<DataField>Description</DataField>
												<DataSource>MCSGLImportLineLMS</DataSource>
											</AxFormControl>
											<AxFormControl xmlns=""
												i:type="AxFormStringControl">
												<Name>Overview_FeeBased</Name>
												<Type>String</Type>
												<FormControlExtension
													i:nil="true" />
												<DataField>FeeBased</DataField>
												<DataSource>MCSGLImportLineLMS</DataSource>
											</AxFormControl>
											<AxFormControl xmlns=""
												i:type="AxFormRealControl">
												<Name>Overview_Amount</Name>
												<Type>Real</Type>
												<FormControlExtension
													i:nil="true" />
												<DataField>Amount</DataField>
												<DataSource>MCSGLImportLineLMS</DataSource>
											</AxFormControl>
											<AxFormControl xmlns=""
												i:type="AxFormRealControl">
												<Name>Overview_FacilityAmount</Name>
												<Type>Real</Type>
												<FormControlExtension
													i:nil="true" />
												<DataField>FacilityAmount</DataField>
												<DataSource>MCSGLImportLineLMS</DataSource>
											</AxFormControl>
										</Controls>
										<DataSource>MCSGLImportLineLMS</DataSource>
									</AxFormControl>
								</Controls>
								<DataSource>MCSGLImportLineLMS</DataSource>
								<VisibleRows>15</VisibleRows>
								<VisibleRowsMode>Fixed</VisibleRowsMode>
							</AxFormControl>
							<AxFormControl xmlns=""
								i:type="AxFormGroupControl">
								<Name>BottomGroupLines</Name>
								<Pattern>FillText</Pattern>
								<PatternVersion>UX7 1.0</PatternVersion>
								<Type>Group</Type>
								<WidthMode>SizeToAvailable</WidthMode>
								<FormControlExtension
									i:nil="true" />
								<Controls>
									<AxFormControl xmlns=""
										i:type="AxFormStringControl">
										<Name>MCSGLImportLine_Notes</Name>
										<HeightMode>SizeToAvailable</HeightMode>
										<Type>String</Type>
										<WidthMode>SizeToAvailable</WidthMode>
										<FormControlExtension
											i:nil="true" />
										<DataField>Notes</DataField>
										<DataSource>MCSGLImportLineLMS</DataSource>
									</AxFormControl>
								</Controls>
							</AxFormControl>
						</Controls>
						<Caption>@SYS15451</Caption>
						<FastTabExpanded>Yes</FastTabExpanded>
					</AxFormControl>
				</Controls>
				<Style>FastTabs</Style>
			</AxFormControl>
		</Controls>
	</Design>
	<Parts />
</AxForm>