<?xml version="1.0" encoding="utf-8"?>
<AxForm xmlns:i="http://www.w3.org/2001/XMLSchema-instance" xmlns="Microsoft.Dynamics.AX.Metadata.V6">
	<Name>MCSLedgerJournalTableOCR</Name>
	<SourceCode>
		<Methods xmlns="">
			<Method>
				<Name>classDeclaration</Name>
				<Source><![CDATA[
[Form]
public class MCSLedgerJournalTableOCR extends FormRun
{
    QueryBuildRange                  range; 
    QueryBuildRange                  posted;

}
]]></Source>
			</Method>
			<Method>
				<Name>refresh</Name>
				<Source><![CDATA[
    public void refresh()
    {
        LedgerJournalTable_ds.reread();
        LedgerJournalTable_ds.refresh();

       // element.setAccountAccess();
       // element.showProperJournalLinesButton();
    }

]]></Source>
			</Method>
			<Method>
				<Name>updateInvoiceNumber</Name>
				<Source><![CDATA[
    private void updateInvoiceNumber()
    {
        LedgerJournalTable LedgerJournalTableLoc; 
        LedgerJournalTrans LedgerJournalTransLoc;

        while select LedgerJournalTableLoc
            where LedgerJournalTableLoc.JournalType == LedgerJournalType::VendInvoiceRegister
            && LedgerJournalTableLoc.Posted == NoYes::No
        {
            select firstonly LedgerJournalTransLoc
                where LedgerJournalTransLoc.JournalNum == LedgerJournalTableLoc.JournalNum;

            ttsbegin; 
            LedgerJournalTableLoc.selectForUpdate(true); 
            LedgerJournalTableLoc.MCSVendAccount = LedgerDimensionFacade::getDisplayValueForLedgerDimension(LedgerJournalTransLoc.LedgerDimension); 
            LedgerJournalTableLoc.MCSInvoiceId = LedgerJournalTransLoc.Invoice; 
            LedgerJournalTableLoc.doUpdate(); 
            ttscommit; 

        }
    }

]]></Source>
			</Method>
			<Method>
				<Name>init</Name>
				<Source><![CDATA[
    /// <summary>
    ///
    /// </summary>
    public void init()
    {
        this.updateInvoiceNumber(); 

        super();
    }

]]></Source>
			</Method>
		</Methods>
		<DataSources xmlns="">
			<DataSource>
				<Name>LedgerJournalTable</Name>
				<Methods>
					<Method>
						<Name>init</Name>
						<Source><![CDATA[
        /// <summary>
        ///
        /// </summary>
        public void init()
        {
            super();

            range = this.query().dataSourceName('LedgerJournalTable').addRange(fieldNum(LedgerJournalTable, JournalType));
            posted = this.query().dataSourceName('LedgerJournalTable').addRange(fieldNum(LedgerJournalTable, posted));
        }

]]></Source>
					</Method>
					<Method>
						<Name>executeQuery</Name>
						<Source><![CDATA[
        /// <summary>
        ///
        /// </summary>
        public void executeQuery()
        {
            range.value(queryValue(enum2Str(LedgerJournalType::VendInvoiceRegister)));
            posted.value(queryValue(enum2Str(Noyes::No)));
            super();
        }

]]></Source>
					</Method>
				</Methods>
				<Fields />
			</DataSource>
		</DataSources>
		<DataControls xmlns="" />
		<Members xmlns="" />
	</SourceCode>
	<DataSources>
		<AxFormDataSource xmlns="">
			<Name>LedgerJournalTable</Name>
			<Table>LedgerJournalTable</Table>
			<Fields>
				<AxFormDataSourceField>
					<DataField>Approver</DataField>
				</AxFormDataSourceField>
				<AxFormDataSourceField>
					<DataField>AssetTransferType_LT</DataField>
				</AxFormDataSourceField>
				<AxFormDataSourceField>
					<DataField>BankAccountId</DataField>
				</AxFormDataSourceField>
				<AxFormDataSourceField>
					<DataField>BankRemittanceType</DataField>
				</AxFormDataSourceField>
				<AxFormDataSourceField>
					<DataField>BankTransSummarizationCriteria</DataField>
				</AxFormDataSourceField>
				<AxFormDataSourceField>
					<DataField>BankTransSummarizationEnabled</DataField>
				</AxFormDataSourceField>
				<AxFormDataSourceField>
					<DataField>CreatedBy</DataField>
				</AxFormDataSourceField>
				<AxFormDataSourceField>
					<DataField>CurrencyCode</DataField>
				</AxFormDataSourceField>
				<AxFormDataSourceField>
					<DataField>CurrentOperationsTax</DataField>
				</AxFormDataSourceField>
				<AxFormDataSourceField>
					<DataField>CustVendNegInstProtestProcess</DataField>
				</AxFormDataSourceField>
				<AxFormDataSourceField>
					<DataField>DataAreaId</DataField>
				</AxFormDataSourceField>
				<AxFormDataSourceField>
					<DataField>DefaultDimension</DataField>
				</AxFormDataSourceField>
				<AxFormDataSourceField>
					<DataField>DelayTaxCalculation</DataField>
				</AxFormDataSourceField>
				<AxFormDataSourceField>
					<DataField>DetailSummaryPosting</DataField>
				</AxFormDataSourceField>
				<AxFormDataSourceField>
					<DataField>DocumentNum</DataField>
				</AxFormDataSourceField>
				<AxFormDataSourceField>
					<DataField>EndBalance</DataField>
				</AxFormDataSourceField>
				<AxFormDataSourceField>
					<DataField>EUROTriangulation</DataField>
				</AxFormDataSourceField>
				<AxFormDataSourceField>
					<DataField>ExchRate</DataField>
				</AxFormDataSourceField>
				<AxFormDataSourceField>
					<DataField>ExchrateSecondary</DataField>
				</AxFormDataSourceField>
				<AxFormDataSourceField>
					<DataField>FinTag</DataField>
				</AxFormDataSourceField>
				<AxFormDataSourceField>
					<DataField>FixedExchRate</DataField>
				</AxFormDataSourceField>
				<AxFormDataSourceField>
					<DataField>FixedOffsetAccount</DataField>
				</AxFormDataSourceField>
				<AxFormDataSourceField>
					<DataField>GroupBlockId</DataField>
				</AxFormDataSourceField>
				<AxFormDataSourceField>
					<DataField>IntegrationKey</DataField>
				</AxFormDataSourceField>
				<AxFormDataSourceField>
					<DataField>InUseBy</DataField>
				</AxFormDataSourceField>
				<AxFormDataSourceField>
					<DataField>IsAdjustmentJournal</DataField>
				</AxFormDataSourceField>
				<AxFormDataSourceField>
					<DataField>IsLedgerDimensionNameUpdated</DataField>
				</AxFormDataSourceField>
				<AxFormDataSourceField>
					<DataField>JournalBalance</DataField>
				</AxFormDataSourceField>
				<AxFormDataSourceField>
					<DataField>JournalName</DataField>
				</AxFormDataSourceField>
				<AxFormDataSourceField>
					<DataField>JournalNum</DataField>
				</AxFormDataSourceField>
				<AxFormDataSourceField>
					<DataField>JournalTotalCredit</DataField>
				</AxFormDataSourceField>
				<AxFormDataSourceField>
					<DataField>JournalTotalCreditReportingCurrency</DataField>
				</AxFormDataSourceField>
				<AxFormDataSourceField>
					<DataField>JournalTotalDebit</DataField>
				</AxFormDataSourceField>
				<AxFormDataSourceField>
					<DataField>JournalTotalDebitReportingCurrency</DataField>
				</AxFormDataSourceField>
				<AxFormDataSourceField>
					<DataField>journalTotalOffsetBalance</DataField>
				</AxFormDataSourceField>
				<AxFormDataSourceField>
					<DataField>JournalType</DataField>
				</AxFormDataSourceField>
				<AxFormDataSourceField>
					<DataField>LedgerJournalInclTax</DataField>
				</AxFormDataSourceField>
				<AxFormDataSourceField>
					<DataField>LinesLimitBeforeDistribution</DataField>
				</AxFormDataSourceField>
				<AxFormDataSourceField>
					<DataField>Log</DataField>
				</AxFormDataSourceField>
				<AxFormDataSourceField>
					<DataField>MCSInvoiceId</DataField>
				</AxFormDataSourceField>
				<AxFormDataSourceField>
					<DataField>MCSVendAccount</DataField>
				</AxFormDataSourceField>
				<AxFormDataSourceField>
					<DataField>ModifiedBy</DataField>
				</AxFormDataSourceField>
				<AxFormDataSourceField>
					<DataField>Name</DataField>
				</AxFormDataSourceField>
				<AxFormDataSourceField>
					<DataField>NumberSequenceTable</DataField>
				</AxFormDataSourceField>
				<AxFormDataSourceField>
					<DataField>NumOfLines</DataField>
				</AxFormDataSourceField>
				<AxFormDataSourceField>
					<DataField>OffsetAccountType</DataField>
				</AxFormDataSourceField>
				<AxFormDataSourceField>
					<DataField>OffsetLedgerDimension</DataField>
				</AxFormDataSourceField>
				<AxFormDataSourceField>
					<DataField>OriginalCompany</DataField>
				</AxFormDataSourceField>
				<AxFormDataSourceField>
					<DataField>OriginalJournalNum</DataField>
				</AxFormDataSourceField>
				<AxFormDataSourceField>
					<DataField>OverrideSalesTax</DataField>
				</AxFormDataSourceField>
				<AxFormDataSourceField>
					<DataField>PackedExtensions</DataField>
				</AxFormDataSourceField>
				<AxFormDataSourceField>
					<DataField>ParentJournalNum</DataField>
				</AxFormDataSourceField>
				<AxFormDataSourceField>
					<DataField>Partition</DataField>
				</AxFormDataSourceField>
				<AxFormDataSourceField>
					<DataField>PaymentsGenerated_IT</DataField>
				</AxFormDataSourceField>
				<AxFormDataSourceField>
					<DataField>Posted</DataField>
				</AxFormDataSourceField>
				<AxFormDataSourceField>
					<DataField>PostedDateTime</DataField>
				</AxFormDataSourceField>
				<AxFormDataSourceField>
					<DataField>ProtestSettledBill</DataField>
				</AxFormDataSourceField>
				<AxFormDataSourceField>
					<DataField>RecId</DataField>
				</AxFormDataSourceField>
				<AxFormDataSourceField>
					<DataField>RejectedBy</DataField>
				</AxFormDataSourceField>
				<AxFormDataSourceField>
					<DataField>RemoveLineAfterPosting</DataField>
				</AxFormDataSourceField>
				<AxFormDataSourceField>
					<DataField>ReportedAsReadyBy</DataField>
				</AxFormDataSourceField>
				<AxFormDataSourceField>
					<DataField>ReportingCurrencyExchRate</DataField>
				</AxFormDataSourceField>
				<AxFormDataSourceField>
					<DataField>ReportingCurrencyExchRateSecondary</DataField>
				</AxFormDataSourceField>
				<AxFormDataSourceField>
					<DataField>ReportingCurrencyFixedExchRate</DataField>
				</AxFormDataSourceField>
				<AxFormDataSourceField>
					<DataField>RetailStatementId</DataField>
				</AxFormDataSourceField>
				<AxFormDataSourceField>
					<DataField>ReverseDate</DataField>
				</AxFormDataSourceField>
				<AxFormDataSourceField>
					<DataField>ReverseEntry</DataField>
				</AxFormDataSourceField>
				<AxFormDataSourceField>
					<DataField>SessionId</DataField>
				</AxFormDataSourceField>
				<AxFormDataSourceField>
					<DataField>SessionLoginDateTime</DataField>
				</AxFormDataSourceField>
				<AxFormDataSourceField>
					<DataField>SimulationPosted_IT</DataField>
				</AxFormDataSourceField>
				<AxFormDataSourceField>
					<DataField>SysRowVersionNumber</DataField>
				</AxFormDataSourceField>
				<AxFormDataSourceField>
					<DataField>SystemBlocked</DataField>
				</AxFormDataSourceField>
				<AxFormDataSourceField>
					<DataField>SystemBlockedReason</DataField>
				</AxFormDataSourceField>
				<AxFormDataSourceField>
					<DataField>TableId</DataField>
				</AxFormDataSourceField>
				<AxFormDataSourceField>
					<DataField>TaxObligationCompany</DataField>
				</AxFormDataSourceField>
				<AxFormDataSourceField>
					<DataField>UserBlockId</DataField>
				</AxFormDataSourceField>
				<AxFormDataSourceField>
					<DataField>VoucherAllocatedAtPosting</DataField>
				</AxFormDataSourceField>
				<AxFormDataSourceField>
					<DataField>WorkflowApprovalStatus</DataField>
				</AxFormDataSourceField>
			</Fields>
			<ReferencedDataSources />
			<AllowCreate>No</AllowCreate>
			<AllowDelete>No</AllowDelete>
			<AllowEdit>No</AllowEdit>
			<DataSourceLinks />
			<DerivedDataSources />
		</AxFormDataSource>
		<AxFormDataSource xmlns="">
			<Name>LedgerJournalTrans</Name>
			<Table>LedgerJournalTrans</Table>
			<Fields>
				<AxFormDataSourceField>
					<DataField>AccountAgreementId_RU</DataField>
				</AxFormDataSourceField>
				<AxFormDataSourceField>
					<DataField>AccountType</DataField>
				</AxFormDataSourceField>
				<AxFormDataSourceField>
					<DataField>AcknowledgementDate</DataField>
				</AxFormDataSourceField>
				<AxFormDataSourceField>
					<DataField>Addressing_PL</DataField>
				</AxFormDataSourceField>
				<AxFormDataSourceField>
					<DataField>AgreementCompany_RU</DataField>
				</AxFormDataSourceField>
				<AxFormDataSourceField>
					<DataField>AmountCurCredit</DataField>
				</AxFormDataSourceField>
				<AxFormDataSourceField>
					<DataField>AmountCurDebit</DataField>
				</AxFormDataSourceField>
				<AxFormDataSourceField>
					<DataField>AnnouncementNum_RU</DataField>
				</AxFormDataSourceField>
				<AxFormDataSourceField>
					<DataField>Approved</DataField>
				</AxFormDataSourceField>
				<AxFormDataSourceField>
					<DataField>Approver</DataField>
				</AxFormDataSourceField>
				<AxFormDataSourceField>
					<DataField>AssessableValue_IN</DataField>
				</AxFormDataSourceField>
				<AxFormDataSourceField>
					<DataField>Attachments_CN</DataField>
				</AxFormDataSourceField>
				<AxFormDataSourceField>
					<DataField>BankAccountId</DataField>
				</AxFormDataSourceField>
				<AxFormDataSourceField>
					<DataField>BankAgreementExt_RU</DataField>
				</AxFormDataSourceField>
				<AxFormDataSourceField>
					<DataField>BankBillOfExchangeNum</DataField>
				</AxFormDataSourceField>
				<AxFormDataSourceField>
					<DataField>BankCentralBankPurposeCode</DataField>
				</AxFormDataSourceField>
				<AxFormDataSourceField>
					<DataField>BankCentralBankPurposeText</DataField>
				</AxFormDataSourceField>
				<AxFormDataSourceField>
					<DataField>BankCentralBankTransTypeCur_RU</DataField>
				</AxFormDataSourceField>
				<AxFormDataSourceField>
					<DataField>BankChequeDepositTransRefRecID</DataField>
				</AxFormDataSourceField>
				<AxFormDataSourceField>
					<DataField>BankChequeNum</DataField>
				</AxFormDataSourceField>
				<AxFormDataSourceField>
					<DataField>BankClientDocumentTypeId_RU</DataField>
				</AxFormDataSourceField>
				<AxFormDataSourceField>
					<DataField>BankCommAccountId_RU</DataField>
				</AxFormDataSourceField>
				<AxFormDataSourceField>
					<DataField>BankCurrency</DataField>
				</AxFormDataSourceField>
				<AxFormDataSourceField>
					<DataField>BankCurrencyAmount</DataField>
				</AxFormDataSourceField>
				<AxFormDataSourceField>
					<DataField>BankCurrencyDealCourse_RU</DataField>
				</AxFormDataSourceField>
				<AxFormDataSourceField>
					<DataField>BankCurrencyTransferLog_RU</DataField>
				</AxFormDataSourceField>
				<AxFormDataSourceField>
					<DataField>BankDepositNum</DataField>
				</AxFormDataSourceField>
				<AxFormDataSourceField>
					<DataField>BankDepositVoucher</DataField>
				</AxFormDataSourceField>
				<AxFormDataSourceField>
					<DataField>BankNegInstRecipientName</DataField>
				</AxFormDataSourceField>
				<AxFormDataSourceField>
					<DataField>BankPaymentRegistrationNum_LV</DataField>
				</AxFormDataSourceField>
				<AxFormDataSourceField>
					<DataField>BankPrintAccountNum_RU</DataField>
				</AxFormDataSourceField>
				<AxFormDataSourceField>
					<DataField>BankPromissoryNoteNum</DataField>
				</AxFormDataSourceField>
				<AxFormDataSourceField>
					<DataField>BankReconcileAccountAtPost</DataField>
				</AxFormDataSourceField>
				<AxFormDataSourceField>
					<DataField>BankRemittanceFileId</DataField>
				</AxFormDataSourceField>
				<AxFormDataSourceField>
					<DataField>BankRemittanceType</DataField>
				</AxFormDataSourceField>
				<AxFormDataSourceField>
					<DataField>BankRespWorkerId_RU</DataField>
				</AxFormDataSourceField>
				<AxFormDataSourceField>
					<DataField>BankSpecAccountId_RU</DataField>
				</AxFormDataSourceField>
				<AxFormDataSourceField>
					<DataField>BankTransSummarizationId</DataField>
				</AxFormDataSourceField>
				<AxFormDataSourceField>
					<DataField>BankTransType</DataField>
				</AxFormDataSourceField>
				<AxFormDataSourceField>
					<DataField>BankVendAccountId_RU</DataField>
				</AxFormDataSourceField>
				<AxFormDataSourceField>
					<DataField>BudgetSourceLedgerEntryUnposted</DataField>
				</AxFormDataSourceField>
				<AxFormDataSourceField>
					<DataField>Cancel</DataField>
				</AxFormDataSourceField>
				<AxFormDataSourceField>
					<DataField>CashDiscAmount</DataField>
				</AxFormDataSourceField>
				<AxFormDataSourceField>
					<DataField>CashDiscBaseDate</DataField>
				</AxFormDataSourceField>
				<AxFormDataSourceField>
					<DataField>CashDiscBaseDays</DataField>
				</AxFormDataSourceField>
				<AxFormDataSourceField>
					<DataField>CashDiscCode</DataField>
				</AxFormDataSourceField>
				<AxFormDataSourceField>
					<DataField>CashDiscPercent</DataField>
				</AxFormDataSourceField>
				<AxFormDataSourceField>
					<DataField>CashReceiptNum_LV</DataField>
				</AxFormDataSourceField>
				<AxFormDataSourceField>
					<DataField>CFDIUUID_MX</DataField>
				</AxFormDataSourceField>
				<AxFormDataSourceField>
					<DataField>CommProfileType_RU</DataField>
				</AxFormDataSourceField>
				<AxFormDataSourceField>
					<DataField>Company</DataField>
				</AxFormDataSourceField>
				<AxFormDataSourceField>
					<DataField>CompanyLocation_IN</DataField>
				</AxFormDataSourceField>
				<AxFormDataSourceField>
					<DataField>ConsignmentNoteNum_IN</DataField>
				</AxFormDataSourceField>
				<AxFormDataSourceField>
					<DataField>Correct_RU</DataField>
				</AxFormDataSourceField>
				<AxFormDataSourceField>
					<DataField>CorrectedInvoiceDate_RU</DataField>
				</AxFormDataSourceField>
				<AxFormDataSourceField>
					<DataField>CorrectedInvoiceId_RU</DataField>
				</AxFormDataSourceField>
				<AxFormDataSourceField>
					<DataField>CorrectionType_RU</DataField>
				</AxFormDataSourceField>
				<AxFormDataSourceField>
					<DataField>CreditCardAuthTransRefId</DataField>
				</AxFormDataSourceField>
				<AxFormDataSourceField>
					<DataField>CurrencyCode</DataField>
				</AxFormDataSourceField>
				<AxFormDataSourceField>
					<DataField>CustBankAccount</DataField>
				</AxFormDataSourceField>
				<AxFormDataSourceField>
					<DataField>CustEinvoicePaymDeliveryNum</DataField>
				</AxFormDataSourceField>
				<AxFormDataSourceField>
					<DataField>CustEinvoicePaymSectionNum</DataField>
				</AxFormDataSourceField>
				<AxFormDataSourceField>
					<DataField>CustEinvoicePaymTransNum</DataField>
				</AxFormDataSourceField>
				<AxFormDataSourceField>
					<DataField>CustFactureAutoCreate_RU</DataField>
				</AxFormDataSourceField>
				<AxFormDataSourceField>
					<DataField>CustomerLocation_IN</DataField>
				</AxFormDataSourceField>
				<AxFormDataSourceField>
					<DataField>CustomerTaxInformation_IN</DataField>
				</AxFormDataSourceField>
				<AxFormDataSourceField>
					<DataField>CustomsDuty_IN</DataField>
				</AxFormDataSourceField>
				<AxFormDataSourceField>
					<DataField>CustomsTariffCodeTable_IN</DataField>
				</AxFormDataSourceField>
				<AxFormDataSourceField>
					<DataField>CustomsTariffDirection_IN</DataField>
				</AxFormDataSourceField>
				<AxFormDataSourceField>
					<DataField>CustTransId</DataField>
				</AxFormDataSourceField>
				<AxFormDataSourceField>
					<DataField>CustVendAccount_PL</DataField>
				</AxFormDataSourceField>
				<AxFormDataSourceField>
					<DataField>CustVendBankAccountId</DataField>
				</AxFormDataSourceField>
				<AxFormDataSourceField>
					<DataField>CustVendName_PL</DataField>
				</AxFormDataSourceField>
				<AxFormDataSourceField>
					<DataField>CustVendNegInstProtestReason</DataField>
				</AxFormDataSourceField>
				<AxFormDataSourceField>
					<DataField>DataAreaId</DataField>
				</AxFormDataSourceField>
				<AxFormDataSourceField>
					<DataField>DateCashDisc</DataField>
				</AxFormDataSourceField>
				<AxFormDataSourceField>
					<DataField>DebitCurrencyCode_LT</DataField>
				</AxFormDataSourceField>
				<AxFormDataSourceField>
					<DataField>DefaultDimension</DataField>
				</AxFormDataSourceField>
				<AxFormDataSourceField>
					<DataField>DEL_AssessableValue_IN</DataField>
				</AxFormDataSourceField>
				<AxFormDataSourceField>
					<DataField>DEL_MaximumRetailPrice_IN</DataField>
				</AxFormDataSourceField>
				<AxFormDataSourceField>
					<DataField>DelayTaxCalculation</DataField>
				</AxFormDataSourceField>
				<AxFormDataSourceField>
					<DataField>DirectDebitMandate</DataField>
				</AxFormDataSourceField>
				<AxFormDataSourceField>
					<DataField>DocumentDate</DataField>
				</AxFormDataSourceField>
				<AxFormDataSourceField>
					<DataField>DocumentNum</DataField>
				</AxFormDataSourceField>
				<AxFormDataSourceField>
					<DataField>Due</DataField>
				</AxFormDataSourceField>
				<AxFormDataSourceField>
					<DataField>ElectronicPaymentNumber</DataField>
				</AxFormDataSourceField>
				<AxFormDataSourceField>
					<DataField>EnterpriseNumber</DataField>
				</AxFormDataSourceField>
				<AxFormDataSourceField>
					<DataField>ErrorCodePayment</DataField>
				</AxFormDataSourceField>
				<AxFormDataSourceField>
					<DataField>EUSalesList</DataField>
				</AxFormDataSourceField>
				<AxFormDataSourceField>
					<DataField>ExchRate</DataField>
				</AxFormDataSourceField>
				<AxFormDataSourceField>
					<DataField>ExchRateSecond</DataField>
				</AxFormDataSourceField>
				<AxFormDataSourceField>
					<DataField>ExciseRecordType_IN</DataField>
				</AxFormDataSourceField>
				<AxFormDataSourceField>
					<DataField>ExciseTariffCodes_IN</DataField>
				</AxFormDataSourceField>
				<AxFormDataSourceField>
					<DataField>ExciseType_IN</DataField>
				</AxFormDataSourceField>
				<AxFormDataSourceField>
					<DataField>Exempt_IN</DataField>
				</AxFormDataSourceField>
				<AxFormDataSourceField>
					<DataField>FBSpedEcfDerexClasificationCode_BR</DataField>
				</AxFormDataSourceField>
				<AxFormDataSourceField>
					<DataField>FileCreated</DataField>
				</AxFormDataSourceField>
				<AxFormDataSourceField>
					<DataField>FinTag</DataField>
				</AxFormDataSourceField>
				<AxFormDataSourceField>
					<DataField>ForeignBankFee_LT</DataField>
				</AxFormDataSourceField>
				<AxFormDataSourceField>
					<DataField>ForeignCompany</DataField>
				</AxFormDataSourceField>
				<AxFormDataSourceField>
					<DataField>ForeignVoucher</DataField>
				</AxFormDataSourceField>
				<AxFormDataSourceField>
					<DataField>FreqCode</DataField>
				</AxFormDataSourceField>
				<AxFormDataSourceField>
					<DataField>FreqValue</DataField>
				</AxFormDataSourceField>
				<AxFormDataSourceField>
					<DataField>FurtherPostingRecId</DataField>
				</AxFormDataSourceField>
				<AxFormDataSourceField>
					<DataField>FurtherPostingType</DataField>
				</AxFormDataSourceField>
				<AxFormDataSourceField>
					<DataField>GSTHSTTaxType_CA</DataField>
				</AxFormDataSourceField>
				<AxFormDataSourceField>
					<DataField>GTAServiceCategory_IN</DataField>
				</AxFormDataSourceField>
				<AxFormDataSourceField>
					<DataField>HSNCodeTable_IN</DataField>
				</AxFormDataSourceField>
				<AxFormDataSourceField>
					<DataField>ImportDate</DataField>
				</AxFormDataSourceField>
				<AxFormDataSourceField>
					<DataField>IncomeClassificationId_BR</DataField>
				</AxFormDataSourceField>
				<AxFormDataSourceField>
					<DataField>InformByPhone_LT</DataField>
				</AxFormDataSourceField>
				<AxFormDataSourceField>
					<DataField>InformByTelex_LT</DataField>
				</AxFormDataSourceField>
				<AxFormDataSourceField>
					<DataField>IntBank_LV</DataField>
				</AxFormDataSourceField>
				<AxFormDataSourceField>
					<DataField>IntentLetterId_IT</DataField>
				</AxFormDataSourceField>
				<AxFormDataSourceField>
					<DataField>IntraComVATDueDate_W</DataField>
				</AxFormDataSourceField>
				<AxFormDataSourceField>
					<DataField>Invisible</DataField>
				</AxFormDataSourceField>
				<AxFormDataSourceField>
					<DataField>Invoice</DataField>
				</AxFormDataSourceField>
				<AxFormDataSourceField>
					<DataField>InvoiceIdentification_IN</DataField>
				</AxFormDataSourceField>
				<AxFormDataSourceField>
					<DataField>InvoiceReleaseDate</DataField>
				</AxFormDataSourceField>
				<AxFormDataSourceField>
					<DataField>InvoiceSeries_MX</DataField>
				</AxFormDataSourceField>
				<AxFormDataSourceField>
					<DataField>ITCCategory_IN</DataField>
				</AxFormDataSourceField>
				<AxFormDataSourceField>
					<DataField>JournalNum</DataField>
				</AxFormDataSourceField>
				<AxFormDataSourceField>
					<DataField>LastTransferred</DataField>
				</AxFormDataSourceField>
				<AxFormDataSourceField>
					<DataField>LedgerDimension</DataField>
				</AxFormDataSourceField>
				<AxFormDataSourceField>
					<DataField>LedgerDimensionName</DataField>
				</AxFormDataSourceField>
				<AxFormDataSourceField>
					<DataField>LedgerJournalDlvDate_ES</DataField>
				</AxFormDataSourceField>
				<AxFormDataSourceField>
					<DataField>LedgerVoucherType_CN</DataField>
				</AxFormDataSourceField>
				<AxFormDataSourceField>
					<DataField>LineNum</DataField>
				</AxFormDataSourceField>
				<AxFormDataSourceField>
					<DataField>Listcode</DataField>
				</AxFormDataSourceField>
				<AxFormDataSourceField>
					<DataField>LoadingDate</DataField>
				</AxFormDataSourceField>
				<AxFormDataSourceField>
					<DataField>MainAccountType</DataField>
				</AxFormDataSourceField>
				<AxFormDataSourceField>
					<DataField>MarkedInvoice</DataField>
				</AxFormDataSourceField>
				<AxFormDataSourceField>
					<DataField>MarkedInvoiceCompany</DataField>
				</AxFormDataSourceField>
				<AxFormDataSourceField>
					<DataField>MarkedInvoiceRecId</DataField>
				</AxFormDataSourceField>
				<AxFormDataSourceField>
					<DataField>MarkupCode_RU</DataField>
				</AxFormDataSourceField>
				<AxFormDataSourceField>
					<DataField>MaximumRetailPrice_IN</DataField>
				</AxFormDataSourceField>
				<AxFormDataSourceField>
					<DataField>MCRCCGeneralLedgerId</DataField>
				</AxFormDataSourceField>
				<AxFormDataSourceField>
					<DataField>MCRPaymOrderID</DataField>
				</AxFormDataSourceField>
				<AxFormDataSourceField>
					<DataField>MCRPrintTxtOnCheck</DataField>
				</AxFormDataSourceField>
				<AxFormDataSourceField>
					<DataField>MCRRefPaymID</DataField>
				</AxFormDataSourceField>
				<AxFormDataSourceField>
					<DataField>ModifiedDateTime</DataField>
				</AxFormDataSourceField>
				<AxFormDataSourceField>
					<DataField>NatureOfAssessee_IN</DataField>
				</AxFormDataSourceField>
				<AxFormDataSourceField>
					<DataField>NegInstId</DataField>
				</AxFormDataSourceField>
				<AxFormDataSourceField>
					<DataField>NoEdit</DataField>
				</AxFormDataSourceField>
				<AxFormDataSourceField>
					<DataField>NonBusinessUsagePercentage_IN</DataField>
				</AxFormDataSourceField>
				<AxFormDataSourceField>
					<DataField>NonRecoverablePercent_IN</DataField>
				</AxFormDataSourceField>
				<AxFormDataSourceField>
					<DataField>OffSessionId_RU</DataField>
				</AxFormDataSourceField>
				<AxFormDataSourceField>
					<DataField>OffsetAccountAgreementId_RU</DataField>
				</AxFormDataSourceField>
				<AxFormDataSourceField>
					<DataField>OffsetAccountType</DataField>
				</AxFormDataSourceField>
				<AxFormDataSourceField>
					<DataField>OffsetAgreementCompany_RU</DataField>
				</AxFormDataSourceField>
				<AxFormDataSourceField>
					<DataField>OffsetCompany</DataField>
				</AxFormDataSourceField>
				<AxFormDataSourceField>
					<DataField>OffsetDefaultDimension</DataField>
				</AxFormDataSourceField>
				<AxFormDataSourceField>
					<DataField>OffsetFinTag</DataField>
				</AxFormDataSourceField>
				<AxFormDataSourceField>
					<DataField>OffsetLedgerDimension</DataField>
				</AxFormDataSourceField>
				<AxFormDataSourceField>
					<DataField>OffsetPostingProfile_RU</DataField>
				</AxFormDataSourceField>
				<AxFormDataSourceField>
					<DataField>OffsetTxt</DataField>
				</AxFormDataSourceField>
				<AxFormDataSourceField>
					<DataField>OldLineNum</DataField>
				</AxFormDataSourceField>
				<AxFormDataSourceField>
					<DataField>OperationType_MX</DataField>
				</AxFormDataSourceField>
				<AxFormDataSourceField>
					<DataField>OriginalTransactionDate_IN</DataField>
				</AxFormDataSourceField>
				<AxFormDataSourceField>
					<DataField>OriginalTransactionID_IN</DataField>
				</AxFormDataSourceField>
				<AxFormDataSourceField>
					<DataField>PackedExtensions</DataField>
				</AxFormDataSourceField>
				<AxFormDataSourceField>
					<DataField>Partition</DataField>
				</AxFormDataSourceField>
				<AxFormDataSourceField>
					<DataField>Payment</DataField>
				</AxFormDataSourceField>
				<AxFormDataSourceField>
					<DataField>PaymentAccount</DataField>
				</AxFormDataSourceField>
				<AxFormDataSourceField>
					<DataField>PaymentNotes</DataField>
				</AxFormDataSourceField>
				<AxFormDataSourceField>
					<DataField>PaymentPriority_LT</DataField>
				</AxFormDataSourceField>
				<AxFormDataSourceField>
					<DataField>PaymentSequenceNum</DataField>
				</AxFormDataSourceField>
				<AxFormDataSourceField>
					<DataField>PaymentStatus</DataField>
				</AxFormDataSourceField>
				<AxFormDataSourceField>
					<DataField>PaymId</DataField>
				</AxFormDataSourceField>
				<AxFormDataSourceField>
					<DataField>PaymInstruction1</DataField>
				</AxFormDataSourceField>
				<AxFormDataSourceField>
					<DataField>PaymInstruction2</DataField>
				</AxFormDataSourceField>
				<AxFormDataSourceField>
					<DataField>PaymInstruction3</DataField>
				</AxFormDataSourceField>
				<AxFormDataSourceField>
					<DataField>PaymInstruction4</DataField>
				</AxFormDataSourceField>
				<AxFormDataSourceField>
					<DataField>PaymMode</DataField>
				</AxFormDataSourceField>
				<AxFormDataSourceField>
					<DataField>PaymPurpose_LT</DataField>
				</AxFormDataSourceField>
				<AxFormDataSourceField>
					<DataField>PaymReference</DataField>
				</AxFormDataSourceField>
				<AxFormDataSourceField>
					<DataField>PaymSched</DataField>
				</AxFormDataSourceField>
				<AxFormDataSourceField>
					<DataField>PaymSpec</DataField>
				</AxFormDataSourceField>
				<AxFormDataSourceField>
					<DataField>PlafondDate_IT</DataField>
				</AxFormDataSourceField>
				<AxFormDataSourceField>
					<DataField>PoolRecId</DataField>
				</AxFormDataSourceField>
				<AxFormDataSourceField>
					<DataField>PostingProfile</DataField>
				</AxFormDataSourceField>
				<AxFormDataSourceField>
					<DataField>Prepayment</DataField>
				</AxFormDataSourceField>
				<AxFormDataSourceField>
					<DataField>Price</DataField>
				</AxFormDataSourceField>
				<AxFormDataSourceField>
					<DataField>ProvisionalAssessment_IN</DataField>
				</AxFormDataSourceField>
				<AxFormDataSourceField>
					<DataField>PurchIdRange</DataField>
				</AxFormDataSourceField>
				<AxFormDataSourceField>
					<DataField>PurchLedgerPosting</DataField>
				</AxFormDataSourceField>
				<AxFormDataSourceField>
					<DataField>Qty</DataField>
				</AxFormDataSourceField>
				<AxFormDataSourceField>
					<DataField>RCashDocRepresPersonId</DataField>
				</AxFormDataSourceField>
				<AxFormDataSourceField>
					<DataField>RCashDocRepresType</DataField>
				</AxFormDataSourceField>
				<AxFormDataSourceField>
					<DataField>RCashPayTransType</DataField>
				</AxFormDataSourceField>
				<AxFormDataSourceField>
					<DataField>ReasonRefRecID</DataField>
				</AxFormDataSourceField>
				<AxFormDataSourceField>
					<DataField>ReceiptDate_W</DataField>
				</AxFormDataSourceField>
				<AxFormDataSourceField>
					<DataField>RecId</DataField>
				</AxFormDataSourceField>
				<AxFormDataSourceField>
					<DataField>RefCopyReverse_CN</DataField>
				</AxFormDataSourceField>
				<AxFormDataSourceField>
					<DataField>ReleaseDate</DataField>
				</AxFormDataSourceField>
				<AxFormDataSourceField>
					<DataField>ReleaseDateComment</DataField>
				</AxFormDataSourceField>
				<AxFormDataSourceField>
					<DataField>RemainAmount</DataField>
				</AxFormDataSourceField>
				<AxFormDataSourceField>
					<DataField>RemittanceAddress</DataField>
				</AxFormDataSourceField>
				<AxFormDataSourceField>
					<DataField>RemittanceLocation</DataField>
				</AxFormDataSourceField>
				<AxFormDataSourceField>
					<DataField>RemitteeCurrency</DataField>
				</AxFormDataSourceField>
				<AxFormDataSourceField>
					<DataField>ReportingCurrencyExchRate</DataField>
				</AxFormDataSourceField>
				<AxFormDataSourceField>
					<DataField>ReportingCurrencyExchRateSecondary</DataField>
				</AxFormDataSourceField>
				<AxFormDataSourceField>
					<DataField>RepresPersonCard_W</DataField>
				</AxFormDataSourceField>
				<AxFormDataSourceField>
					<DataField>RepresPersonName_W</DataField>
				</AxFormDataSourceField>
				<AxFormDataSourceField>
					<DataField>ReverseDate</DataField>
				</AxFormDataSourceField>
				<AxFormDataSourceField>
					<DataField>ReverseEntry</DataField>
				</AxFormDataSourceField>
				<AxFormDataSourceField>
					<DataField>RevRecId</DataField>
				</AxFormDataSourceField>
				<AxFormDataSourceField>
					<DataField>SalesOrderId</DataField>
				</AxFormDataSourceField>
				<AxFormDataSourceField>
					<DataField>SalesTaxFormTypes_IN</DataField>
				</AxFormDataSourceField>
				<AxFormDataSourceField>
					<DataField>ServiceAccountingCodeTable_IN</DataField>
				</AxFormDataSourceField>
				<AxFormDataSourceField>
					<DataField>ServiceCategory_IN</DataField>
				</AxFormDataSourceField>
				<AxFormDataSourceField>
					<DataField>ServiceCodeTable_IN</DataField>
				</AxFormDataSourceField>
				<AxFormDataSourceField>
					<DataField>SettleVoucher</DataField>
				</AxFormDataSourceField>
				<AxFormDataSourceField>
					<DataField>SkipBlockedForManualEntryCheck</DataField>
				</AxFormDataSourceField>
				<AxFormDataSourceField>
					<DataField>SoftwareDeclReceived_IN</DataField>
				</AxFormDataSourceField>
				<AxFormDataSourceField>
					<DataField>SysRowVersionNumber</DataField>
				</AxFormDataSourceField>
				<AxFormDataSourceField>
					<DataField>TableId</DataField>
				</AxFormDataSourceField>
				<AxFormDataSourceField>
					<DataField>Tax1099Amount</DataField>
				</AxFormDataSourceField>
				<AxFormDataSourceField>
					<DataField>Tax1099Fields</DataField>
				</AxFormDataSourceField>
				<AxFormDataSourceField>
					<DataField>Tax1099RecId</DataField>
				</AxFormDataSourceField>
				<AxFormDataSourceField>
					<DataField>Tax1099State</DataField>
				</AxFormDataSourceField>
				<AxFormDataSourceField>
					<DataField>Tax1099StateAmount</DataField>
				</AxFormDataSourceField>
				<AxFormDataSourceField>
					<DataField>TaxBase_W</DataField>
				</AxFormDataSourceField>
				<AxFormDataSourceField>
					<DataField>TaxCode</DataField>
				</AxFormDataSourceField>
				<AxFormDataSourceField>
					<DataField>TaxDirectionControl</DataField>
				</AxFormDataSourceField>
				<AxFormDataSourceField>
					<DataField>TaxGroup</DataField>
				</AxFormDataSourceField>
				<AxFormDataSourceField>
					<DataField>TaxItemGroup</DataField>
				</AxFormDataSourceField>
				<AxFormDataSourceField>
					<DataField>TaxPeriodPaymentCode_PL</DataField>
				</AxFormDataSourceField>
				<AxFormDataSourceField>
					<DataField>TaxSetoffVoucher_IN</DataField>
				</AxFormDataSourceField>
				<AxFormDataSourceField>
					<DataField>TaxWithholdAlternateVendorAcct_TH</DataField>
				</AxFormDataSourceField>
				<AxFormDataSourceField>
					<DataField>TaxWithholdCalculate_TH</DataField>
				</AxFormDataSourceField>
				<AxFormDataSourceField>
					<DataField>TaxWithholdCode_IN</DataField>
				</AxFormDataSourceField>
				<AxFormDataSourceField>
					<DataField>TaxWithholdGroup</DataField>
				</AxFormDataSourceField>
				<AxFormDataSourceField>
					<DataField>TaxWithholdItemGroupHeading_TH</DataField>
				</AxFormDataSourceField>
				<AxFormDataSourceField>
					<DataField>TCSGroup_IN</DataField>
				</AxFormDataSourceField>
				<AxFormDataSourceField>
					<DataField>TDSGroup_IN</DataField>
				</AxFormDataSourceField>
				<AxFormDataSourceField>
					<DataField>TransactionType</DataField>
				</AxFormDataSourceField>
				<AxFormDataSourceField>
					<DataField>TransDate</DataField>
				</AxFormDataSourceField>
				<AxFormDataSourceField>
					<DataField>Transfer</DataField>
				</AxFormDataSourceField>
				<AxFormDataSourceField>
					<DataField>TransferCurrency_RU</DataField>
				</AxFormDataSourceField>
				<AxFormDataSourceField>
					<DataField>Transferred</DataField>
				</AxFormDataSourceField>
				<AxFormDataSourceField>
					<DataField>TransferredBy</DataField>
				</AxFormDataSourceField>
				<AxFormDataSourceField>
					<DataField>TransferredOn</DataField>
				</AxFormDataSourceField>
				<AxFormDataSourceField>
					<DataField>TransferredTo</DataField>
				</AxFormDataSourceField>
				<AxFormDataSourceField>
					<DataField>Triangulation</DataField>
				</AxFormDataSourceField>
				<AxFormDataSourceField>
					<DataField>Txt</DataField>
				</AxFormDataSourceField>
				<AxFormDataSourceField>
					<DataField>UseOriginalDocumentAsFacture_RU</DataField>
				</AxFormDataSourceField>
				<AxFormDataSourceField>
					<DataField>VatDueDate_W</DataField>
				</AxFormDataSourceField>
				<AxFormDataSourceField>
					<DataField>VATGoodsType_IN</DataField>
				</AxFormDataSourceField>
				<AxFormDataSourceField>
					<DataField>VATNumJournal</DataField>
				</AxFormDataSourceField>
				<AxFormDataSourceField>
					<DataField>VATOnPayment_RU</DataField>
				</AxFormDataSourceField>
				<AxFormDataSourceField>
					<DataField>VATOperationCode_RU</DataField>
				</AxFormDataSourceField>
				<AxFormDataSourceField>
					<DataField>VATPaymRefRecId_RU</DataField>
				</AxFormDataSourceField>
				<AxFormDataSourceField>
					<DataField>VATTaxAgentVendAccount_RU</DataField>
				</AxFormDataSourceField>
				<AxFormDataSourceField>
					<DataField>VendBankAccount</DataField>
				</AxFormDataSourceField>
				<AxFormDataSourceField>
					<DataField>VendInvoiceDeclaration_IS</DataField>
				</AxFormDataSourceField>
				<AxFormDataSourceField>
					<DataField>VendorLocation_IN</DataField>
				</AxFormDataSourceField>
				<AxFormDataSourceField>
					<DataField>VendorTaxInformation_IN</DataField>
				</AxFormDataSourceField>
				<AxFormDataSourceField>
					<DataField>VendorVATDate</DataField>
				</AxFormDataSourceField>
				<AxFormDataSourceField>
					<DataField>VendPaymFeeGroup_JP</DataField>
				</AxFormDataSourceField>
				<AxFormDataSourceField>
					<DataField>VendTransId</DataField>
				</AxFormDataSourceField>
				<AxFormDataSourceField>
					<DataField>Voucher</DataField>
				</AxFormDataSourceField>
				<AxFormDataSourceField>
					<DataField>Voucher_CN</DataField>
				</AxFormDataSourceField>
			</Fields>
			<ReferencedDataSources />
			<JoinSource>LedgerJournalTable</JoinSource>
			<DataSourceLinks />
			<DerivedDataSources />
		</AxFormDataSource>
	</DataSources>
	<Design>
		<Caption xmlns="">@SYS85478</Caption>
		<HideIfEmpty xmlns="">No</HideIfEmpty>
		<Pattern xmlns="">Custom</Pattern>
		<ShowDeleteButton xmlns="">No</ShowDeleteButton>
		<ShowNewButton xmlns="">No</ShowNewButton>
		<TitleDataSource xmlns="">LedgerJournalTable</TitleDataSource>
		<ViewEditMode xmlns="">View</ViewEditMode>
		<WorkflowDataSource xmlns="">LedgerJournalTable</WorkflowDataSource>
		<WorkflowEnabled xmlns="">Yes</WorkflowEnabled>
		<Controls xmlns="">
			<AxFormControl xmlns=""
				i:type="AxFormActionPaneControl">
				<Name>ActionPane</Name>
				<ElementPosition>690262600</ElementPosition>
				<FilterExpression>%1</FilterExpression>
				<HeightMode>Auto</HeightMode>
				<Type>ActionPane</Type>
				<VerticalSpacingMode>Fixed</VerticalSpacingMode>
				<Width>0</Width>
				<FormControlExtension
					i:nil="true" />
				<Controls>
					<AxFormControl xmlns=""
						i:type="AxFormButtonGroupControl">
						<Name>ButtonGroup</Name>
						<ElementPosition>1312351117</ElementPosition>
						<FilterExpression>%1</FilterExpression>
						<HeightMode>Auto</HeightMode>
						<Left>0</Left>
						<Type>ButtonGroup</Type>
						<VerticalSpacing>-1</VerticalSpacing>
						<WidthMode>Auto</WidthMode>
						<FormControlExtension
							i:nil="true" />
						<Controls>
							<AxFormControl xmlns=""
								i:type="AxFormMenuFunctionButtonControl">
								<Name>PostJournalBatch</Name>
								<AutoDeclaration>Yes</AutoDeclaration>
								<Type>MenuFunctionButton</Type>
								<FormControlExtension
									i:nil="true" />
								<ButtonDisplay>TextOnly</ButtonDisplay>
								<DataSource>LedgerJournalTrans</DataSource>
								<MenuItemName>LedgerJourPostLJTransVendInvoice</MenuItemName>
								<MenuItemType>Action</MenuItemType>
								<Text>@GeneralLedger:LedgerJournalPostInBatch</Text>
							</AxFormControl>
							<AxFormControl xmlns=""
								i:type="AxFormMenuFunctionButtonControl">
								<Name>PostJournal</Name>
								<AutoDeclaration>Yes</AutoDeclaration>
								<ElementPosition>1073741822</ElementPosition>
								<FilterExpression>%1</FilterExpression>
								<Type>MenuFunctionButton</Type>
								<VerticalSpacing>-1</VerticalSpacing>
								<FormControlExtension
									i:nil="true" />
								<DataSource>LedgerJournalTrans</DataSource>
								<MenuItemName>LedgerJourPostLJTransVendInvoice</MenuItemName>
								<MenuItemType>Action</MenuItemType>
							</AxFormControl>
							<AxFormControl xmlns=""
								i:type="AxFormMenuButtonControl">
								<Name>buttonCheckJournal</Name>
								<AutoDeclaration>Yes</AutoDeclaration>
								<ElementPosition>495573147</ElementPosition>
								<FilterExpression>%1</FilterExpression>
								<Type>MenuButton</Type>
								<VerticalSpacing>-1</VerticalSpacing>
								<FormControlExtension
									i:nil="true" />
								<Controls>
									<AxFormControl xmlns=""
										i:type="AxFormMenuFunctionButtonControl">
										<Name>CheckJournal</Name>
										<ElementPosition>1073741822</ElementPosition>
										<FilterExpression>%1</FilterExpression>
										<Type>MenuFunctionButton</Type>
										<VerticalSpacing>-1</VerticalSpacing>
										<FormControlExtension
											i:nil="true" />
										<DataSource>LedgerJournalTrans</DataSource>
										<MenuItemName>LedgerJourChkLedgerJourTransVendInvoice</MenuItemName>
										<MenuItemType>Action</MenuItemType>
									</AxFormControl>
									<AxFormControl xmlns=""
										i:type="AxFormMenuFunctionButtonControl">
										<Name>CheckVoucher</Name>
										<ElementPosition>1610612733</ElementPosition>
										<FilterExpression>%1</FilterExpression>
										<Type>MenuFunctionButton</Type>
										<VerticalSpacing>-1</VerticalSpacing>
										<FormControlExtension
											i:nil="true" />
										<DataSource>LedgerJournalTrans</DataSource>
										<MenuItemName>LedgerJourChk1LedgerJourTransVendInvoice</MenuItemName>
										<MenuItemType>Action</MenuItemType>
									</AxFormControl>
									<AxFormControl xmlns=""
										i:type="AxFormMenuFunctionButtonControl">
										<Name>SimulatePosting</Name>
										<Type>MenuFunctionButton</Type>
										<FormControlExtension
											i:nil="true" />
										<MenuItemName>LedgerJournalSimPostVendInvoice</MenuItemName>
										<MenuItemType>Action</MenuItemType>
									</AxFormControl>
								</Controls>
								<Text>@SYS53323</Text>
							</AxFormControl>
						</Controls>
						<ArrangeMethod>Vertical</ArrangeMethod>
						<Columns>2</Columns>
						<Caption>Invoice</Caption>
					</AxFormControl>
				</Controls>
				<AlignChild>No</AlignChild>
				<AlignChildren>No</AlignChildren>
				<ArrangeMethod>Vertical</ArrangeMethod>
			</AxFormControl>
			<AxFormControl xmlns=""
				i:type="AxFormTabControl">
				<Name>MainTab</Name>
				<AlignControl>No</AlignControl>
				<ElementPosition>1717986916</ElementPosition>
				<FilterExpression>%1</FilterExpression>
				<Type>Tab</Type>
				<VerticalSpacing>-1</VerticalSpacing>
				<FormControlExtension
					i:nil="true" />
				<Controls>
					<AxFormControl xmlns=""
						i:type="AxFormTabPageControl">
						<Name>TabPageDetails</Name>
						<AutoDeclaration>Yes</AutoDeclaration>
						<ElementPosition>1610612733</ElementPosition>
						<FilterExpression>%1</FilterExpression>
						<HeightMode>Auto</HeightMode>
						<Type>TabPage</Type>
						<VerticalSpacing>-1</VerticalSpacing>
						<WidthMode>Auto</WidthMode>
						<FormControlExtension
							i:nil="true" />
						<Controls>
							<AxFormControl xmlns=""
								i:type="AxFormGroupControl">
								<Name>ParentGroupControlCopy1</Name>
								<HeightMode>SizeToAvailable</HeightMode>
								<Type>Group</Type>
								<WidthMode>SizeToAvailable</WidthMode>
								<FormControlExtension
									i:nil="true" />
								<Controls>
									<AxFormControl xmlns=""
										i:type="AxFormGroupControl">
										<Name>InvoiceGroupControl</Name>
										<HeightMode>SizeToAvailable</HeightMode>
										<Type>Group</Type>
										<WidthMode>SizeToAvailable</WidthMode>
										<FormControlExtension
											i:nil="true" />
										<Controls>
											<AxFormControl xmlns=""
												i:type="AxFormTabControl">
												<Name>LineViewTab</Name>
												<AlignControl>No</AlignControl>
												<ElementPosition>1431655764</ElementPosition>
												<FilterExpression>%1</FilterExpression>
												<Type>Tab</Type>
												<VerticalSpacing>-1</VerticalSpacing>
												<FormControlExtension
													i:nil="true" />
												<Controls>
													<AxFormControl xmlns=""
														i:type="AxFormTabPageControl">
														<Name>LineViewHeaderDetails</Name>
														<ElementPosition>613566756</ElementPosition>
														<FilterExpression>%1</FilterExpression>
														<HeightMode>Auto</HeightMode>
														<Type>TabPage</Type>
														<VerticalSpacing>-1</VerticalSpacing>
														<WidthMode>SizeToAvailable</WidthMode>
														<FormControlExtension
															i:nil="true" />
														<Controls>
															<AxFormControl xmlns=""
																i:type="AxFormActionPaneControl">
																<Name>FormActionPaneControl1</Name>
																<HeightMode>Auto</HeightMode>
																<Type>ActionPane</Type>
																<FormControlExtension
																	i:nil="true" />
																<Controls />
															</AxFormControl>
															<AxFormControl xmlns=""
																i:type="AxFormGridControl">
																<Name>Header</Name>
																<ElementPosition>1610612734</ElementPosition>
																<FilterExpression>%1</FilterExpression>
																<Type>Grid</Type>
																<VerticalSpacing>-1</VerticalSpacing>
																<FormControlExtension
																	i:nil="true" />
																<Controls>
																	<AxFormControl xmlns=""
																		i:type="AxFormStringControl">
																		<Name>LedgerJournalTable_JournalNumCopy1</Name>
																		<AllowEdit>No</AllowEdit>
																		<AutoDeclaration>Yes</AutoDeclaration>
																		<ElementPosition>585677358</ElementPosition>
																		<FilterExpression>%1</FilterExpression>
																		<HeightMode>Auto</HeightMode>
																		<Type>String</Type>
																		<VerticalSpacing>-1</VerticalSpacing>
																		<WidthMode>Auto</WidthMode>
																		<FormControlExtension
																			i:nil="true" />
																		<DataField>JournalNum</DataField>
																		<DataSource>LedgerJournalTable</DataSource>
																	</AxFormControl>
																	<AxFormControl xmlns=""
																		i:type="AxFormStringControl">
																		<Name>LedgerJournalTable_NameCopy1</Name>
																		<ElementPosition>780903144</ElementPosition>
																		<FilterExpression>%1</FilterExpression>
																		<HeightMode>Auto</HeightMode>
																		<Type>String</Type>
																		<VerticalSpacing>-1</VerticalSpacing>
																		<WidthMode>Auto</WidthMode>
																		<FormControlExtension
																			i:nil="true" />
																		<DataField>Name</DataField>
																		<DataSource>LedgerJournalTable</DataSource>
																	</AxFormControl>
																	<AxFormControl xmlns=""
																		i:type="AxFormDateTimeControl">
																		<Name>LedgerJournalTable_PostedDateCopy1</Name>
																		<AutoDeclaration>Yes</AutoDeclaration>
																		<ElementPosition>1533916890</ElementPosition>
																		<FilterExpression>%1</FilterExpression>
																		<Type>DateTime</Type>
																		<VerticalSpacing>-1</VerticalSpacing>
																		<FormControlExtension
																			i:nil="true" />
																		<DataField>PostedDateTime</DataField>
																		<DataSource>LedgerJournalTable</DataSource>
																	</AxFormControl>
																	<AxFormControl xmlns=""
																		i:type="AxFormStringControl">
																		<Name>LedgerJournalTable_MCSVendAccountCopy1</Name>
																		<Type>String</Type>
																		<FormControlExtension
																			i:nil="true" />
																		<DataField>MCSVendAccount</DataField>
																		<DataSource>LedgerJournalTable</DataSource>
																	</AxFormControl>
																	<AxFormControl xmlns=""
																		i:type="AxFormStringControl">
																		<Name>LedgerJournalTable_MCSInvoiceIdCopy1</Name>
																		<Type>String</Type>
																		<FormControlExtension
																			i:nil="true" />
																		<DataField>MCSInvoiceId</DataField>
																		<DataSource>LedgerJournalTable</DataSource>
																	</AxFormControl>
																</Controls>
															</AxFormControl>
														</Controls>
														<Caption>@SYS341824</Caption>
														<DataSource>LedgerJournalTable</DataSource>
														<FastTabExpanded>Always</FastTabExpanded>
														<Scrollbars>Auto</Scrollbars>
													</AxFormControl>
													<AxFormControl xmlns=""
														i:type="AxFormTabPageControl">
														<Name>LineViewLines</Name>
														<ElementPosition>920350134</ElementPosition>
														<FilterExpression>%1</FilterExpression>
														<HeightMode>SizeToAvailable</HeightMode>
														<Type>TabPage</Type>
														<VerticalSpacing>-1</VerticalSpacing>
														<Width>0</Width>
														<WidthMode>SizeToAvailable</WidthMode>
														<FormControlExtension
															i:nil="true" />
														<Controls>
															<AxFormControl xmlns=""
																i:type="AxFormGridControl">
																<Name>Lines</Name>
																<AutoDeclaration>Yes</AutoDeclaration>
																<ElementPosition>1073741822</ElementPosition>
																<FilterExpression>%1</FilterExpression>
																<Type>Grid</Type>
																<VerticalSpacing>-1</VerticalSpacing>
																<FormControlExtension
																	i:nil="true" />
																<Controls>
																	<AxFormControl xmlns=""
																		i:type="AxFormDateControl">
																		<Name>LedgerJournalTrans_TransDate</Name>
																		<AutoDeclaration>Yes</AutoDeclaration>
																		<ElementPosition>402653181</ElementPosition>
																		<FilterExpression>%1</FilterExpression>
																		<Type>Date</Type>
																		<VerticalSpacing>-1</VerticalSpacing>
																		<FormControlExtension
																			i:nil="true" />
																		<DataField>TransDate</DataField>
																		<DataSource>LedgerJournalTrans</DataSource>
																	</AxFormControl>
																	<AxFormControl xmlns=""
																		i:type="AxFormStringControl">
																		<Name>LedgerJournalTrans_Voucher</Name>
																		<AutoDeclaration>Yes</AutoDeclaration>
																		<ElementPosition>536870908</ElementPosition>
																		<FilterExpression>%1</FilterExpression>
																		<Type>String</Type>
																		<VerticalSpacing>-1</VerticalSpacing>
																		<FormControlExtension
																			i:nil="true" />
																		<DataField>Voucher</DataField>
																		<DataSource>LedgerJournalTrans</DataSource>
																	</AxFormControl>
																	<AxFormControl xmlns=""
																		i:type="AxFormComboBoxControl">
																		<Name>LedgerJournalTrans_AccountType</Name>
																		<ElementPosition>715827880</ElementPosition>
																		<FilterExpression>%1</FilterExpression>
																		<Type>ComboBox</Type>
																		<VerticalSpacing>-1</VerticalSpacing>
																		<FormControlExtension
																			i:nil="true" />
																		<DataField>AccountType</DataField>
																		<DataSource>LedgerJournalTrans</DataSource>
																		<Items />
																	</AxFormControl>
																	<AxFormControl xmlns=""
																		i:type="AxFormDateControl">
																		<Name>DocumentDateGrid</Name>
																		<AutoDeclaration>Yes</AutoDeclaration>
																		<ElementPosition>1610612733</ElementPosition>
																		<FilterExpression>%1</FilterExpression>
																		<Type>Date</Type>
																		<VerticalSpacing>-1</VerticalSpacing>
																		<FormControlExtension
																			i:nil="true" />
																		<DataField>DocumentDate</DataField>
																		<DataSource>LedgerJournalTrans</DataSource>
																		<Label>@AccountsPayable:VendorInvoiceJournalInvoiceDate</Label>
																	</AxFormControl>
																	<AxFormControl xmlns=""
																		i:type="AxFormStringControl">
																		<Name>AccountId</Name>
																		<AllowEdit>No</AllowEdit>
																		<ElementPosition>1073741822</ElementPosition>
																		<FilterExpression>%1</FilterExpression>
																		<Type>String</Type>
																		<VerticalSpacing>-1</VerticalSpacing>
																		<FormControlExtension
																			i:nil="true" />
																		<DataMethod>LedgerJournalTrans_T_Extension::McsLedgerAccount</DataMethod>
																		<DataSource>LedgerJournalTrans</DataSource>
																		<Label>Acoount Number</Label>
																	</AxFormControl>
																	<AxFormControl xmlns=""
																		i:type="AxFormStringControl">
																		<Name>AccountName</Name>
																		<AllowEdit>No</AllowEdit>
																		<ElementPosition>1073741822</ElementPosition>
																		<FilterExpression>%1</FilterExpression>
																		<Skip>Yes</Skip>
																		<Type>String</Type>
																		<VerticalSpacing>-1</VerticalSpacing>
																		<FormControlExtension
																			i:nil="true" />
																		<DataMethod>AccountName</DataMethod>
																		<DataSource>LedgerJournalTrans</DataSource>
																	</AxFormControl>
																	<AxFormControl xmlns=""
																		i:type="AxFormStringControl">
																		<Name>LedgerJournalTrans_Invoice</Name>
																		<AutoDeclaration>Yes</AutoDeclaration>
																		<ElementPosition>1145324608</ElementPosition>
																		<FilterExpression>%1</FilterExpression>
																		<HelpText>@FieldDescriptions_AccountsPayable:LedgerJournalTransVendInvoice_LedgerJournalTrans_Invoice</HelpText>
																		<Type>String</Type>
																		<VerticalSpacing>-1</VerticalSpacing>
																		<FormControlExtension
																			i:nil="true" />
																		<DataField>Invoice</DataField>
																		<DataSource>LedgerJournalTrans</DataSource>
																	</AxFormControl>
																	<AxFormControl xmlns=""
																		i:type="AxFormStringControl">
																		<Name>LedgerJournalTrans_Txt</Name>
																		<ElementPosition>1288490184</ElementPosition>
																		<FilterExpression>%1</FilterExpression>
																		<Type>String</Type>
																		<VerticalSpacing>-1</VerticalSpacing>
																		<FormControlExtension
																			i:nil="true" />
																		<DataField>Txt</DataField>
																		<DataSource>LedgerJournalTrans</DataSource>
																	</AxFormControl>
																	<AxFormControl xmlns=""
																		i:type="AxFormRealControl">
																		<Name>LedgerJournalTrans_AmountCurDebit</Name>
																		<AutoDeclaration>Yes</AutoDeclaration>
																		<ElementPosition>1431655760</ElementPosition>
																		<FilterExpression>%1</FilterExpression>
																		<HelpText>@FieldDescriptions_AccountsPayable:LedgerJournalTransVendInvoice_LedgerJournalTrans_AmountCurDebit</HelpText>
																		<Type>Real</Type>
																		<VerticalSpacing>-1</VerticalSpacing>
																		<FormControlExtension
																			i:nil="true" />
																		<DataField>AmountCurDebit</DataField>
																		<DataSource>LedgerJournalTrans</DataSource>
																		<NoOfDecimals>-1</NoOfDecimals>
																	</AxFormControl>
																	<AxFormControl xmlns=""
																		i:type="AxFormRealControl">
																		<Name>LedgerJournalTrans_AmountCurCredit</Name>
																		<AutoDeclaration>Yes</AutoDeclaration>
																		<ElementPosition>1574821336</ElementPosition>
																		<FilterExpression>%1</FilterExpression>
																		<HelpText>@FieldDescriptions_AccountsPayable:LedgerJournalTransVendInvoice_LedgerJournalTrans_AmountCurCredit</HelpText>
																		<Type>Real</Type>
																		<VerticalSpacing>-1</VerticalSpacing>
																		<FormControlExtension
																			i:nil="true" />
																		<DataField>AmountCurCredit</DataField>
																		<DataSource>LedgerJournalTrans</DataSource>
																		<NoOfDecimals>-1</NoOfDecimals>
																	</AxFormControl>
																	<AxFormControl xmlns=""
																		i:type="AxFormComboBoxControl">
																		<Name>LedgerJournalTrans_OffsetAccountType</Name>
																		<AutoDeclaration>Yes</AutoDeclaration>
																		<ElementPosition>1717986912</ElementPosition>
																		<FilterExpression>%1</FilterExpression>
																		<Type>ComboBox</Type>
																		<VerticalSpacing>-1</VerticalSpacing>
																		<FormControlExtension
																			i:nil="true" />
																		<DataField>OffsetAccountType</DataField>
																		<DataSource>LedgerJournalTrans</DataSource>
																		<Items />
																	</AxFormControl>
																	<AxFormControl xmlns=""
																		i:type="AxFormStringControl">
																		<Name>OffsetAccountId</Name>
																		<AllowEdit>No</AllowEdit>
																		<ElementPosition>1073741822</ElementPosition>
																		<FilterExpression>%1</FilterExpression>
																		<Skip>Yes</Skip>
																		<Type>String</Type>
																		<VerticalSpacing>-1</VerticalSpacing>
																		<FormControlExtension
																			i:nil="true" />
																		<DataMethod>LedgerJournalTrans_T_Extension::McsOffsetAccount</DataMethod>
																		<DataSource>LedgerJournalTrans</DataSource>
																	</AxFormControl>
																	<AxFormControl xmlns=""
																		i:type="AxFormStringControl">
																		<Name>OffsetAccountName</Name>
																		<AllowEdit>No</AllowEdit>
																		<ElementPosition>1073741822</ElementPosition>
																		<FilterExpression>%1</FilterExpression>
																		<Skip>Yes</Skip>
																		<Type>String</Type>
																		<VerticalSpacing>-1</VerticalSpacing>
																		<FormControlExtension
																			i:nil="true" />
																		<DataMethod>offsetAccountName</DataMethod>
																		<DataSource>LedgerJournalTrans</DataSource>
																	</AxFormControl>
																	<AxFormControl xmlns=""
																		i:type="AxFormStringControl">
																		<Name>LedgerJournalTrans_TaxGroup1</Name>
																		<AutoDeclaration>Yes</AutoDeclaration>
																		<ElementPosition>429496728</ElementPosition>
																		<FilterExpression>%1</FilterExpression>
																		<Type>String</Type>
																		<VerticalSpacing>-1</VerticalSpacing>
																		<FormControlExtension
																			i:nil="true" />
																		<DataField>TaxGroup</DataField>
																		<DataSource>LedgerJournalTrans</DataSource>
																	</AxFormControl>
																	<AxFormControl xmlns=""
																		i:type="AxFormStringControl">
																		<Name>LedgerJournalTrans_TaxItemGroup2</Name>
																		<AutoDeclaration>Yes</AutoDeclaration>
																		<ElementPosition>644245092</ElementPosition>
																		<FilterExpression>%1</FilterExpression>
																		<Type>String</Type>
																		<VerticalSpacing>-1</VerticalSpacing>
																		<FormControlExtension
																			i:nil="true" />
																		<DataField>TaxItemGroup</DataField>
																		<DataSource>LedgerJournalTrans</DataSource>
																	</AxFormControl>
																	<AxFormControl xmlns=""
																		i:type="AxFormStringControl">
																		<Name>LedgerJournalTrans_CurrencyCode</Name>
																		<ElementPosition>1431655764</ElementPosition>
																		<FilterExpression>%1</FilterExpression>
																		<HelpText>@FieldDescriptions_AccountsPayable:LedgerJournalTransVendInvoice_LedgerJournalTrans_CurrencyCode</HelpText>
																		<Type>String</Type>
																		<VerticalSpacing>-1</VerticalSpacing>
																		<FormControlExtension
																			i:nil="true" />
																		<DataField>CurrencyCode</DataField>
																		<DataSource>LedgerJournalTrans</DataSource>
																	</AxFormControl>
																</Controls>
																<DataSource>LedgerJournalTrans</DataSource>
															</AxFormControl>
														</Controls>
														<Caption>@SYS15451</Caption>
														<DataSource>LedgerJournalTrans</DataSource>
														<FastTabExpanded>Always</FastTabExpanded>
														<Scrollbars>Auto</Scrollbars>
													</AxFormControl>
												</Controls>
												<AlignChild>No</AlignChild>
												<HideIfEmpty>No</HideIfEmpty>
												<Style>FastTabs</Style>
											</AxFormControl>
										</Controls>
									</AxFormControl>
									<AxFormControl xmlns=""
										i:type="AxFormGroupControl">
										<Name>ImageGroupControl</Name>
										<AutoDeclaration>Yes</AutoDeclaration>
										<HeightMode>SizeToAvailable</HeightMode>
										<Type>Group</Type>
										<WidthMode>SizeToAvailable</WidthMode>
										<FormControlExtension
											i:nil="true" />
										<Controls>
											<AxFormControl xmlns=""
												i:type="AxFormContainerControl">
												<Name>DocuViewerContainer1Copy1</Name>
												<NeededPermission>Manual</NeededPermission>
												<Type>Container</Type>
												<FormControlExtension>
													<Name>DocuViewerContainer</Name>
													<ExtensionComponents />
													<ExtensionProperties>
														<AxFormControlExtensionProperty>
															<Name>imageAnnotatorControllerClassName</Name>
															<Type>String</Type>
															<Value>DocuRefImageAnnotatorController</Value>
														</AxFormControlExtensionProperty>
														<AxFormControlExtensionProperty>
															<Name>dataSource</Name>
															<Type>String</Type>
															<Value>LedgerJournalTable</Value>
														</AxFormControlExtensionProperty>
														<AxFormControlExtensionProperty>
															<Name>parmDocuManagementOptionsClassName</Name>
															<Type>String</Type>
														</AxFormControlExtensionProperty>
														<AxFormControlExtensionProperty>
															<Name>disableDelete</Name>
															<Type>Enum</Type>
															<TypeName>boolean</TypeName>
															<Value>True</Value>
														</AxFormControlExtensionProperty>
														<AxFormControlExtensionProperty>
															<Name>disableUpload</Name>
															<Type>Enum</Type>
															<TypeName>boolean</TypeName>
															<Value>True</Value>
														</AxFormControlExtensionProperty>
														<AxFormControlExtensionProperty>
															<Name>disableURL</Name>
															<Type>Enum</Type>
															<TypeName>boolean</TypeName>
															<Value>False</Value>
														</AxFormControlExtensionProperty>
														<AxFormControlExtensionProperty>
															<Name>disableNotes</Name>
															<Type>Enum</Type>
															<TypeName>boolean</TypeName>
															<Value>False</Value>
														</AxFormControlExtensionProperty>
														<AxFormControlExtensionProperty>
															<Name>disableAnnotator</Name>
															<Type>Enum</Type>
															<TypeName>boolean</TypeName>
															<Value>False</Value>
														</AxFormControlExtensionProperty>
														<AxFormControlExtensionProperty>
															<Name>disableDocumentViewer</Name>
															<Type>Enum</Type>
															<TypeName>boolean</TypeName>
															<Value>False</Value>
														</AxFormControlExtensionProperty>
														<AxFormControlExtensionProperty>
															<Name>maxWidth</Name>
															<Type>Int32</Type>
															<Value>50</Value>
														</AxFormControlExtensionProperty>
														<AxFormControlExtensionProperty>
															<Name>maxHeight</Name>
															<Type>Int32</Type>
															<Value>200</Value>
														</AxFormControlExtensionProperty>
														<AxFormControlExtensionProperty>
															<Name>showScanProcessInfo</Name>
															<Type>Enum</Type>
															<TypeName>boolean</TypeName>
															<Value>False</Value>
														</AxFormControlExtensionProperty>
													</ExtensionProperties>
												</FormControlExtension>
												<Controls />
											</AxFormControl>
										</Controls>
									</AxFormControl>
								</Controls>
								<Columns>2</Columns>
								<DataSource>LedgerJournalTable</DataSource>
							</AxFormControl>
						</Controls>
						<DataSource>LedgerJournalTable</DataSource>
						<PanelStyle>Details</PanelStyle>
						<Scrollbars>Auto</Scrollbars>
						<Style>DetailsFormDetails</Style>
					</AxFormControl>
				</Controls>
				<AlignChild>No</AlignChild>
				<ArrangeMethod>Vertical</ArrangeMethod>
				<ShowTabs>No</ShowTabs>
			</AxFormControl>
		</Controls>
	</Design>
	<Parts />
</AxForm>