<?xml version="1.0" encoding="utf-8"?>
<AxForm xmlns:i="http://www.w3.org/2001/XMLSchema-instance" xmlns="Microsoft.Dynamics.AX.Metadata.V6">
	<Name>MCSSRSReportCategory</Name>
	<SourceCode>
		<Methods xmlns="">
			<Method>
				<Name>classDeclaration</Name>
				<Source><![CDATA[
[Form]
public class MCSSRSReportCategory extends FormRun
{
}
]]></Source>
			</Method>
		</Methods>
		<DataSources xmlns="" />
		<DataControls xmlns="" />
		<Members xmlns="" />
	</SourceCode>
	<DataSources>
		<AxFormDataSource xmlns="">
			<Name>MCSSrsReportCategoryTable</Name>
			<Table>MCSSrsReportCategoryTable</Table>
			<Fields>
				<AxFormDataSourceField>
					<DataField>DataAreaId</DataField>
				</AxFormDataSourceField>
				<AxFormDataSourceField>
					<DataField>Partition</DataField>
				</AxFormDataSourceField>
				<AxFormDataSourceField>
					<DataField>RecId</DataField>
				</AxFormDataSourceField>
				<AxFormDataSourceField>
					<DataField>ReportCategory</DataField>
				</AxFormDataSourceField>
				<AxFormDataSourceField>
					<DataField>TableId</DataField>
				</AxFormDataSourceField>
			</Fields>
			<ReferencedDataSources />
			<DataSourceLinks />
			<DerivedDataSources />
		</AxFormDataSource>
	</DataSources>
	<Design>
		<Caption xmlns="">@MCSReportsEmailing:ReportCategories</Caption>
		<Pattern xmlns="">SimpleList</Pattern>
		<PatternVersion xmlns="">1.1</PatternVersion>
		<Style xmlns="">SimpleList</Style>
		<Controls xmlns="">
			<AxFormControl xmlns=""
				i:type="AxFormActionPaneControl">
				<Name>ActionPane</Name>
				<ElementPosition>134217727</ElementPosition>
				<FilterExpression>%1</FilterExpression>
				<Type>ActionPane</Type>
				<VerticalSpacing>-1</VerticalSpacing>
				<FormControlExtension
					i:nil="true" />
				<Controls />
				<AlignChild>No</AlignChild>
				<AlignChildren>No</AlignChildren>
				<ArrangeMethod>Vertical</ArrangeMethod>
			</AxFormControl>
			<AxFormControl xmlns=""
				i:type="AxFormGroupControl">
				<Name>CustomFilterGroup</Name>
				<Pattern>CustomAndQuickFilters</Pattern>
				<PatternVersion>1.1</PatternVersion>
				<Type>Group</Type>
				<WidthMode>SizeToAvailable</WidthMode>
				<FormControlExtension
					i:nil="true" />
				<Controls>
					<AxFormControl>
						<Name>QuickFilterControl</Name>
						<FormControlExtension>
							<Name>QuickFilterControl</Name>
							<ExtensionComponents />
							<ExtensionProperties>
								<AxFormControlExtensionProperty>
									<Name>targetControlName</Name>
									<Type>String</Type>
									<Value>Grid</Value>
								</AxFormControlExtensionProperty>
								<AxFormControlExtensionProperty>
									<Name>defaultColumnName</Name>
									<Type>String</Type>
									<Value>Grid_CustGroup</Value>
								</AxFormControlExtensionProperty>
								<AxFormControlExtensionProperty>
									<Name>placeholderText</Name>
									<Type>String</Type>
								</AxFormControlExtensionProperty>
							</ExtensionProperties>
						</FormControlExtension>
					</AxFormControl>
				</Controls>
				<ArrangeMethod>HorizontalLeft</ArrangeMethod>
				<FrameType>None</FrameType>
				<Style>CustomFilter</Style>
				<ViewEditMode>Edit</ViewEditMode>
			</AxFormControl>
			<AxFormControl xmlns=""
				i:type="AxFormGridControl">
				<Name>Grid</Name>
				<ElementPosition>1431655764</ElementPosition>
				<FilterExpression>%1</FilterExpression>
				<Type>Grid</Type>
				<VerticalSpacing>-1</VerticalSpacing>
				<FormControlExtension
					i:nil="true" />
				<Controls>
					<AxFormControl xmlns=""
						i:type="AxFormStringControl">
						<Name>MCSSrsReportCategoryTable_ReportCategory</Name>
						<Type>String</Type>
						<FormControlExtension
							i:nil="true" />
						<DataField>ReportCategory</DataField>
						<DataSource>MCSSrsReportCategoryTable</DataSource>
					</AxFormControl>
				</Controls>
				<AlternateRowShading>No</AlternateRowShading>
				<DataSource>MCSSrsReportCategoryTable</DataSource>
				<MultiSelect>No</MultiSelect>
				<ShowRowLabels>No</ShowRowLabels>
				<Style>Tabular</Style>
			</AxFormControl>
		</Controls>
	</Design>
	<Parts />
</AxForm>