<?xml version="1.0" encoding="utf-8"?>
<z:anyType xmlns:i="http://www.w3.org/2001/XMLSchema-instance" xmlns=""
	i:type="AxCompilerMetadata" xmlns:z="http://schemas.microsoft.com/2003/10/Serialization/">
	<IsPublic>true</IsPublic>
	<Methods>
		<Method>
			<Name>getTableFieldPlaceholders</Name>
			<IsStatic>true</IsStatic>
			<Visibility>Public</Visibility>
			<Parameters>
				<AxMethodParameter>
					<Type>ExtendedDataType</Type>
					<TypeName>TableId</TypeName>
					<Name>_tableId</Name>
				</AxMethodParameter>
			</Parameters>
			<ReturnType>
				<Type>Class</Type>
				<TypeName>List</TypeName>
			</ReturnType>
		</Method>
		<Method>
			<Name>getControllerPlaceholers</Name>
			<IsStatic>true</IsStatic>
			<Visibility>Public</Visibility>
			<Parameters>
				<AxMethodParameter>
					<Type>Class</Type>
					<TypeName>SrsPrintMgmtController</TypeName>
					<Name>_controller</Name>
				</AxMethodParameter>
			</Parameters>
			<ReturnType>
				<Type>Class</Type>
				<TypeName>List</TypeName>
			</ReturnType>
		</Method>
		<Method>
			<Name>mapKeysToList</Name>
			<IsStatic>true</IsStatic>
			<Visibility>Public</Visibility>
			<Parameters>
				<AxMethodParameter>
					<Type>Class</Type>
					<TypeName>Map</TypeName>
					<Name>_map</Name>
				</AxMethodParameter>
			</Parameters>
			<ReturnType>
				<Type>Class</Type>
				<TypeName>List</TypeName>
			</ReturnType>
		</Method>
		<Method>
			<Name>getContractPlaceholders</Name>
			<IsStatic>true</IsStatic>
			<Visibility>Public</Visibility>
			<Parameters>
				<AxMethodParameter>
					<Type>ExtendedDataType</Type>
					<TypeName>ClassId</TypeName>
					<Name>_classNum</Name>
				</AxMethodParameter>
			</Parameters>
			<ReturnType>
				<Type>Class</Type>
				<TypeName>Map</TypeName>
			</ReturnType>
		</Method>
		<Method>
			<Name>getDocTypeFromParm</Name>
			<IsStatic>true</IsStatic>
			<Visibility>Public</Visibility>
			<Parameters>
				<AxMethodParameter>
					<Type>String</Type>
					<TypeName></TypeName>
					<Name>_parmValue</Name>
				</AxMethodParameter>
			</Parameters>
			<ReturnType>
				<Type>Enum</Type>
				<TypeName>PrintMgmtDocumentType</TypeName>
			</ReturnType>
		</Method>
		<Method>
			<Name>addTableFieldsForDocType</Name>
			<IsStatic>true</IsStatic>
			<Visibility>Public</Visibility>
			<Parameters>
				<AxMethodParameter>
					<Type>Enum</Type>
					<TypeName>PrintMgmtDocumentType</TypeName>
					<Name>_docType</Name>
				</AxMethodParameter>
			</Parameters>
			<ReturnType>
				<Type>Class</Type>
				<TypeName>List</TypeName>
			</ReturnType>
		</Method>
		<Method>
			<Name>addTableFieldsForTable</Name>
			<IsStatic>true</IsStatic>
			<Visibility>Public</Visibility>
			<Parameters>
				<AxMethodParameter>
					<Type>ExtendedDataType</Type>
					<TypeName>TableID</TypeName>
					<Name>_tableId</Name>
				</AxMethodParameter>
			</Parameters>
			<ReturnType>
				<Type>Class</Type>
				<TypeName>List</TypeName>
			</ReturnType>
		</Method>
		<Method>
			<Name>getComdocJourTableId</Name>
			<IsStatic>true</IsStatic>
			<Visibility>Public</Visibility>
			<Parameters>
				<AxMethodParameter>
					<Type>Enum</Type>
					<TypeName>PrintMgmtDocumentType</TypeName>
					<Name>_docType</Name>
				</AxMethodParameter>
			</Parameters>
			<ReturnType>
				<Type>ExtendedDataType</Type>
				<TypeName>TableId</TypeName>
			</ReturnType>
		</Method>
		<Method>
			<Name>getComDocJourTableFromController</Name>
			<IsStatic>true</IsStatic>
			<Visibility>Public</Visibility>
			<Parameters>
				<AxMethodParameter>
					<Type>Class</Type>
					<TypeName>SrsPrintMgmtController</TypeName>
					<Name>_controller</Name>
				</AxMethodParameter>
			</Parameters>
			<ReturnType>
				<Type>ExtendedDataType</Type>
				<TypeName>TableId</TypeName>
			</ReturnType>
		</Method>
		<Method>
			<Name>getContractForDocType</Name>
			<IsStatic>true</IsStatic>
			<Visibility>Public</Visibility>
			<Parameters>
				<AxMethodParameter>
					<Type>Enum</Type>
					<TypeName>PrintMgmtDocumentType</TypeName>
					<Name>_docType</Name>
				</AxMethodParameter>
			</Parameters>
			<ReturnType>
				<Type>ExtendedDataType</Type>
				<TypeName>ClassId</TypeName>
			</ReturnType>
		</Method>
		<Method>
			<Name>isPrimitiveType</Name>
			<IsStatic>true</IsStatic>
			<Parameters>
				<AxMethodParameter>
					<Type>Enum</Type>
					<TypeName>Types</TypeName>
					<Name>_type</Name>
				</AxMethodParameter>
			</Parameters>
			<ReturnType>
				<Type>Enum</Type>
				<TypeName>boolean</TypeName>
			</ReturnType>
		</Method>
		<Method>
			<Name>getDateTime</Name>
			<IsStatic>true</IsStatic>
			<Visibility>Public</Visibility>
			<Parameters>
				<AxMethodParameter>
					<Type>DateTime</Type>
					<TypeName></TypeName>
					<Name>xppDateTime</Name>
				</AxMethodParameter>
			</Parameters>
			<ReturnType>
				<Type>ClrType</Type>
				<TypeName>System.DateTime</TypeName>
			</ReturnType>
		</Method>
	</Methods>
</z:anyType>