<?xml version="1.0" encoding="utf-8"?>
<z:anyType xmlns:i="http://www.w3.org/2001/XMLSchema-instance" xmlns=""
	i:type="AxCompilerMetadata" xmlns:z="http://schemas.microsoft.com/2003/10/Serialization/">
	<Extends>SysAttribute</Extends>
	<IsPublic>true</IsPublic>
	<Members>
		<AxClassMemberVariable>
			<Type>String</Type>
			<TypeName></TypeName>
			<Name>_name</Name>
			<Attributes />
		</AxClassMemberVariable>
	</Members>
	<Methods>
		<Method>
			<Name>Name</Name>
			<Visibility>Public</Visibility>
			<ReturnType>
				<Type>String</Type>
				<TypeName></TypeName>
			</ReturnType>
		</Method>
		<Method>
			<Name>new</Name>
			<Visibility>Public</Visibility>
			<Parameters>
				<AxMethodParameter>
					<Type>String</Type>
					<TypeName></TypeName>
					<DefaultValue>''</DefaultValue>
					<Name>name</Name>
				</AxMethodParameter>
			</Parameters>
			<ReturnType>
				<TypeName></TypeName>
			</ReturnType>
		</Method>
	</Methods>
</z:anyType>