<?xml version="1.0" encoding="utf-8"?>
<z:anyType xmlns:i="http://www.w3.org/2001/XMLSchema-instance" xmlns=""
	i:type="AxCompilerMetadata" xmlns:z="http://schemas.microsoft.com/2003/10/Serialization/">
	<Extends>PrintMgmtPrintDestinationTokens</Extends>
	<IsPublic>true</IsPublic>
	<Attributes>
		<AxAttribute>
			<Name>SrsPrintDestinationTokensExtAttribute</Name>
			<Parameters>
				<AxAttributeParameter>
					<TypeValue>'MCSPrintMgmt'</TypeValue>
					<AdditionalData />
				</AxAttributeParameter>
			</Parameters>
		</AxAttribute>
	</Attributes>
	<Members>
		<AxClassMemberVariable>
			<Type>Class</Type>
			<TypeName>Map</TypeName>
			<Name>recordsFieldsMap</Name>
			<Attributes />
		</AxClassMemberVariable>
		<AxClassMemberVariable>
			<Type>Class</Type>
			<TypeName>Map</TypeName>
			<Name>recordsFieldsMapYMD</Name>
			<Attributes />
		</AxClassMemberVariable>
		<AxClassMemberVariable>
			<Type>ExtendedDataType</Type>
			<TypeName>LanguageId</TypeName>
			<Name>languageId</Name>
			<Attributes />
		</AxClassMemberVariable>
	</Members>
	<Methods>
		<Method>
			<Name>emailFieldsMap</Name>
			<Visibility>Public</Visibility>
			<Parameters>
				<AxMethodParameter>
					<Type>Class</Type>
					<TypeName>Map</TypeName>
					<DefaultValue>recordsFieldsMap</DefaultValue>
					<Name>_fieldsMaep</Name>
				</AxMethodParameter>
			</Parameters>
			<ReturnType>
				<Type>Class</Type>
				<TypeName>Map</TypeName>
			</ReturnType>
		</Method>
		<Method>
			<Name>emailFieldsMapYMD</Name>
			<Visibility>Public</Visibility>
			<Parameters>
				<AxMethodParameter>
					<Type>Class</Type>
					<TypeName>Map</TypeName>
					<DefaultValue>recordsFieldsMapYMD</DefaultValue>
					<Name>_fieldsMaep</Name>
				</AxMethodParameter>
			</Parameters>
			<ReturnType>
				<Type>Class</Type>
				<TypeName>Map</TypeName>
			</ReturnType>
		</Method>
		<Method>
			<Name>addToMap</Name>
			<Parameters>
				<AxMethodParameter>
					<Type>String</Type>
					<TypeName></TypeName>
					<Name>_key</Name>
				</AxMethodParameter>
				<AxMethodParameter>
					<Type>String</Type>
					<TypeName></TypeName>
					<Name>_value</Name>
				</AxMethodParameter>
			</Parameters>
			<ReturnType>
				<TypeName></TypeName>
			</ReturnType>
		</Method>
		<Method>
			<Name>addToMapYMD</Name>
			<Parameters>
				<AxMethodParameter>
					<Type>String</Type>
					<TypeName></TypeName>
					<Name>_key</Name>
				</AxMethodParameter>
				<AxMethodParameter>
					<Type>String</Type>
					<TypeName></TypeName>
					<Name>_value</Name>
				</AxMethodParameter>
			</Parameters>
			<ReturnType>
				<TypeName></TypeName>
			</ReturnType>
		</Method>
		<Method>
			<Name>initRecordsFieldMap</Name>
			<ReturnType>
				<TypeName></TypeName>
			</ReturnType>
		</Method>
		<Method>
			<Name>parmPrintContext</Name>
			<Visibility>Public</Visibility>
			<Parameters>
				<AxMethodParameter>
					<Type>Class</Type>
					<TypeName>PrintMgmtPrintContext</TypeName>
					<Name>_printContext</Name>
				</AxMethodParameter>
			</Parameters>
			<ReturnType>
				<TypeName></TypeName>
			</ReturnType>
		</Method>
		<Method>
			<Name>replace</Name>
			<Visibility>Public</Visibility>
			<Parameters>
				<AxMethodParameter>
					<Type>Class</Type>
					<TypeName>SRSPrintDestinationSettings</TypeName>
					<Name>_settings</Name>
				</AxMethodParameter>
			</Parameters>
			<ReturnType>
				<TypeName></TypeName>
			</ReturnType>
		</Method>
		<Method>
			<Name>SrsPrintDestinationTokens_Pre_constructByTokenType</Name>
			<IsStatic>true</IsStatic>
			<Visibility>Public</Visibility>
			<Attributes>
				<AxAttribute>
					<Name>PreHandlerFor</Name>
					<Parameters>
						<AxAttributeParameter>
							<Type>Intrinsic</Type>
							<TypeValue>classStr</TypeValue>
							<AdditionalData>
								<AxAttributeParameter>
									<TypeValue>SrsPrintDestinationTokens</TypeValue>
									<AdditionalData />
								</AxAttributeParameter>
								<AxAttributeParameter>
									<AdditionalData />
								</AxAttributeParameter>
								<AxAttributeParameter>
									<AdditionalData />
								</AxAttributeParameter>
							</AdditionalData>
						</AxAttributeParameter>
						<AxAttributeParameter>
							<Type>Intrinsic</Type>
							<TypeValue>staticMethodStr</TypeValue>
							<AdditionalData>
								<AxAttributeParameter>
									<TypeValue>SrsPrintDestinationTokens</TypeValue>
									<AdditionalData />
								</AxAttributeParameter>
								<AxAttributeParameter>
									<TypeValue>constructByTokenType</TypeValue>
									<AdditionalData />
								</AxAttributeParameter>
								<AxAttributeParameter>
									<AdditionalData />
								</AxAttributeParameter>
							</AdditionalData>
						</AxAttributeParameter>
					</Parameters>
				</AxAttribute>
			</Attributes>
			<Parameters>
				<AxMethodParameter>
					<Type>Class</Type>
					<TypeName>XppPrePostArgs</TypeName>
					<Name>args</Name>
				</AxMethodParameter>
			</Parameters>
			<ReturnType>
				<TypeName></TypeName>
			</ReturnType>
		</Method>
	</Methods>
</z:anyType>