<?xml version="1.0" encoding="utf-8"?>
<z:anyType xmlns:i="http://www.w3.org/2001/XMLSchema-instance" xmlns=""
	i:type="AxCompilerMetadata" xmlns:z="http://schemas.microsoft.com/2003/10/Serialization/">
	<IsFinal>true</IsFinal>
	<IsPublic>true</IsPublic>
	<Attributes>
		<AxAttribute>
			<Name>ExtensionOf</Name>
			<Parameters>
				<AxAttributeParameter>
					<Type>Intrinsic</Type>
					<TypeValue>classStr</TypeValue>
					<AdditionalData>
						<AxAttributeParameter>
							<TypeValue>SrsReportRunController</TypeValue>
							<AdditionalData />
						</AxAttributeParameter>
						<AxAttributeParameter>
							<AdditionalData />
						</AxAttributeParameter>
						<AxAttributeParameter>
							<AdditionalData />
						</AxAttributeParameter>
					</AdditionalData>
				</AxAttributeParameter>
			</Parameters>
		</AxAttribute>
	</Attributes>
	<Methods>
		<Method>
			<Name>pack</Name>
			<Visibility>Public</Visibility>
			<ReturnType>
				<Type>Container</Type>
				<TypeName></TypeName>
			</ReturnType>
		</Method>
		<Method>
			<Name>unpackEmailContract</Name>
			<ReturnType>
				<TypeName></TypeName>
			</ReturnType>
		</Method>
		<Method>
			<Name>unpack</Name>
			<Visibility>Public</Visibility>
			<Parameters>
				<AxMethodParameter>
					<Type>Container</Type>
					<TypeName></TypeName>
					<Name>packedState</Name>
				</AxMethodParameter>
			</Parameters>
			<ReturnType>
				<Type>Enum</Type>
				<TypeName>boolean</TypeName>
			</ReturnType>
		</Method>
	</Methods>
</z:anyType>