<?xml version="1.0" encoding="utf-8"?>
<z:anyType xmlns:i="http://www.w3.org/2001/XMLSchema-instance" xmlns=""
	i:type="AxCompilerMetadata" xmlns:z="http://schemas.microsoft.com/2003/10/Serialization/">
	<IsFinal>true</IsFinal>
	<IsPublic>true</IsPublic>
	<Attributes>
		<AxAttribute>
			<Name>ExtensionOf</Name>
			<Parameters>
				<AxAttributeParameter>
					<Type>Intrinsic</Type>
					<TypeValue>classStr</TypeValue>
					<AdditionalData>
						<AxAttributeParameter>
							<TypeValue>SrsReportEMailDataContract</TypeValue>
							<AdditionalData />
						</AxAttributeParameter>
						<AxAttributeParameter>
							<AdditionalData />
						</AxAttributeParameter>
						<AxAttributeParameter>
							<AdditionalData />
						</AxAttributeParameter>
					</AdditionalData>
				</AxAttributeParameter>
			</Parameters>
		</AxAttribute>
	</Attributes>
	<Members>
		<AxClassMemberVariable>
			<Type>ExtendedDataType</Type>
			<TypeName>SysEmailId</TypeName>
			<Name>emailId</Name>
			<Attributes />
			<Visibility>Private</Visibility>
		</AxClassMemberVariable>
		<AxClassMemberVariable>
			<Type>ExtendedDataType</Type>
			<TypeName>IdentifierName</TypeName>
			<Name>designName</Name>
			<Attributes />
			<Visibility>Public</Visibility>
		</AxClassMemberVariable>
		<AxClassMemberVariable>
			<Type>Enum</Type>
			<TypeName>boolean</TypeName>
			<Name>saveToQueue</Name>
			<Attributes />
			<Visibility>Public</Visibility>
		</AxClassMemberVariable>
		<AxClassMemberVariable>
			<Type>ExtendedDataType</Type>
			<TypeName>MCSSrsReportCategory</TypeName>
			<Name>reportCategory</Name>
			<Attributes />
			<Visibility>Public</Visibility>
		</AxClassMemberVariable>
	</Members>
	<Methods>
		<Method>
			<Name>parmEmailId</Name>
			<Visibility>Public</Visibility>
			<Parameters>
				<AxMethodParameter>
					<Type>ExtendedDataType</Type>
					<TypeName>SysEmailId</TypeName>
					<DefaultValue>emailId</DefaultValue>
					<Name>_emailId</Name>
				</AxMethodParameter>
			</Parameters>
			<ReturnType>
				<Type>ExtendedDataType</Type>
				<TypeName>SysEmailId</TypeName>
			</ReturnType>
		</Method>
		<Method>
			<Name>parmSaveToQueue</Name>
			<Visibility>Public</Visibility>
			<Parameters>
				<AxMethodParameter>
					<Type>Enum</Type>
					<TypeName>boolean</TypeName>
					<DefaultValue>saveToQueue</DefaultValue>
					<Name>_saveToQueue</Name>
				</AxMethodParameter>
			</Parameters>
			<ReturnType>
				<Type>Enum</Type>
				<TypeName>boolean</TypeName>
			</ReturnType>
		</Method>
		<Method>
			<Name>parmReportCategory</Name>
			<Visibility>Public</Visibility>
			<Parameters>
				<AxMethodParameter>
					<Type>ExtendedDataType</Type>
					<TypeName>MCSSrsReportCategory</TypeName>
					<DefaultValue>reportCategory</DefaultValue>
					<Name>_reportCategory</Name>
				</AxMethodParameter>
			</Parameters>
			<ReturnType>
				<Type>ExtendedDataType</Type>
				<TypeName>MCSSrsReportCategory</TypeName>
			</ReturnType>
		</Method>
		<Method>
			<Name>pack</Name>
			<Visibility>Public</Visibility>
			<ReturnType>
				<Type>Container</Type>
				<TypeName></TypeName>
			</ReturnType>
		</Method>
		<Method>
			<Name>unpack</Name>
			<Visibility>Public</Visibility>
			<Parameters>
				<AxMethodParameter>
					<Type>Container</Type>
					<TypeName></TypeName>
					<Name>_pack</Name>
				</AxMethodParameter>
			</Parameters>
			<ReturnType>
				<Type>Enum</Type>
				<TypeName>boolean</TypeName>
			</ReturnType>
		</Method>
		<Method>
			<Name>lastValueDataAreaId</Name>
			<Visibility>Public</Visibility>
			<ReturnType>
				<Type>ExtendedDataType</Type>
				<TypeName>dataAreaId</TypeName>
			</ReturnType>
		</Method>
		<Method>
			<Name>lastValueDesignName</Name>
			<Visibility>Public</Visibility>
			<ReturnType>
				<Type>ExtendedDataType</Type>
				<TypeName>identifierName</TypeName>
			</ReturnType>
		</Method>
		<Method>
			<Name>lastValueElementName</Name>
			<Visibility>Public</Visibility>
			<ReturnType>
				<Type>ExtendedDataType</Type>
				<TypeName>identifierName</TypeName>
			</ReturnType>
		</Method>
		<Method>
			<Name>lastValueType</Name>
			<Visibility>Public</Visibility>
			<ReturnType>
				<Type>Enum</Type>
				<TypeName>UtilElementType</TypeName>
			</ReturnType>
		</Method>
		<Method>
			<Name>lastValueUserId</Name>
			<Visibility>Public</Visibility>
			<ReturnType>
				<Type>ExtendedDataType</Type>
				<TypeName>userId</TypeName>
			</ReturnType>
		</Method>
		<Method>
			<Name>initParmDefault</Name>
			<Visibility>Public</Visibility>
			<ReturnType>
				<TypeName></TypeName>
			</ReturnType>
		</Method>
		<Method>
			<Name>saveLast</Name>
			<Visibility>Public</Visibility>
			<Parameters>
				<AxMethodParameter>
					<Type>ExtendedDataType</Type>
					<TypeName>IdentifierName</TypeName>
					<Name>_reportName</Name>
				</AxMethodParameter>
			</Parameters>
			<ReturnType>
				<TypeName></TypeName>
			</ReturnType>
		</Method>
		<Method>
			<Name>getLast</Name>
			<Visibility>Public</Visibility>
			<Parameters>
				<AxMethodParameter>
					<Type>ExtendedDataType</Type>
					<TypeName>IdentifierName</TypeName>
					<Name>_reportName</Name>
				</AxMethodParameter>
			</Parameters>
			<ReturnType>
				<TypeName></TypeName>
			</ReturnType>
		</Method>
	</Methods>
</z:anyType>