<?xml version="1.0" encoding="utf-8"?>
<z:anyType xmlns:i="http://www.w3.org/2001/XMLSchema-instance" xmlns=""
	i:type="AxCompilerMetadata" xmlns:z="http://schemas.microsoft.com/2003/10/Serialization/">
	<IsFinal>true</IsFinal>
	<IsPublic>true</IsPublic>
	<Attributes>
		<AxAttribute>
			<Name>ExtensionOf</Name>
			<Parameters>
				<AxAttributeParameter>
					<Type>Intrinsic</Type>
					<TypeValue>classStr</TypeValue>
					<AdditionalData>
						<AxAttributeParameter>
							<TypeValue>SrsPrintDestinationSettings</TypeValue>
							<AdditionalData />
						</AxAttributeParameter>
						<AxAttributeParameter>
							<AdditionalData />
						</AxAttributeParameter>
						<AxAttributeParameter>
							<AdditionalData />
						</AxAttributeParameter>
					</AdditionalData>
				</AxAttributeParameter>
			</Parameters>
		</AxAttribute>
	</Attributes>
	<Members>
		<AxClassMemberVariable>
			<Type>Int32</Type>
			<TypeName></TypeName>
			<Name>SRSCurrentPackVersion</Name>
			<Attributes />
			<IsConst>true</IsConst>
			<IsStatic>true</IsStatic>
			<Visibility>Private</Visibility>
		</AxClassMemberVariable>
		<AxClassMemberVariable>
			<Type>Int32</Type>
			<TypeName></TypeName>
			<Name>SRSPackLen</Name>
			<Attributes />
			<IsConst>true</IsConst>
			<IsStatic>true</IsStatic>
			<Visibility>Private</Visibility>
		</AxClassMemberVariable>
		<AxClassMemberVariable>
			<Type>String</Type>
			<TypeName></TypeName>
			<Name>mcsEmailFields</Name>
			<Attributes />
			<IsConst>true</IsConst>
			<IsStatic>true</IsStatic>
			<Visibility>Private</Visibility>
		</AxClassMemberVariable>
		<AxClassMemberVariable>
			<Type>String</Type>
			<TypeName></TypeName>
			<Name>emailBody</Name>
			<Attributes />
			<Visibility>Private</Visibility>
		</AxClassMemberVariable>
		<AxClassMemberVariable>
			<Type>String</Type>
			<TypeName></TypeName>
			<Name>emailId</Name>
			<Attributes />
			<Visibility>Private</Visibility>
		</AxClassMemberVariable>
		<AxClassMemberVariable>
			<Type>Enum</Type>
			<TypeName>boolean</TypeName>
			<Name>sendToQueue</Name>
			<Attributes />
			<Visibility>Private</Visibility>
		</AxClassMemberVariable>
		<AxClassMemberVariable>
			<Type>ExtendedDataType</Type>
			<TypeName>MCSSrsReportCategory</TypeName>
			<Name>reportCategory</Name>
			<Attributes />
			<Visibility>Private</Visibility>
		</AxClassMemberVariable>
	</Members>
	<Methods>
		<Method>
			<Name>emailBody</Name>
			<Visibility>Public</Visibility>
			<Parameters>
				<AxMethodParameter>
					<Type>String</Type>
					<TypeName></TypeName>
					<DefaultValue>emailBody</DefaultValue>
					<Name>_value</Name>
				</AxMethodParameter>
			</Parameters>
			<ReturnType>
				<Type>String</Type>
				<TypeName></TypeName>
			</ReturnType>
		</Method>
		<Method>
			<Name>emailId</Name>
			<Visibility>Public</Visibility>
			<Parameters>
				<AxMethodParameter>
					<Type>String</Type>
					<TypeName></TypeName>
					<DefaultValue>emailId</DefaultValue>
					<Name>_value</Name>
				</AxMethodParameter>
			</Parameters>
			<ReturnType>
				<Type>String</Type>
				<TypeName></TypeName>
			</ReturnType>
		</Method>
		<Method>
			<Name>sendToQueue</Name>
			<Visibility>Public</Visibility>
			<Parameters>
				<AxMethodParameter>
					<Type>Enum</Type>
					<TypeName>boolean</TypeName>
					<DefaultValue>sendToQueue</DefaultValue>
					<Name>_value</Name>
				</AxMethodParameter>
			</Parameters>
			<ReturnType>
				<Type>Enum</Type>
				<TypeName>boolean</TypeName>
			</ReturnType>
		</Method>
		<Method>
			<Name>reportCategory</Name>
			<Visibility>Public</Visibility>
			<Parameters>
				<AxMethodParameter>
					<Type>ExtendedDataType</Type>
					<TypeName>MCSSrsReportCategory</TypeName>
					<DefaultValue>reportCategory</DefaultValue>
					<Name>_value</Name>
				</AxMethodParameter>
			</Parameters>
			<ReturnType>
				<Type>ExtendedDataType</Type>
				<TypeName>MCSSrsReportCategory</TypeName>
			</ReturnType>
		</Method>
		<Method>
			<Name>pack</Name>
			<Visibility>Public</Visibility>
			<ReturnType>
				<Type>Container</Type>
				<TypeName></TypeName>
			</ReturnType>
		</Method>
		<Method>
			<Name>unpack</Name>
			<Visibility>Public</Visibility>
			<Parameters>
				<AxMethodParameter>
					<Type>Container</Type>
					<TypeName></TypeName>
					<Name>_pack</Name>
				</AxMethodParameter>
			</Parameters>
			<ReturnType>
				<Type>Enum</Type>
				<TypeName>boolean</TypeName>
			</ReturnType>
		</Method>
		<Method>
			<Name>parmEMailContract</Name>
			<Visibility>Public</Visibility>
			<Parameters>
				<AxMethodParameter>
					<Type>Class</Type>
					<TypeName>SrsReportEMailDataContract</TypeName>
					<Name>_emailContract</Name>
				</AxMethodParameter>
			</Parameters>
			<ReturnType>
				<Type>Class</Type>
				<TypeName>SrsReportEMailDataContract</TypeName>
			</ReturnType>
		</Method>
	</Methods>
</z:anyType>