<?xml version="1.0" encoding="utf-8"?>
<z:anyType xmlns:i="http://www.w3.org/2001/XMLSchema-instance" xmlns=""
	i:type="AxCompilerMetadata" xmlns:z="http://schemas.microsoft.com/2003/10/Serialization/">
	<IsFinal>true</IsFinal>
	<IsPublic>true</IsPublic>
	<Attributes>
		<AxAttribute>
			<Name>ExtensionOf</Name>
			<Parameters>
				<AxAttributeParameter>
					<Type>Intrinsic</Type>
					<TypeValue>formStr</TypeValue>
					<AdditionalData>
						<AxAttributeParameter>
							<TypeValue>SRSPrintDestinationSettingsForm</TypeValue>
							<AdditionalData />
						</AxAttributeParameter>
						<AxAttributeParameter>
							<AdditionalData />
						</AxAttributeParameter>
						<AxAttributeParameter>
							<AdditionalData />
						</AxAttributeParameter>
					</AdditionalData>
				</AxAttributeParameter>
			</Parameters>
		</AxAttribute>
	</Attributes>
	<Methods>
		<Method>
			<Name>init</Name>
			<Visibility>Public</Visibility>
			<ReturnType>
				<TypeName></TypeName>
			</ReturnType>
		</Method>
		<Method>
			<Name>registerOverrideMethods</Name>
			<Visibility>Protected</Visibility>
			<ReturnType>
				<TypeName></TypeName>
			</ReturnType>
		</Method>
		<Method>
			<Name>closeOk</Name>
			<Visibility>Public</Visibility>
			<ReturnType>
				<TypeName></TypeName>
			</ReturnType>
		</Method>
		<Method>
			<Name>changeTarget</Name>
			<Visibility>Public</Visibility>
			<Parameters>
				<AxMethodParameter>
					<Type>Enum</Type>
					<TypeName>SRSPrintMediumType</TypeName>
					<Name>_printMediumType</Name>
				</AxMethodParameter>
			</Parameters>
			<ReturnType>
				<TypeName></TypeName>
			</ReturnType>
		</Method>
		<Method>
			<Name>MCSAddToFileButton_clicked</Name>
			<Visibility>Public</Visibility>
			<Parameters>
				<AxMethodParameter>
					<Type>Class</Type>
					<TypeName>FormControl</TypeName>
					<Name>_sender</Name>
				</AxMethodParameter>
			</Parameters>
			<ReturnType>
				<TypeName></TypeName>
			</ReturnType>
		</Method>
		<Method>
			<Name>MCSAddToSubjectButton_clicked</Name>
			<Visibility>Public</Visibility>
			<Parameters>
				<AxMethodParameter>
					<Type>Class</Type>
					<TypeName>FormControl</TypeName>
					<Name>_sender</Name>
				</AxMethodParameter>
			</Parameters>
			<ReturnType>
				<TypeName></TypeName>
			</ReturnType>
		</Method>
		<Method>
			<Name>MCSAddToMessageButton_clicked</Name>
			<Visibility>Public</Visibility>
			<Parameters>
				<AxMethodParameter>
					<Type>Class</Type>
					<TypeName>FormControl</TypeName>
					<Name>_sender</Name>
				</AxMethodParameter>
			</Parameters>
			<ReturnType>
				<TypeName></TypeName>
			</ReturnType>
		</Method>
		<Method>
			<Name>MCSFileListBox_selectionChange</Name>
			<Visibility>Public</Visibility>
			<Parameters>
				<AxMethodParameter>
					<Type>Class</Type>
					<TypeName>FormListBoxControl</TypeName>
					<Name>_sender</Name>
				</AxMethodParameter>
			</Parameters>
			<ReturnType>
				<Type>Int32</Type>
				<TypeName></TypeName>
			</ReturnType>
		</Method>
		<Method>
			<Name>MCSEmailListBox_selectionChange</Name>
			<Visibility>Public</Visibility>
			<Parameters>
				<AxMethodParameter>
					<Type>Class</Type>
					<TypeName>FormListBoxControl</TypeName>
					<Name>_sender</Name>
				</AxMethodParameter>
			</Parameters>
			<ReturnType>
				<Type>Int32</Type>
				<TypeName></TypeName>
			</ReturnType>
		</Method>
		<Method>
			<Name>MCSSendToEmailQueueBox_modified</Name>
			<Visibility>Public</Visibility>
			<Parameters>
				<AxMethodParameter>
					<Type>Class</Type>
					<TypeName>FormCheckBoxControl</TypeName>
					<Name>_sender</Name>
				</AxMethodParameter>
			</Parameters>
			<ReturnType>
				<Type>Enum</Type>
				<TypeName>boolean</TypeName>
			</ReturnType>
		</Method>
		<Method>
			<Name>enableDisableCC</Name>
			<ReturnType>
				<TypeName></TypeName>
			</ReturnType>
		</Method>
		<Method>
			<Name>addFieldToFile</Name>
			<Visibility>Public</Visibility>
			<ReturnType>
				<TypeName></TypeName>
			</ReturnType>
		</Method>
		<Method>
			<Name>addFieldToSubject</Name>
			<Visibility>Public</Visibility>
			<ReturnType>
				<TypeName></TypeName>
			</ReturnType>
		</Method>
		<Method>
			<Name>addFieldToMessage</Name>
			<Visibility>Public</Visibility>
			<ReturnType>
				<TypeName></TypeName>
			</ReturnType>
		</Method>
		<Method>
			<Name>setFileButtonAccess</Name>
			<Visibility>Public</Visibility>
			<ReturnType>
				<TypeName></TypeName>
			</ReturnType>
		</Method>
		<Method>
			<Name>setEmailButtonAccess</Name>
			<Visibility>Public</Visibility>
			<ReturnType>
				<TypeName></TypeName>
			</ReturnType>
		</Method>
		<Method>
			<Name>isValidPlaceholder</Name>
			<Visibility>Protected</Visibility>
			<Parameters>
				<AxMethodParameter>
					<Type>String</Type>
					<TypeName></TypeName>
					<Name>_placeholder</Name>
				</AxMethodParameter>
			</Parameters>
			<ReturnType>
				<Type>Enum</Type>
				<TypeName>boolean</TypeName>
			</ReturnType>
		</Method>
		<Method>
			<Name>setMaps</Name>
			<Visibility>Protected</Visibility>
			<ReturnType>
				<TypeName></TypeName>
			</ReturnType>
		</Method>
	</Methods>
</z:anyType>