<?xml version="1.0" encoding="utf-8"?>
<z:anyType xmlns:i="http://www.w3.org/2001/XMLSchema-instance" xmlns=""
	i:type="AxCompilerMetadata" xmlns:z="http://schemas.microsoft.com/2003/10/Serialization/">
	<IsPublic>true</IsPublic>
	<Methods>
		<Method>
			<Name>sendReportToQueue</Name>
			<IsStatic>true</IsStatic>
			<Visibility>Public</Visibility>
			<Parameters>
				<AxMethodParameter>
					<Type>Class</Type>
					<TypeName>SrsReportEMailDataContract</TypeName>
					<Name>emailContract</Name>
				</AxMethodParameter>
				<AxMethodParameter>
					<Type>ClrType</Type>
					<TypeName>System.Byte[]</TypeName>
					<Name>reportBytes</Name>
				</AxMethodParameter>
				<AxMethodParameter>
					<Type>String</Type>
					<TypeName></TypeName>
					<Name>fileName</Name>
				</AxMethodParameter>
			</Parameters>
			<ReturnType>
				<TypeName></TypeName>
			</ReturnType>
		</Method>
		<Method>
			<Name>sendMail</Name>
			<IsStatic>true</IsStatic>
			<Visibility>Public</Visibility>
			<Parameters>
				<AxMethodParameter>
					<Type>String</Type>
					<TypeName></TypeName>
					<Name>_emailId</Name>
				</AxMethodParameter>
				<AxMethodParameter>
					<Type>String</Type>
					<TypeName></TypeName>
					<Name>_emailAddr</Name>
				</AxMethodParameter>
				<AxMethodParameter>
					<Type>String</Type>
					<TypeName></TypeName>
					<Name>_subject</Name>
				</AxMethodParameter>
				<AxMethodParameter>
					<Type>String</Type>
					<TypeName></TypeName>
					<Name>_message</Name>
				</AxMethodParameter>
				<AxMethodParameter>
					<Type>ExtendedDataType</Type>
					<TypeName>Filename</TypeName>
					<DefaultValue>''</DefaultValue>
					<Name>_attachmentFilename</Name>
				</AxMethodParameter>
				<AxMethodParameter>
					<Type>ClrType</Type>
					<TypeName>System.Byte[]</TypeName>
					<DefaultValue>null</DefaultValue>
					<Name>reportBytes</Name>
				</AxMethodParameter>
				<AxMethodParameter>
					<Type>ExtendedDataType</Type>
					<TypeName>MCSSRSReportCategory</TypeName>
					<DefaultValue>''</DefaultValue>
					<Name>_reportCategory</Name>
				</AxMethodParameter>
				<AxMethodParameter>
					<Type>ExtendedDataType</Type>
					<TypeName>UserId</TypeName>
					<DefaultValue>curUserId()</DefaultValue>
					<Name>_userId</Name>
				</AxMethodParameter>
				<AxMethodParameter>
					<Type>Enum</Type>
					<TypeName>boolean</TypeName>
					<DefaultValue>false</DefaultValue>
					<Name>_isWithRetries</Name>
				</AxMethodParameter>
			</Parameters>
			<ReturnType>
				<TypeName></TypeName>
			</ReturnType>
		</Method>
		<Method>
			<Name>buildFromEmailAddress</Name>
			<IsStatic>true</IsStatic>
			<ReturnType>
				<Type>String</Type>
				<TypeName></TypeName>
			</ReturnType>
		</Method>
		<Method>
			<Name>SRSPrintDestinationSettingsDelegates_toSendEmail</Name>
			<IsStatic>true</IsStatic>
			<Visibility>Public</Visibility>
			<Attributes>
				<AxAttribute>
					<Name>SubscribesTo</Name>
					<Parameters>
						<AxAttributeParameter>
							<Type>Intrinsic</Type>
							<TypeValue>classStr</TypeValue>
							<AdditionalData>
								<AxAttributeParameter>
									<TypeValue>SRSPrintDestinationSettingsDelegates</TypeValue>
									<AdditionalData />
								</AxAttributeParameter>
								<AxAttributeParameter>
									<AdditionalData />
								</AxAttributeParameter>
								<AxAttributeParameter>
									<AdditionalData />
								</AxAttributeParameter>
							</AdditionalData>
						</AxAttributeParameter>
						<AxAttributeParameter>
							<Type>Intrinsic</Type>
							<TypeValue>delegateStr</TypeValue>
							<AdditionalData>
								<AxAttributeParameter>
									<TypeValue>SRSPrintDestinationSettingsDelegates</TypeValue>
									<AdditionalData />
								</AxAttributeParameter>
								<AxAttributeParameter>
									<TypeValue>toSendEmail</TypeValue>
									<AdditionalData />
								</AxAttributeParameter>
								<AxAttributeParameter>
									<AdditionalData />
								</AxAttributeParameter>
							</AdditionalData>
						</AxAttributeParameter>
					</Parameters>
				</AxAttribute>
			</Attributes>
			<Parameters>
				<AxMethodParameter>
					<Type>ClrType</Type>
					<TypeName>System.Byte[]</TypeName>
					<Name>reportBytes</Name>
				</AxMethodParameter>
				<AxMethodParameter>
					<Type>Class</Type>
					<TypeName>SrsReportRunPrinter</TypeName>
					<Name>printer</Name>
				</AxMethodParameter>
				<AxMethodParameter>
					<Type>Class</Type>
					<TypeName>SrsReportDataContract</TypeName>
					<Name>dataContract</Name>
				</AxMethodParameter>
				<AxMethodParameter>
					<Type>ClrType</Type>
					<TypeName>Microsoft.Dynamics.AX.Framework.Reporting.Shared.ReportingService.ParameterValue[]</TypeName>
					<Name>paramArray</Name>
				</AxMethodParameter>
				<AxMethodParameter>
					<Type>Class</Type>
					<TypeName>EventHandlerResult</TypeName>
					<Name>result</Name>
				</AxMethodParameter>
			</Parameters>
			<ReturnType>
				<TypeName></TypeName>
			</ReturnType>
		</Method>
		<Method>
			<Name>getAttachmentName</Name>
			<IsStatic>true</IsStatic>
			<Parameters>
				<AxMethodParameter>
					<Type>Enum</Type>
					<TypeName>SRSReportFileFormat</TypeName>
					<Name>_fileFormat</Name>
				</AxMethodParameter>
				<AxMethodParameter>
					<Type>Enum</Type>
					<TypeName>SRSImageFileFormat</TypeName>
					<Name>_imageFormat</Name>
				</AxMethodParameter>
				<AxMethodParameter>
					<Type>Class</Type>
					<TypeName>SrsReportDataContract</TypeName>
					<Name>_reportContract</Name>
				</AxMethodParameter>
			</Parameters>
			<ReturnType>
				<Type>String</Type>
				<TypeName></TypeName>
			</ReturnType>
		</Method>
	</Methods>
</z:anyType>