<?xml version="1.0" encoding="utf-8"?>
<z:anyType xmlns:i="http://www.w3.org/2001/XMLSchema-instance" xmlns=""
	i:type="AxCompilerMetadata" xmlns:z="http://schemas.microsoft.com/2003/10/Serialization/">
	<IsFinal>true</IsFinal>
	<IsPublic>true</IsPublic>
	<Attributes>
		<AxAttribute>
			<Name>ExtensionOf</Name>
			<Parameters>
				<AxAttributeParameter>
					<Type>Intrinsic</Type>
					<TypeValue>tableStr</TypeValue>
					<AdditionalData>
						<AxAttributeParameter>
							<TypeValue>SysOutgoingEmailTable</TypeValue>
							<AdditionalData />
						</AxAttributeParameter>
						<AxAttributeParameter>
							<AdditionalData />
						</AxAttributeParameter>
						<AxAttributeParameter>
							<AdditionalData />
						</AxAttributeParameter>
					</AdditionalData>
				</AxAttributeParameter>
			</Parameters>
		</AxAttribute>
	</Attributes>
	<Methods>
		<Method>
			<Name>attachmentFile</Name>
			<IsDisplay>true</IsDisplay>
			<Visibility>Public</Visibility>
			<Attributes>
				<AxAttribute>
					<Name>SysClientCacheDataMethod</Name>
					<Parameters>
						<AxAttributeParameter>
							<Type>Boolean</Type>
							<TypeValue>False</TypeValue>
							<AdditionalData />
						</AxAttributeParameter>
					</Parameters>
				</AxAttribute>
			</Attributes>
			<ReturnType>
				<Type>ExtendedDataType</Type>
				<TypeName>MCSAttachmentFile</TypeName>
			</ReturnType>
		</Method>
	</Methods>
</z:anyType>