<?xml version="1.0" encoding="utf-8"?>
<AxClass xmlns:i="http://www.w3.org/2001/XMLSchema-instance">
	<Name>FreeTextInvoiceDP_HousingAustraliaExtensions_Extension</Name>
	<SourceCode>
		<Declaration><![CDATA[
[ExtensionOf(classStr(FreeTextInvoiceDP))]
final class FreeTextInvoiceDP_HousingAustraliaExtensions_Extension
{
}
]]></Declaration>
		<Methods>
			<Method>
				<Name>populateFreeTextInvoiceTmp</Name>
				<Source><![CDATA[
    protected void populateFreeTextInvoiceTmp(
        CustInvoiceJour _custInvoiceJour,
        CustInvoiceTrans _custInvoiceTrans,
        TaxSpec _taxSpec,
        CustPaymSchedLine _custPaymSchedLine,
        CustTrans _prepaymentCustTrans,
        TaxTrans _prepaymentTaxTrans)
    {
        CustInvoiceLine invoiceLine;//
        select firstonly invoiceLine
            where invoiceLine.SourceDocumentLine == _custInvoiceTrans.SourceDocumentLine; 
        //  = CustInvoiceLine::find(_custInvoiceTrans.CustInvoiceLineIdRef); 

        next populateFreeTextInvoiceTmp(
            _custInvoiceJour,
            _custInvoiceTrans,
            _taxSpec,
            _custPaymSchedLine,
            _prepaymentCustTrans,
            _prepaymentTaxTrans);

        companyInfo companyInfoLoc = companyInfo::find(); 
        BankAccountTable bankAccounTableLoc = BankAccountTable::find(companyInfoLoc.Bank); 

        freeTextInvoiceTmp.MCSRegistrationNum = bankAccounTableLoc.RegistrationNum; 
        freeTextInvoiceTmp.MCSAccountNum      = subStr(bankAccounTableLoc.AccountNum,5,strLen(bankAccounTableLoc.AccountNum));
        freeTextInvoiceTmp.MCSCompanyName     = companyInfoLoc.Name; 
        freeTextInvoiceTmp.MCSBankNameAndAddress = bankAccounTableLoc.Name + bankAccounTableLoc.postalAddress().Address; 
        freeTextInvoiceTmp.MCSBillTo             = invoiceLine.MCSBillTo; 
        freeTextInvoiceTmp.MCSFromDate     = invoiceLine.MCSFromDate;
        freeTextInvoiceTmp.MCSToDate       = invoiceLine.MCSToDate;
        freeTextInvoiceTmp.MCSDays         =  invoiceLine.MCSDays;
        freeTextInvoiceTmp.MCSReference    = invoiceLine.MCSReference;
        freeTextInvoiceTmp.MCSDescription  = invoiceLine.MCSDescription;
        freeTextInvoiceTmp.MCSRate         = invoiceLine.MCSRate;
        freeTextInvoiceTmp.MCSFeeReference = invoiceLine.MCSFeeReference;
        freeTextInvoiceTmp.MCSDayYear  = invoiceLine.MCSDayYear;
        freeTextInvoiceTmp.MCSFacAmount    = invoiceLine.MCSFacAmount;
        freeTextInvoiceTmp.MCSAmount       = invoiceLine.MCSAmount;
        freeTextInvoiceTmp.MCSDueDate      = invoiceLine.MCSDueDate; 

        if(!invoiceLine.MCSDueDate)
        {
            MCSGLImportLineLMS MCSGLImportLineLMS; 

            select firstonly DueDate from  MCSGLImportLineLMS
                where MCSGLImportLineLMS.RecId == invoiceLine.MCSImportLine; 
            freeTextInvoiceTmp.MCSDueDate = MCSGLImportLineLMS.DueDate; 
        }
    }

]]></Source>
			</Method>
		</Methods>
	</SourceCode>
</AxClass>