<?xml version="1.0" encoding="utf-8"?>
<AxClass xmlns:i="http://www.w3.org/2001/XMLSchema-instance">
	<Name>LedgerJournalTrans_T_Extension</Name>
	<SourceCode>
		<Declaration><![CDATA[
[ExtensionOf(tableStr(LedgerJournalTrans))]
final class LedgerJournalTrans_T_Extension
{
}
]]></Declaration>
		<Methods>
			<Method>
				<Name>McsLedgerAccount</Name>
				<Source><![CDATA[
    [SysClientCacheDataMethodAttribute(true)]
    public static display Description McsLedgerAccount(LedgerJournalTrans _this)
    {
        if (_this.LedgerDimension)
        {
            return LedgerDimensionFacade::getDisplayValueForLedgerDimension(_this.LedgerDimension);
        }

        return "";
    }

]]></Source>
			</Method>
			<Method>
				<Name>McsOffsetAccount</Name>
				<Source><![CDATA[
    [SysClientCacheDataMethodAttribute(true)]
    public static display Description McsOffsetAccount(LedgerJournalTrans _this)
    {
        if (_this.OffsetLedgerDimension)
        {
            return LedgerDimensionFacade::getDisplayValueForLedgerDimension(_this.OffsetLedgerDimension);
        }

        return "";
    }

]]></Source>
			</Method>
		</Methods>
	</SourceCode>
</AxClass>