<?xml version="1.0" encoding="utf-8"?>
<AxClass xmlns:i="http://www.w3.org/2001/XMLSchema-instance">
	<Name>MCSBankPaymAdviceVendDP</Name>
	<SourceCode>
		<Declaration><![CDATA[
/// <summary>
/// The <c>BankPaymAdviceVendDP</c> class is the data provider for the <c>BankPaymAdviceVendV2</c> SSRS report.
/// </summary>
[SRSReportParameterAttribute(classStr(MCSBankPaymAdviceContract))]
public final class MCSBankPaymAdviceVendDP extends SRSReportDataProviderPreProcessTempDB
{
    private BankPaymAdviceVendV2Tmp bankPaymAdviceVendV2Tmp;
    private SysDocuBrandDetailsTmp docuBrandDetails;

}
]]></Declaration>
		<Methods>
			<Method>
				<Name>getBankPaymAdviceVendTmp</Name>
				<Source><![CDATA[
    [SRSReportDataSet(tableStr(BankPaymAdviceVendTmp))]
    public BankPaymAdviceVendV2Tmp getBankPaymAdviceVendTmp()
    {
        select bankPaymAdviceVendV2Tmp;
        return bankPaymAdviceVendV2Tmp;
    }

]]></Source>
			</Method>
			<Method>
				<Name>getSysDocuBrandDetailsTmp</Name>
				<Source><![CDATA[
    [SRSReportDataSetAttribute(tableStr(SysDocuBrandDetailsTmp))]
    public SysDocuBrandDetailsTmp getSysDocuBrandDetailsTmp()
    {
        select docuBrandDetails;
        return docuBrandDetails;
    }

]]></Source>
			</Method>
			<Method>
				<Name>processReport</Name>
				<Source><![CDATA[
    public void processReport()
    {
        MCSBankPaymAdviceContract contract = this.parmDataContract() as MCSBankPaymAdviceContract;

        LedgerJournalTrans ledgerJournalTransLoc = LedgerJournalTrans::findRecId(contract.parmLedgerJournalTransRecId(), false);
        LedgerJournalTrans ledgerJournalTrans;
        while select ledgerJournalTrans
            where ledgerJournalTrans.JournalNum ==  ledgerJournalTransLoc.JournalNum
            &&  ledgerJournalTrans.LedgerDimension    == ledgerJournalTransLoc.LedgerDimension
        {
            guid reportExecutionContext = this.createExecutionContext();

            //LedgerJournalTrans ledgerJournalTrans = LedgerJournalTrans::findRecId(contract.parmLedgerJournalTransRecId(), false);

            BankPaymAdviceReportGenerator reportGenerator = this.constructReportGenerator(ledgerJournalTrans, reportExecutionContext);

            reportGenerator.generateReportData(ledgerJournalTrans);

            this.copyReportDataToDPTmpTable(reportExecutionContext);

            reportGenerator.deleteReportData();

            this.setSysDocuBrandDetails();
        }

        VendTrans vendTransLoc;
        DirPartyTable DirPartyTable;
        VendTable     vendTable; 
        ttsbegin;
        while select forupdate bankPaymAdviceVendV2Tmp
          //join vendTransLoc
           // 
        {
            select firstonly DirPartyTable
                where DirPartyTable.Name == bankPaymAdviceVendV2Tmp.VendName
                Join vendTable
                where vendTable.Party ==  DirPartyTable.RecId; 

            select  crosscompany  vendTransLoc
               where vendTransLoc.Invoice ==  bankPaymAdviceVendV2Tmp.Invoice
                && vendTransLoc.DocumentDate == bankPaymAdviceVendV2Tmp.InvoiceDate
                && vendTransLoc.AccountNum ==  vendTable.AccountNum; 

            //bankPaymAdviceVendV2Tmp.VendCompanyId 
            bankPaymAdviceVendV2Tmp.MCSInvoiceDescription =   vendTransLoc.Txt;
            bankPaymAdviceVendV2Tmp.doUpdate();
        }
        ttscommit;
    }

]]></Source>
			</Method>
			<Method>
				<Name>createExecutionContext</Name>
				<Source><![CDATA[
    private guid createExecutionContext()
    {
        return newGuid();
    }

]]></Source>
			</Method>
			<Method>
				<Name>constructReportGenerator</Name>
				<Source><![CDATA[
    private BankPaymAdviceReportGenerator constructReportGenerator(LedgerJournalTrans _ledgerJournalTrans, guid _reportExecutionContext)
    {
        BankPaymAdviceReportGenerator reportGenerator = BankPaymAdviceReportGenerator::newForJournal(_ledgerJournalTrans.JournalNum);

        // Need to process the report data on the same SQL thread as the report generation
        reportGenerator.mcsGetBankPaymAdviceTmp().setConnection(this.parmUserConnection());

        // The original design of the report generator relied on unique session id.
        // A unique, non-session based identifier is required for parallel and batch executions.
        reportGenerator.mcsParmExecutionContext(_reportExecutionContext);

        return reportGenerator;
    }

]]></Source>
			</Method>
			<Method>
				<Name>copyReportDataToDPTmpTable</Name>
				<Source><![CDATA[
    private void copyReportDataToDPTmpTable(guid _reportExecutionContext)
    {
        SysDaInsertObject insertObject = MCSBankPaymAdviceVendDPTransferQueryGenerator::newQuery(bankPaymAdviceVendV2Tmp, _reportExecutionContext);

        SysDaInsertStatement insertStatement = new SysDaInsertStatement();
        insertStatement.insert(insertObject);
    }

]]></Source>
			</Method>
			<Method>
				<Name>setSysDocuBrandDetails</Name>
				<Source><![CDATA[
    protected void setSysDocuBrandDetails()
    {

        SysDocuBrandDetails     docuBrandDetailsLoc;

        select firstonly docuBrandDetailsLoc where
            docuBrandDetailsLoc.ReportName == "MCSBankPaymAdviceVendV2";
        
        if (docuBrandDetailsLoc.RecId)
        {
            docuBrandContract.parmBrandId(docuBrandDetailsLoc.BrandId);
            docuBrandContract.parmReportName("MCSBankPaymAdviceVendV2");
            docuBrandContract.parmDesignName("Report");
        }

        SysDocuBrandDetailsTmp bufferTable = SysDocuBrandDetails::getDocuBrandDetailsTmp(this);
        docuBrandDetails.clear();
        docuBrandDetails.data(bufferTable.data());        
        docuBrandDetails.insert();
    }

]]></Source>
			</Method>
		</Methods>
	</SourceCode>
</AxClass>