<?xml version="1.0" encoding="utf-8"?>
<AxClass xmlns:i="http://www.w3.org/2001/XMLSchema-instance">
	<Name>MCSBankPaymAdviceVendControllerV2</Name>
	<SourceCode>
		<Declaration><![CDATA[
/// <summary>
/// The <c>BankPaymAdviceVendControllerV2</c> class controls the operation of the <c>BankPaymAdviceVendV2</c> report.
/// If default parameters are provided, then the controller will accept the given parameters and execute without a user interface.
/// Otherwise, it will allow the user to specify criteria.
/// </summary>
internal final class MCSBankPaymAdviceVendControllerV2 extends SrsPrintMgmtController
{
    private MCSBankPaymAdviceDefaultParameters defaultParameters;
    private readonly Map vendorPrintMgmtSettingsValidation = new Map(Types::Int64, Types::Enum);
    LedgerJournalTrans ledgerJournalTrans;

}
]]></Declaration>
		<Methods>
			<Method>
				<Name>runPrintMgmt</Name>
				<Source><![CDATA[
    protected void runPrintMgmt()
    {
        SRSPrintDestinationSettings printSettings;
        MCSBankPaymAdviceContract contract;
        List paymentLines;

        MCSBankPaymAdvicePrintMgmtReportFormatSetup::setDefaultFormat(PrintMgmtDocumentType::VendPaymAdvice);

        if (defaultParameters != null)
        {
            printSettings = defaultParameters.printSettings;
            contract = defaultParameters.BankPaymAdviceContract;
            paymentLines = defaultParameters.paymentList;

            this.parmReportContract().parmRdpContract(contract);
        }
        else
        {
            printSettings = this.getDataContractObject(identifierStr(SRSPrintDestinationSettings)) as SRSPrintDestinationSettings;
            contract = this.parmReportContract().parmRdpContract() as MCSBankPaymAdviceContract;
            paymentLines = this.getPaymentLines(contract);
        }

        NoYes shouldDefaultFromPrintMgmt = contract.parmShouldDefaultFromPrintMgmt();

        ListEnumerator paymentLineEnumerator = paymentLines.getEnumerator();
        

        while (paymentLineEnumerator.moveNext() && !this.parmCancelRun())
        {
            ledgerJournalTrans.data(paymentLineEnumerator.current());

            VendTable vendTable = VendTable::findByCompany(ledgerJournalTrans.Company, ledgerJournalTrans.parmAccount());

            if (vendTable.RecId == 0)
            {
                warning(strFmt("@CashManagement:BankPaymAdviceReportNotAssociatedWithAccountWarning", ledgerJournalTrans.Voucher, "@SYS8079"));

                continue;
            }

            this.updateContractForLine(contract, ledgerJournalTrans, vendTable);


            this.setPrintMgmtReportRun(vendTable, printSettings, shouldDefaultFromPrintMgmt);

            

            if (this.checkReportRunSettings(vendTable))
            {
                this.outputReports();
            }
        }
    }

]]></Source>
			</Method>
			<Method>
				<Name>getPaymentLines</Name>
				<Source><![CDATA[
    private List getPaymentLines(MCSBankPaymAdviceContract _contract)
    {
        MCSBankPaymAdvicePaymentLineGenerator paymentLineGenerator = MCSBankPaymAdvicePaymentLineGenerator::construct();

        return paymentLineGenerator.getPaymentLines(_contract);
    }

]]></Source>
			</Method>
			<Method>
				<Name>updateContractForLine</Name>
				<Source><![CDATA[
    private void updateContractForLine(MCSBankPaymAdviceContract _contract, LedgerJournalTrans _ledgerJournalTrans, VendTable _vendTable)
    {
        _contract.parmAccountNum(_vendTable.AccountNum);
        _contract.parmPaymMode(_ledgerJournalTrans.PaymMode);
        _contract.parmCompanyBankAccountId(_ledgerJournalTrans.parmOffsetAccount());

        _contract.parmLedgerJournalTransRecId(_ledgerJournalTrans.RecId);        

    }

]]></Source>
			</Method>
			<Method>
				<Name>setPrintMgmtReportRun</Name>
				<Source><![CDATA[
    private void setPrintMgmtReportRun(VendTable _vendTable, SRSPrintDestinationSettings _printSettings, NoYes _shouldDefaultFromPrintMgmt)
    {
        VendLanguageId vendorLanguage = this.getVendorLanguage(_vendTable);

        changecompany (_vendTable.DataAreaId)
        {
            this.initPrintMgmtReportRun();

            if (_shouldDefaultFromPrintMgmt)
            {
                this.defaultFromPrintMgmt(_vendTable, vendorLanguage);
            }
            else
            {
                PrintMgmtPrintSettingDetail printSettingDetail = this.initPrintSettingDetailFromPrintSettings(_printSettings);
                printMgmtReportRun.loadSettingDetail(printSettingDetail);
            }

            this.setLanguage(vendorLanguage);
        }

        this.parmReportContract().parmPrintSettings().parmSRSPrintArchiveContract().parmExecutionID('');
    }

]]></Source>
			</Method>
			<Method>
				<Name>initPrintMgmtReportRun</Name>
				<Source><![CDATA[
    protected void initPrintMgmtReportRun()
    {
        printMgmtReportRun = PrintMgmtReportRun::construct(
            PrintMgmtHierarchyType::Purch,
            PrintMgmtNodeType::VendTable,
            PrintMgmtDocumentType::VendPaymAdvice);

        printMgmtReportRun.parmReportRunController(this);

        super();

    }

]]></Source>
			</Method>
			<Method>
				<Name>defaultFromPrintMgmt</Name>
				<Source><![CDATA[
    private void defaultFromPrintMgmt(VendTable _vendTable, VendLanguageId _vendLanguage)
    {
        printMgmtReportRun.load(_vendTable, _vendTable, _vendLanguage);
    }

]]></Source>
			</Method>
			<Method>
				<Name>initPrintSettingDetailFromPrintSettings</Name>
				<Source><![CDATA[
    private PrintMgmtPrintSettingDetail initPrintSettingDetailFromPrintSettings(SRSPrintDestinationSettings _printSettings)
    {
        const str NoCountryRegionId = '';

        PrintMgmtReportFormat printMgmtReportFormat = PrintMgmtReportFormat::findByTypeWithSystem(
            PrintMgmtDocumentType::VendPaymAdvice,
            ssrsReportStr(MCSBankPaymAdviceVendV2, Report),
            NoCountryRegionId);

        PrintMgmtPrintSettingDetail printSettingDetail = new PrintMgmtPrintSettingDetail();
        printSettingDetail.parmReportFormatName(printMgmtReportFormat.Name);
        printSettingDetail.parmSSRS(printMgmtReportFormat.SSRS);
        printSettingDetail.parmType(PrintMgmtDocInstanceType::Original);
        printSettingDetail.parmInstanceName(enum2str(PrintMgmtDocInstanceType::Original));
        printSettingDetail.parmNumberOfCopies(1);
        printSettingDetail.parmPrintJobSettings(_printSettings);

        return printSettingDetail;
    }

]]></Source>
			</Method>
			<Method>
				<Name>getVendorLanguage</Name>
				<Source><![CDATA[
    private VendLanguageId getVendorLanguage(VendTable _vendTable)
    {
        VendLanguageId vendLanguageId = _vendTable.languageId();
        return vendLanguageId ? vendLanguageId : CompanyInfo::languageId();
    }

]]></Source>
			</Method>
			<Method>
				<Name>setLanguage</Name>
				<Source><![CDATA[
    private void setLanguage(VendLanguageId _vendLanguage)
    {
        this.parmReportContract().parmRdlContract().parmLabelLanguageId(_vendLanguage);
        this.parmReportContract().parmRdlContract().parmLanguageId(_vendLanguage);
    }

]]></Source>
			</Method>
			<Method>
				<Name>checkReportRunSettings</Name>
				<Source><![CDATA[
    private boolean checkReportRunSettings(VendTable _vendTable)
    {
        boolean arePrintMgmtSettingsValid = true;

        if (!printMgmtReportRun.more())
        {
            if (vendorPrintMgmtSettingsValidation.exists(_vendTable.RecId))
            {
                arePrintMgmtSettingsValid = vendorPrintMgmtSettingsValidation.lookup(_vendTable.RecId);
            }
            else
            {
                setPrefix(strFmt("@CashManagement:BankPaymAdviceReportVendPrefix", _vendTable.name()));

                arePrintMgmtSettingsValid = checkFailed("@CashManagement:BankPaymAdviceReportVendPrintSettingsError");

                vendorPrintMgmtSettingsValidation.insert(_vendTable.RecId, arePrintMgmtSettingsValid);
            }
        }

        return arePrintMgmtSettingsValid;
    }

]]></Source>
			</Method>
			<Method>
				<Name>showQueryValues</Name>
				<Source><![CDATA[
    public boolean showQueryValues(str parameterName)
    {
        return false;
    }

]]></Source>
			</Method>
			<Method>
				<Name>doNotUseWaitPattern</Name>
				<Source><![CDATA[
    public boolean doNotUseWaitPattern()
    {
        return false;
    }

]]></Source>
			</Method>
			<Method>
				<Name>main</Name>
				<Source><![CDATA[
    internal static void main(Args _args)
    {
        MCSBankPaymAdviceVendControllerV2 controller = new MCSBankPaymAdviceVendControllerV2();
        boolean shouldShowDialog = true;

        if (_args && _args.parmObject() is BankPaymAdviceDefaultParameters)
        {
            shouldShowDialog = false;
            controller.defaultParameters = _args.parmObject();
        }

        controller.parmReportName(ssrsReportStr(MCSBankPaymAdviceVendV2, Report));
        controller.parmArgs(_args);

        // SysLastValue should not be used when the controller can run with or without a dialog since the last saved value will override the input from this execution.
        controller.parmShowDialog(shouldShowDialog);
        controller.parmLoadFromSysLastValue(false);

        controller.startOperation();
    }

]]></Source>
			</Method>
		</Methods>
	</SourceCode>
</AxClass>