<?xml version="1.0" encoding="utf-8"?>
<AxClass xmlns:i="http://www.w3.org/2001/XMLSchema-instance">
	<Name>MCSBankPaymAdviceContract</Name>
	<SourceCode>
		<Declaration><![CDATA[
#define.OrderGroup('Order')

[DataContract]
[SysOperationContractProcessing(classStr(MCSBankPaymAdviceUIBuilder))]
[SysOperationGroup(#OrderGroup,"@ApplicationPlatform:SingleSpace", '1')]
internal final class MCSBankPaymAdviceContract implements SysOperationValidatable
{
    private LedgerJournalId ledgerJournalId;
    private CustVendPaymStatus paymentStatus;
    private CustVendAC accountNum;
    private PaymMode paymMode;
    private CompanyBankAccountId companyBankAccountId;
    private NoYes shouldDefaultFromPrintMgmt;

    private RefRecId ledgerJournalTransRecId;

    private AmountCur   paymentAmount;
    private Voucher     vouher;
    private TransDate   paymentDate;
    private CurrencyCode currencyCode;

}
]]></Declaration>
		<Methods>
			<Method>
				<Name>parmLedgerJournalId</Name>
				<Source><![CDATA[
    [DataMember(identifierStr(LedgerJournalId)),
        SysOperationGroupMember(#OrderGroup),
        SysOperationDisplayOrder('1')]
    internal LedgerJournalId parmLedgerJournalId(LedgerJournalId _ledgerJournalId = ledgerJournalId)
    {
        ledgerJournalId = _ledgerJournalId;
        return ledgerJournalId;
    }

]]></Source>
			</Method>
			<Method>
				<Name>parmPaymentStatus</Name>
				<Source><![CDATA[
    [DataMember(identifierStr(CustVendPaymStatus)),
        SysOperationGroupMember(#OrderGroup),
        SysOperationDisplayOrder('2')]
    internal CustVendPaymStatus parmPaymentStatus(CustVendPaymStatus _paymentStatus = paymentStatus)
    {
        paymentStatus = _paymentStatus;
        return paymentStatus;
    }

]]></Source>
			</Method>
			<Method>
				<Name>parmAccountNum</Name>
				<Source><![CDATA[
    [DataMember(identifierStr(CustVendAC)),
        SysOperationGroupMember(#OrderGroup),
        SysOperationDisplayOrder('3')]
    internal CustVendAC parmAccountNum(CustVendAC _accountNum = accountNum)
    {
        accountNum = _accountNum;
        return accountNum;
    }

]]></Source>
			</Method>
			<Method>
				<Name>parmPaymMode</Name>
				<Source><![CDATA[
    [DataMember(identifierStr(PaymMode)),
        SysOperationGroupMember(#OrderGroup),
        SysOperationDisplayOrder('4')]
    internal PaymMode parmPaymMode(PaymMode _paymMode = paymMode)
    {
        paymMode = _paymMode;
        return paymMode;
    }

]]></Source>
			</Method>
			<Method>
				<Name>parmCompanyBankAccountId</Name>
				<Source><![CDATA[
    [DataMember(identifierStr(CompanyBankAccountId)),
        SysOperationGroupMember(#OrderGroup),
        SysOperationDisplayOrder('5')]
    internal CompanyBankAccountId parmCompanyBankAccountId(CompanyBankAccountId _companyBankAccountId = companyBankAccountId)
    {
        companyBankAccountId = _companyBankAccountId;
        return companyBankAccountId;
    }

]]></Source>
			</Method>
			<Method>
				<Name>parmShouldDefaultFromPrintMgmt</Name>
				<Source><![CDATA[
    [DataMember(identifierStr(ShouldDefaultFromPrintMgmt)),
        SysOperationGroupMember(#OrderGroup),
        SysOperationDisplayOrder('6'),
        SysOperationLabel("@SYS70782")]
    internal NoYes parmShouldDefaultFromPrintMgmt(NoYes _shouldDefaultFromPrintMgmt = shouldDefaultFromPrintMgmt)
    {
        shouldDefaultFromPrintMgmt = _shouldDefaultFromPrintMgmt;
        return shouldDefaultFromPrintMgmt;
    }

]]></Source>
			</Method>
			<Method>
				<Name>parmLedgerJournalTransRecId</Name>
				<Source><![CDATA[
    [DataMember(identifierStr(RefRecId))]
    internal RefRecId parmLedgerJournalTransRecId(RefRecId _ledgerJournalTransRecId = ledgerJournalTransRecId)
    {
        ledgerJournalTransRecId = _ledgerJournalTransRecId;
        return ledgerJournalTransRecId;
    }

]]></Source>
			</Method>
			<Method>
				<Name>validate</Name>
				<Source><![CDATA[
    [Hookable(false)]
    public boolean validate()
    {
        return true;
    }

]]></Source>
			</Method>
			<Method>
				<Name>newFromPaymentLine</Name>
				<Source><![CDATA[
    internal static MCSBankPaymAdviceContract newFromPaymentLine(LedgerJournalTrans _ledgerJournalTrans, NoYes _shouldDefaultFromPrintMgmt)
    {
        MCSBankPaymAdviceContract contract = new MCSBankPaymAdviceContract();

        contract.parmLedgerJournalId(_ledgerJournalTrans.JournalNum);
        contract.parmPaymentStatus(CustVendPaymStatus::Sent);
        contract.parmAccountNum(_ledgerJournalTrans.parmAccount());
        contract.parmPaymMode(_ledgerJournalTrans.PaymMode);
        contract.parmCompanyBankAccountId(_ledgerJournalTrans.parmOffsetAccount());
        contract.parmShouldDefaultFromPrintMgmt(_shouldDefaultFromPrintMgmt);

        return contract;
    }

]]></Source>
			</Method>
		</Methods>
	</SourceCode>
</AxClass>