<?xml version="1.0" encoding="utf-8"?>
<AxClass xmlns:i="http://www.w3.org/2001/XMLSchema-instance">
	<Name>MCSBankPaymAdviceDefaultParameters</Name>
	<SourceCode>
		<Declaration><![CDATA[
/// <summary>
/// The <c>BankPaymAdviceDefaultParameters</c> provides a set of pregenerated records and print settings for bank payment advice printing.
/// </summary>
internal final class MCSBankPaymAdviceDefaultParameters
{
    internal List paymentList = new List(Types::Record);
    internal SRSPrintDestinationSettings printSettings = new SRSPrintDestinationSettings();
    internal MCSBankPaymAdviceContract bankPaymAdviceContract = new MCSBankPaymAdviceContract();

}
]]></Declaration>
		<Methods>
			<Method>
				<Name>buildContractForPaymentJournal</Name>
				<Source><![CDATA[
    private void buildContractForPaymentJournal(NoYes _shouldDefaultFromPrintMgmt)
    {
        ListEnumerator paymentListEnumerator = paymentList.getEnumerator();

        if (paymentListEnumerator.moveNext())
        {
            LedgerJournalTrans ledgerJournalTrans = paymentListEnumerator.current();

            bankPaymAdviceContract = MCSBankPaymAdviceContract::newFromPaymentLine(ledgerJournalTrans, _shouldDefaultFromPrintMgmt);
        }
    }

]]></Source>
			</Method>
			<Method>
				<Name>new</Name>
				<Source><![CDATA[
    private void new()
    {
    }

]]></Source>
			</Method>
			<Method>
				<Name>newForPaymAdvicePrintRun</Name>
				<Source><![CDATA[
    internal static MCSBankPaymAdviceDefaultParameters newForPaymAdvicePrintRun(
        List _paymentLines,
        SRSPrintDestinationSettings _printSettings,
        NoYes _shouldDefaultFromPrintMgmt)
    {
        MCSBankPaymAdviceDefaultParameters parameters = new MCSBankPaymAdviceDefaultParameters();
        parameters.printSettings = _printSettings;
        parameters.paymentList = _paymentLines;

        parameters.buildContractForPaymentJournal(_shouldDefaultFromPrintMgmt);

        return parameters;
    }

]]></Source>
			</Method>
		</Methods>
	</SourceCode>
</AxClass>