<?xml version="1.0" encoding="utf-8"?>
<AxClass xmlns:i="http://www.w3.org/2001/XMLSchema-instance">
	<Name>MCSBankPaymAdvicePaymentLineGenerator</Name>
	<SourceCode>
		<Declaration><![CDATA[
/// <summary>
/// The <c>BankPaymAdvicePaymentLineGenerator</c> class translates a set of parameters from the
/// <c>BankPaymAdviceContract</c> into the set of payment lines for payment advice reporting.
/// </summary>
internal final class MCSBankPaymAdvicePaymentLineGenerator
{
}
]]></Declaration>
		<Methods>
			<Method>
				<Name>getPaymentLines</Name>
				<Source><![CDATA[
    internal List getPaymentLines(MCSBankPaymAdviceContract _bankPaymAdviceContract)
    {
        List paymentList = new List(Types::Record);
        container con; 
        Query query = new Query(QueryStr(BankPaymAdvicePaymentLineQuery));
        this.applyRangesToQuery(query, _bankPaymAdviceContract);

        QueryRun queryRun = new QueryRun(query);
        queryRun.setRecord(this.generatePaymentLineAccountNames(_bankPaymAdviceContract.parmLedgerJournalId()));

        LedgerJournalTrans ledgerJournalTrans;

        while (queryRun.next())
        {
            ledgerJournalTrans = queryRun.get(tableNum(LedgerJournalTrans));

            if (ledgerJournalTrans)
            {
                if(!confind(con, ledgerJournalTrans.LedgerDimension))
                {
                    LedgerJournalTrans ledgerJournalTransCopy;
                    ledgerJournalTransCopy.data(ledgerJournalTrans);

                    paymentList.addEnd(ledgerJournalTransCopy);

                    con += [ledgerJournalTrans.LedgerDimension];
                }

            }
        }

        return paymentList;
    }

]]></Source>
			</Method>
			<Method>
				<Name>applyRangesToQuery</Name>
				<Source><![CDATA[
    private void applyRangesToQuery(Query _query, MCSBankPaymAdviceContract _bankPaymAdviceContract)
    {
        QueryBuildDataSource qbds = _query.dataSourceTable(tableNum(LedgerJournalTrans));

        SysQuery::findOrCreateRange(qbds, fieldNum(LedgerJournalTrans, JournalNum)).value(queryValue(_bankPaymAdviceContract.parmLedgerJournalId()));

        if (_bankPaymAdviceContract.parmAccountNum() != '')
        {
            SysQuery::addDimensionAttributeRange(_query, qbds.name(), fieldStr(LedgerJournalTrans, LedgerDimension), DimensionComponent::LedgerDimensionDisplayValue, _bankPaymAdviceContract.parmAccountNum());
        }

        if (_bankPaymAdviceContract.parmPaymMode() != '')
        {
            SysQuery::findOrCreateRange(qbds, fieldNum(LedgerJournalTrans, PaymMode)).value(queryValue(_bankPaymAdviceContract.parmPaymMode()));
        }

        if (_bankPaymAdviceContract.parmCompanyBankAccountId())
        {
            SysQuery::addDimensionAttributeRange(_query, qbds.name(), fieldStr(LedgerJournalTrans, OffsetLedgerDimension), DimensionComponent::LedgerDimensionDisplayValue, _bankPaymAdviceContract.parmCompanyBankAccountId());
        }
    }

]]></Source>
			</Method>
			<Method>
				<Name>generatePaymentLineAccountNames</Name>
				<Source><![CDATA[
    private DimensionCombinationValueNameTmp generatePaymentLineAccountNames(LedgerJournalId _ledgerJournalId)
    {
        return CustVendPaymDialogUtility::generatePaymentLineAccountNames(_ledgerJournalId);
    }

]]></Source>
			</Method>
			<Method>
				<Name>new</Name>
				<Source><![CDATA[
    private void new()
    {
    }

]]></Source>
			</Method>
			<Method>
				<Name>construct</Name>
				<Source><![CDATA[
    internal static MCSBankPaymAdvicePaymentLineGenerator construct()
    {
        return new MCSBankPaymAdvicePaymentLineGenerator();
    }

]]></Source>
			</Method>
		</Methods>
	</SourceCode>
</AxClass>