<?xml version="1.0" encoding="utf-8"?>
<AxClass xmlns:i="http://www.w3.org/2001/XMLSchema-instance">
	<Name>MCSBankPaymAdviceReportGenerator_Extension</Name>
	<SourceCode>
		<Declaration><![CDATA[
[ExtensionOf(classStr(BankPaymAdviceReportGenerator))]
final class MCSBankPaymAdviceReportGenerator_Extension
{
    private guid mcsExecutionContext;
    private NoYes mcsIsReportV2Enabled = FeatureStateProvider::isFeatureEnabled(BankPaymAdviceReportV2Feature::instance());
    private Email   mcsCompanyEmail;
}
]]></Declaration>
		<Methods>
			<Method>
				<Name>mcsGetBankPaymAdviceTmp</Name>
				<Source><![CDATA[
    public BankPaymAdviceTmpMap mcsGetBankPaymAdviceTmp()
    {
        return bankPaymAdviceTmp;
    }

]]></Source>
			</Method>
			<Method>
				<Name>mcsParmExecutionContext</Name>
				<Source><![CDATA[
    internal guid mcsParmExecutionContext(guid _executionContext = mcsExecutionContext)
    {
        mcsExecutionContext = _executionContext;
        return mcsExecutionContext;
    }

]]></Source>
			</Method>
			<Method>
				<Name>generateReportData</Name>
				<Source><![CDATA[
    public void generateReportData(LedgerJournalTrans _ledgerJournalTrans)
    {
        mcsCompanyEmail = CompanyInfo::find().primaryEmail();
        next  generateReportData(_ledgerJournalTrans);
    }

]]></Source>
			</Method>
			<Method>
				<Name>populateBankPaymAdviceTempCommonInfo</Name>
				<Source><![CDATA[
    protected void populateBankPaymAdviceTempCommonInfo()
    {
        next populateBankPaymAdviceTempCommonInfo();


        if (mcsIsReportV2Enabled)
        {
            bankPaymAdviceTmp.setExecutionContext(mcsExecutionContext);
            
            BankPaymAdviceVendTmp  tmp = bankPaymAdviceTmp as BankPaymAdviceVendTmp;
            //tmp.MCSCompanyEmail = mcsCompanyEmail;
        }
    }

]]></Source>
			</Method>
		</Methods>
	</SourceCode>
</AxClass>