<?xml version="1.0" encoding="utf-8"?>
<AxClass xmlns:i="http://www.w3.org/2001/XMLSchema-instance">
	<Name>MCSBankPaymAdviceReportGeneratorVend_Extension</Name>
	<SourceCode>
		<Declaration><![CDATA[
[ExtensionOf(classStr(BankPaymAdviceReportGeneratorVend))]
final class MCSBankPaymAdviceReportGeneratorVend_Extension
{
}
]]></Declaration>
		<Methods>
			<Method>
				<Name>populateBankPaymAdviceTempPaymentInfo</Name>
				<Source><![CDATA[
    protected void populateBankPaymAdviceTempPaymentInfo()
    {
        next populateBankPaymAdviceTempPaymentInfo();

        BankPaymAdviceVendTmp  tmp = bankPaymAdviceTmp as BankPaymAdviceVendTmp;

        tmp.MCSVendBankAccount = VendBankAccount::find(ledgerJournalTrans.findVendTable().AccountNum,ledgerJournalTrans.CustVendBankAccountId).AccountNum;
        tmp.MCSVendBankAccount = strFmt("**********%1",strDel(tmp.MCSVendBankAccount, 1, strlen(tmp.MCSVendBankAccount) -4));
        tmp.MCSInvoiceDescription = vendTransInvoice.vendInvoiceJour().Description;
        tmp.MCSCurrencySymbol = Currency::find(ledgerJournalTrans.CurrencyCode).Symbol;
        //    ledgerJournalTrans.CustVendBankAccountId;
    }

]]></Source>
			</Method>
			<Method>
				<Name>populateBankPaymAdviceTempInvoiceInfo</Name>
				<Source><![CDATA[
    protected void populateBankPaymAdviceTempInvoiceInfo()
    {
        next populateBankPaymAdviceTempInvoiceInfo();
        //bankPaymAdviceTmp.MCSInvoiceDescription = vendTransInvoice.vendInvoiceJour().Description;
    }

]]></Source>
			</Method>
		</Methods>
	</SourceCode>
</AxClass>