<?xml version="1.0" encoding="utf-8"?>
<AxClass xmlns:i="http://www.w3.org/2001/XMLSchema-instance">
	<Name>MCSConcurExportChanges</Name>
	<SourceCode>
		<Declaration><![CDATA[
internal final class MCSConcurExportChanges
{
}
]]></Declaration>
		<Methods>
			<Method>
				<Name>ExportVendorDetails</Name>
				<Source><![CDATA[
    public static SharedServiceUnitURL ExportVendorDetails(DMFExecutionId executionId,filename _filename,boolean manual= false,boolean sendFile = false)
    {
        int counter; 
        str dateNow = date2Str(DateTimeUtil::getToday(DateTimeUtil::getUserPreferredTimeZone()), 321, DateDay::Digits2, DateSeparator::None, DateMonth::Digits2, DateSeparator::None, DateYear::Digits4);
        str timeNow = time2StrHMS(DateTimeUtil::time(DateTimeUtil::applyTimeZoneOffset(DateTimeUtil::utcNow(),DateTimeUtil::getUserPreferredTimeZone())));//,TimeSeparator::Auto,TimeSeparator::Auto);
        
        timeNow = strReplace(timeNow,':','');
        timeNow= strLRTrim(timeNow); 
        dateNow = strLRTrim(dateNow);

        SharedServiceUnitURL fileUrl;

        TextStreamIo io = TextStreamIo::constructForWrite();
        io.outFieldDelimiter(',');

        MCSFileExportProfileTable profileTable = MCSFileExportProfileTable::find(MCSProfileType::Vendor); 

        if(profileTable.isEncrypted())
        {
            if(_filename == strMin())
            {
                _filename = strFmt("vendor_p1208981w96t_%1%2.txt.gpg",dateNow,timeNow);
            }
        }
        else
        {
            if(_filename == strMin())
            {
                _filename = strFmt("vendor_p1208981w96t_%1%2.txt",dateNow,timeNow);
            }
        }

        VendVendorV2Staging             VendVendorV2Staging; 
        VendTable                       vendTable; 

        str headerLine = strFmt('"100","0","AU",""');

        io.writeExp([headerLine]);

        while select VendVendorV2Staging
            where VendVendorV2Staging.ExecutionId == executionId
            join vendTable
            where vendTable.AccountNum == VendVendorV2Staging.VendorAccountNumber
            && vendTable.VendGroup != 'Employee'
        {
            str lineCode = strFmt('"200"'); 
            str vendAccount = strFmt('"%1"',VendVendorV2Staging.VendorAccountNumber);
            str vendName = strReplace(VendVendorV2Staging.VendorOrganizationName,'\n','');
            vendName = strFmt('"%1"',vendName);
            str VendGroup = strFmt('"%1"',VendVendorV2Staging.VendorGroupId);
            str Language = strFmt('"En-au"');
            str Visible = strFmt('"Y"');
            str DeleteAddress = strFmt('"N"');
            str Address   = strFmt('"%1"',VendVendorV2Staging.AddressDescription);
            str emptyString = strFmt('""');
            str purpose = strFmt('"Business"'); 
            str Street = strReplace(VendVendorV2Staging.ADDRESSSTREET,'\n','');
            
            container AddressContainer = str2con(Street,' '); 
            int  length = conLen(AddressContainer);

            str zipCode = strFmt('"%1"',conPeek(AddressContainer,length));
            str city = strFmt('"%1"',conPeek(AddressContainer,length - 2));
            str state = strFmt('"%1"',conPeek(AddressContainer,length - 1));
            str Street2; 
            length = length - 3; 
            str sampleStreet; 
            Street = strMin(); 
            for(int i = 1; i <=length; i++)
            {
                sampleStreet += any2Str(conPeek(AddressContainer,i)) + ' ';
                if(strLen(sampleStreet) < 50)
                {
                    Street += any2Str(conPeek(AddressContainer,i)) + ' ';
                }
                else 
                {
                    Street2 += any2Str(conPeek(AddressContainer,i)) + ' ';
                }
            }
            Street = strFmt('"%1"',Street);
            Street2 = strFmt('"%1"',Street2);
            str country = subStr(VendVendorV2Staging.ADDRESSCOUNTRYREGIONID,1,2);
            country = strFmt('"%1"',country);
            if(country == strMin())
            {
                continue;
            }
            str phone = strFmt('"%1"',VendVendorV2Staging.PrimaryPhoneNumber);
            str recordType = strFmt('"%1"',VendVendorV2Staging.MCSRecordType);
            str EmailAddress = strFmt('"%1"',VendVendorV2Staging.PrimaryEmailAddress);
            str defaultEmployeetype = strFmt('"%1"',VendVendorV2Staging.MSCDefaultEmployee);
            str currency = strFmt('"%1"',VendVendorV2Staging.CurrencyCode);
            str TaxNumber = strFmt('"%1"',VendVendorV2Staging.TaxExemptNumber);
            str DefaultPaymentTermsName = strFmt('"%1"',PaymTerm::find(vendTable.PaymTermId).NumOfDays);
            str DefaultVendorPaymentMethodName = strFmt('"%1"',VendVendorV2Staging.DefaultVendorPaymentMethodName);

            VendBankAccount VendBankAccount = VendBankAccount::find(VendVendorV2Staging.VendorAccountNumber,VendVendorV2Staging.BankAccountId);

            str BankAccount = strFmt('"%1"',VendBankAccount.AccountNum);
            str BSB = strFmt('"%1"',VendBankAccount.RegistrationNum);
            str AccountId = strFmt('"%1"',VendBankAccount.AccountID);

            io.writeExp([lineCode,vendAccount,vendName,TaxNumber,emptyString,emptyString,emptyString,emptyString,emptyString
                        ,emptyString,emptyString,emptyString,emptyString,emptyString,emptyString,vendAccount,currency,DefaultPaymentTermsName,
                        emptyString,emptyString,emptyString,emptyString,emptyString,
                        emptyString,emptyString,emptyString,emptyString,Street,Street2,emptyString,city,state,zipCode,country,phone,
                    emptyString,emptyString,emptyString,emptyString,emptyString,BSB,BankAccount,
                    emptyString,emptyString,emptyString,emptyString,emptyString,
                emptyString,emptyString,emptyString,emptyString,emptyString,EmailAddress
                ,emptyString,emptyString,emptyString,emptyString,emptyString,emptyString,emptyString,emptyString,emptyString]);


            counter ++; 
            
        }
        System.IO.MemoryStream stream = io.getStream();
        stream.Position = 0;
        if(manual)
        {
            _filename = strFmt("vendor_p1208981w96t_%1%2.txt",dateNow,timeNow);
            System.IO.StreamReader reader = new System.IO.StreamReader(stream);
            str csvFileContent = reader.ReadToEnd();
            File::SendStringAsFileToUser(csvFileContent,  _filename);
            info(strFmt("CSV file %1 Sent to user",_filename ));
        }
        else
        {
            
            fileUrl = MCSDMFAPIAddition::getEncryptedUrl(stream,MCSProfileType::Vendor,_filename,manual,sendFile);
        }

        return   strFmt(@'{ "fileURL" : "%1", "filename" : "%2"}', fileUrl, _filename);
    }

]]></Source>
			</Method>
			<Method>
				<Name>ExportPaymentFileDelta</Name>
				<Source><![CDATA[
    public static SharedServiceUnitURL ExportPaymentFileDelta(filename _filename,boolean manual= false,boolean sendtouser= false)
    {
        str dateNow = date2Str(DateTimeUtil::getToday(DateTimeUtil::getUserPreferredTimeZone()), 321, DateDay::Digits2, DateSeparator::None, DateMonth::Digits2, DateSeparator::None, DateYear::Digits4);
        str timeNow = time2StrHMS(DateTimeUtil::time(DateTimeUtil::applyTimeZoneOffset(DateTimeUtil::utcNow(),DateTimeUtil::getUserPreferredTimeZone())));//,TimeSeparator::Auto,TimeSeparator::Auto); 
        
        timeNow = strReplace(timeNow,':','');

        SharedServiceUnitURL fileUrl; 

        TextStreamIo io = TextStreamIo::constructForWrite();
        io.outFieldDelimiter(','); 

        MCSFileExportProfileTable profileTable = MCSFileExportProfileTable::find(MCSProfileType::Payment);
        if(profileTable.isEncrypted())
        {
            if(_filename == strMin())
            {
                _filename = strFmt("payment_notif_p1208981w96t_%1%2.txt.gpg",dateNow,timeNow);
            }
        }
        else 
        {
            if(_filename == strMin())
            {
                _filename = strFmt("payment_notif_p1208981w96t_%1%2.txt",dateNow,timeNow);
            }
        }

        LedgerJournalTable  ledgerJournalTable; 
        LedgerJournalTrans  ledgerjournalTrans; 
        VendSettlement      SettlementView; 
        VendTrans           vendTrans; 

        while select ledgerJournalTable
            where ledgerJournalTable.JournalType == LedgerJournalType::Payment
            && ledgerJournalTable.Posted == NoYes::Yes
            && ledgerJournalTable.MCSConcur == NoYes::No
            
        {
            while select  ledgerjournalTrans
            where ledgerjournalTrans.JournalNum == ledgerJournalTable.JournalNum
            {
                
                str vendName = strFmt('"%1"',ledgerjournalTrans.accountName());
                str Paid = strFmt('"PAID"');
                str dateTrans= strFmt('"%1"',date2Str(ledgerjournalTrans.TransDate,321,DateDay::Digits2,DateSeparator::None,DateMonth::Digits2,DateSeparator::None,DateYear::Digits4));
                str emptyString = strFmt('""');
                str PaidAmount = strFmt('"%1"',ledgerjournalTrans.AmountCurDebit);
                PaidAmount = strReplace(PaidAmount,',',''); 

                select firstonly vendTrans
                where vendTrans.Voucher == ledgerjournalTrans.Voucher
                && vendTrans.JournalNum == ledgerjournalTrans.JournalNum;

                while select SettlementView
                where SettlementView.TransRecId == vendTrans.RecId
                && SettlementView.AccountNum == vendTrans.AccountNum

                {
                    str InvoiceNumber = strFmt('"%1"',SettlementView.displayInvoiceId());
                    str InvoiceAmount = strFmt('"%1"',SettlementView.SettleAmountCur);

                    ledgerJournalTrans TransjournalTransLoc; 

                    select firstonly MCSImportLines from TransjournalTransLoc
                        where TransjournalTransLoc.Voucher == SettlementView.OffsetTransVoucher;

                    MCSGLImportLineInvoices Invoiceline; 

                    select firstonly Invoiceline
                        where Invoiceline.RecId == TransjournalTransLoc.MCSImportLines;

                    str voucher = strFmt('"%1"',Invoiceline.SequenceNumber);

                    io.writeExp([voucher,emptyString,emptyString,emptyString,Paid,dateTrans,emptyString,emptyString,emptyString,emptyString,emptyString,emptyString,emptyString,
                                emptyString,emptyString,emptyString,emptyString,emptyString,emptyString,emptyString,emptyString,emptyString,emptyString,emptyString,emptyString,
                                emptyString,emptyString,emptyString,emptyString,emptyString,emptyString,emptyString,emptyString,PaidAmount,emptyString,emptyString,emptyString,emptyString,emptyString,emptyString,
                        emptyString,emptyString]);
                }
            }
            ttsbegin;
            ledgerJournalTable.selectForUpdate(true); 
            ledgerJournalTable.MCSConcurFileName = _filename; 
            ledgerJournalTable.MCSConcur = NoYes::Yes; 
            ledgerJournalTable.doUpdate(); 
            ttscommit;
        }

        System.IO.MemoryStream stream = io.getStream();
        stream.Position = 0;
        if(manual)
        {
            _filename = strFmt("payment_notif_p1208981w96t_%1%2.txt",dateNow,timeNow);
            System.IO.StreamReader reader = new System.IO.StreamReader(stream);
            str csvFileContent = reader.ReadToEnd();
            File::SendStringAsFileToUser(csvFileContent,  _filename);
            info(strFmt("CSV file %1 Sent to user",_filename ));
        }
        else 
        {
        
            fileUrl = MCSDMFAPIAddition::getEncryptedUrl(stream,MCSProfileType::Payment,_filename,manual,sendtouser);
        }

        return   strFmt(@'{ "fileURL" : "%1", "filename" : "%2"}', fileUrl, _filename);

    }

]]></Source>
			</Method>
		</Methods>
	</SourceCode>
</AxClass>