<?xml version="1.0" encoding="utf-8"?>
<AxClass xmlns:i="http://www.w3.org/2001/XMLSchema-instance">
	<Name>MCSDimensionCombinationEntity_Extension</Name>
	<SourceCode>
		<Declaration><![CDATA[
[ExtensionOf(tableStr(DimensionCombinationEntity))]
final class MCSDimensionCombinationEntity_Extension
{
    
        
    #MCSGLImport
}
]]></Declaration>
		<Methods>
			<Method>
				<Name>costCentres</Name>
				<Source><![CDATA[
    /// <summary>
    /// This method returns the value of bank account.
    /// </summary>
    public static str costCentres()
    {
        Name dimensionName = #DimCostCenter;
        str sqlStatement;

        DimensionAttribute dimensionAttribute = DimensionAttribute::findByName(dimensionName);

        if (!dimensionAttribute)
        {
            sqlStatement = SysComputedColumn::returnLiteral('');
        }
        else
        {
            sqlStatement = strFmt('SELECT TOP 1 T1.%1 ', dimensionAttribute.DimensionValueColumnName);
        }

        return sqlStatement;
    }

]]></Source>
			</Method>
			<Method>
				<Name>project</Name>
				<Source><![CDATA[
    public static str project()
    {
        Name dimensionName = #DimProjects;
        str sqlStatement;

        DimensionAttribute dimensionAttribute = DimensionAttribute::findByName(dimensionName);

        if (!dimensionAttribute)
        {
            sqlStatement = SysComputedColumn::returnLiteral('');
        }
        else
        {
            sqlStatement = strFmt('SELECT TOP 1 T1.%1 ', dimensionAttribute.DimensionValueColumnName);
        }

        return sqlStatement;
    }

]]></Source>
			</Method>
			<Method>
				<Name>program</Name>
				<Source><![CDATA[
    public static str program()
    {
        Name dimensionName = #DimBusinessUnit;
        str sqlStatement;

        DimensionAttribute dimensionAttribute = DimensionAttribute::findByName(dimensionName);

        if (!dimensionAttribute)
        {
            sqlStatement = SysComputedColumn::returnLiteral('');
        }
        else
        {
            sqlStatement = strFmt('SELECT TOP 1 T1.%1 ', dimensionAttribute.DimensionValueColumnName);
        }

        return sqlStatement;
    }

]]></Source>
			</Method>
		</Methods>
	</SourceCode>
</AxClass>