<?xml version="1.0" encoding="utf-8"?>
<AxClass xmlns:i="http://www.w3.org/2001/XMLSchema-instance">
	<Name>MCSDMFAPIAddition</Name>
	<SourceCode>
		<Declaration><![CDATA[
internal final class MCSDMFAPIAddition
{
}
]]></Declaration>
		<Methods>
			<Method>
				<Name>getEncryptedUrl</Name>
				<Source><![CDATA[
    public static str getEncryptedUrl(System.IO.Stream _stream,MCSProfileType _profileType,fileName _fileName,boolean _ManualRun = false,boolean sendFileUser = false)
    {
        str fileUrl;
        str fileId;
        
        System.IO.Stream outFile; 
        FileUploadTemporaryStorageResult uploadResult; 


        MCSFileExportProfileTable profileTable = MCSFileExportProfileTable::find(_profileType);

        if (profileTable.isEncrypted())
        {
            outFile =  MCSPGPEncryptDecrypt::Encrypt(_stream, profileTable.getPublicKeyStream(), _fileName);
            if(sendFileUser)
            {
                File::SendFileToUser(outFile,_fileName);
            }
            else 
            {
                uploadResult = File::SendFileToTempStore_GetResult(outFile,_filename);
            }
        }
        else
        {
            uploadResult = File::SendFileToTempStore_GetResult(_stream,_filename);

            if (uploadResult != null && uploadResult.getUploadStatus())
            {
                fileUrl = uploadResult.getDownloadUrl(false);
                if (fileUrl == '')
                {
                    Error("@ApplicationPlatform:FileUploadFailed");
                    return null;
                }
                fileId = uploadResult.getFileId();
            }
        }
        return fileUrl;
    }

]]></Source>
			</Method>
		</Methods>
	</SourceCode>
</AxClass>