<?xml version="1.0" encoding="utf-8"?>
<AxClass xmlns:i="http://www.w3.org/2001/XMLSchema-instance">
	<Name>MCSDocuViewDelegate</Name>
	<SourceCode>
		<Declaration><![CDATA[
internal final class MCSDocuViewDelegate
{
}
]]></Declaration>
		<Methods>
			<Method>
				<Name>DocuView_ShowDefaultAttachmentField</Name>
				<Source><![CDATA[
    [SubscribesTo(formStr(DocuView), delegatestr(DocuView, ShowDefaultAttachmentField))]
    public static void DocuView_ShowDefaultAttachmentField(Common _testCursor, EventHandlerResult _eventHandlerResult)
    {
        switch (_testCursor.TableId)
        {
            case tableNum(LedgerJournalTable):
                _eventHandlerResult.booleanResult(true);
                break;
        }
    }

]]></Source>
			</Method>
			<Method>
				<Name>DocuView_OnInitialized</Name>
				<Source><![CDATA[
    /// <summary>
    /// Subscribes to the Initialized event of the <c>DocuView</c> form.
    /// Modifies the form data source to support displaying Asset Maintenance Dynamics 365 for Operations asset documents.
    /// </summary>
    /// <param name="_sender">The <c>DocuView</c> form being initialized.</param>
    /// <param name="_e">The args for the event.</param>
    [FormEventHandler(formStr(DocuView), FormEventType::Initialized)]
    public static void DocuView_OnInitialized(xFormRun sender, FormEventArgs e)
    {
        if (sender.args() && sender.args().menuItemName() == menuItemDisplayStr(MCSLedgerJournalTableTaxInvoice))
        {
            FormDataSource fdsDocuRef = sender.dataSource(formDataSourceStr(DocuView, DocuRef));

            QueryBuildDataSource qbdsDocuRef = fdsDocuRef.queryBuildDataSource();
            QueryBuildDataSource qbdsObjectDocument = qbdsDocuRef.addDataSource(tableNum(LedgerJournalTable));
            qbdsObjectDocument.relations(false);
            qbdsObjectDocument.addLink(fieldNum(DocuRef, RefCompanyId), fieldNum(LedgerJournalTable, DataAreaId));
            qbdsObjectDocument.addLink(fieldNum(DocuRef, RefTableId), fieldNum(LedgerJournalTable, TableId));
            qbdsObjectDocument.addLink(fieldNum(DocuRef, RefRecId), fieldNum(LedgerJournalTable, RecId));
        }
    }

]]></Source>
			</Method>
		</Methods>
	</SourceCode>
</AxClass>