<?xml version="1.0" encoding="utf-8"?>
<AxClass xmlns:i="http://www.w3.org/2001/XMLSchema-instance">
	<Name>MCSEmailFieldsHelper</Name>
	<SourceCode>
		<Declaration><![CDATA[
class MCSEmailFieldsHelper
{
}
]]></Declaration>
		<Methods>
			<Method>
				<Name>getTableFieldPlaceholders</Name>
				<Source><![CDATA[
    public static List getTableFieldPlaceholders(TableId _tableId)
    {
        List ret = new List(Types::String);
        SysDictTable    dt = SysDictTable::newTableId(_tableId);
        if (dt)
        {            
            for (int i = 1; i <= dt.fieldCnt(); i++)
            {
                FieldId fieldId = dt.fieldCnt2Id(i);
                DictField  df = dt.fieldObject(fieldId);
                if (df && df.baseType() != Types::BLOB && df.baseType() != Types::Class &&
                            df.baseType() != Types::Container && df.visible() && df.arraySize() <= 1)
                {
                    ret.addEnd(strFmt('%.%1%',df.name()));
                }
            }
            for (int i = 1; i <= dt.objectMethodCnt(); i++)
            {
                IdentifierName objMethodName = dt.objectMethod(i);
            
                SysDictMethod   method = new SysDictMethod(UtilElementType::TableInstanceMethod, dt.id(), objMethodName);
                if (method && method.displayType() == DisplayFunctionType::Get && !method.parameterCnt())
                {
                    ret.addEnd(strFmt('%.%1()%',objMethodName));
                }
            }
        }
        return ret;
    }

]]></Source>
			</Method>
			<Method>
				<Name>getControllerPlaceholers</Name>
				<Source><![CDATA[
    public static List getControllerPlaceholers(SrsPrintMgmtController _controller)
    {
        Object contractObj = _controller.getDataContractObject();
        if (contractObj)
        {
            Map contractMap = MCSEmailFieldsHelper::getContractPlaceholders(classIdGet(contractObj));
            
            return MCSEmailFieldsHelper::mapKeysToList(contractMap);
        }
        
        return new List(Types::String);
    }

]]></Source>
			</Method>
			<Method>
				<Name>mapKeysToList</Name>
				<Source><![CDATA[
    public static List mapKeysToList(Map _map)
    {
        List ret = new List(Types::String);
        Set keys = _map.keySet();
            
        SetEnumerator  se = keys.getEnumerator();
        ret.addEnd("@SYS131695");
        while (se.moveNext())
        {
            ret.addEnd(se.current());
        }
        return ret;
    }

]]></Source>
			</Method>
			<Method>
				<Name>getContractPlaceholders</Name>
				<Source><![CDATA[
    public static Map getContractPlaceholders(ClassId _classNum)
    {
        Map ret = new Map(Types::String, Types::String);
        #define.TypeKind_PrimitiveKind(0)

        if (_classNum)
        {
            SysDictClass dictClass = new SysDictClass(_classNum);
        
            if (dictClass)
            {
                Set methods = dictClass.methods(true, false, true);
                SetEnumerator se = methods.getEnumerator();
                while (se.moveNext())
                {
                    SysDictMethod dictMethod = se.current();
                    DataMemberAttribute dataMemberAttribute = dictMethod.getAttribute(classStr(DataMemberAttribute));

                    if (dataMemberAttribute != null)
                    {
                        SysDictType  dt = new  SysDictType(dictMethod.returnType());
                        if (dt && MCSEmailFieldsHelper::isPrimitiveType(dt.baseType()))
                        {
                            str dataMemberName = dataMemberAttribute.Name();
                            if (!dataMemberName)
                            {
                                dataMemberName = dictMethod.name();
                            }
                        
                            ret.insert(strFmt('%!%1%',dataMemberName),dictMethod.name());
                        }
                    }

                    if (!dataMemberAttribute)
                    {
                        MCSEmailFieldPlaceholderAttribute placeholderAttribute = dictMethod.getAttribute(classStr(MCSEmailFieldPlaceholderAttribute));
                        if (placeholderAttribute != null)
                        {
                            SysDictType  dt = new  SysDictType(dictMethod.returnType());
                            if (dt && MCSEmailFieldsHelper::isPrimitiveType(dt.baseType()))
                            {
                                str dataMemberName = placeholderAttribute.Name();
                                if (!dataMemberName)
                                {
                                    dataMemberName = dictMethod.name();
                                }
                        
                                ret.insert(strFmt('%!%1%',dataMemberName),dictMethod.name());
                            }
                        }
                    }
                }
            }
        }
        return ret;
    }

]]></Source>
			</Method>
			<Method>
				<Name>getDocTypeFromParm</Name>
				<Source><![CDATA[
    public static PrintMgmtDocumentType getDocTypeFromParm(str _parmValue)
    {
        #PrintMgmtSetup
        PrintMgmtDocumentType   ret;
        container c = str2con(_parmValue,',');

        if (conLen(c) == 2)
        {
            str printMgmt = conpeek(c,1);
            str type = conPeek(c,2);

            if (PrintMgmt == #SRSPrintDestinationTokenPrintMgmt)
            {
                DictEnum de = new DictEnum(enumNum(PrintMgmtDocumentType));                
                ret = de.symbol2Value(type);
            }

        }
        return ret;
    }

]]></Source>
			</Method>
			<Method>
				<Name>addTableFieldsForDocType</Name>
				<Source><![CDATA[
    public static List addTableFieldsForDocType(PrintMgmtDocumentType _docType)
    {
        return MCSEmailFieldsHelper::addTableFieldsForTable(MCSEmailFieldsHelper::getComdocJourTableId(_docType));
    }

]]></Source>
			</Method>
			<Method>
				<Name>addTableFieldsForTable</Name>
				<Source><![CDATA[
    public static List addTableFieldsForTable(TableID _tableId)
    {
        List ret = new List(Types::String);
        if (_tableId)
        {
            ret.addEnd(strFmt("@MCSReportsEmailing:FieldsFromTable",tableId2PName(_tableId)));
            ListEnumerator le = MCSEmailFieldsHelper::getTableFieldPlaceholders(_tableId).getEnumerator();
            while (le.moveNext())
            {
                ret.addEnd(le.current());
            }
        }
        return ret;
    }

]]></Source>
			</Method>
			<Method>
				<Name>getComdocJourTableId</Name>
				<Source><![CDATA[
    public static TableId getComdocJourTableId(PrintMgmtDocumentType _docType)
    {
        PrintMgmtDocType docType = PrintMgmtDocType::construct(_docType);

        TableId ret = docType.getQueryTableId();
        
        switch (_docType)
        {
            case  PrintMgmtDocumentType::VendPaymAdvice :
                ret = tableNum(VendTable);
                break;
            case  PrintMgmtDocumentType::CustPaymAdvice :
                ret = tableNum(CustTable);
                break;
        }

        return ret;
    }

]]></Source>
			</Method>
			<Method>
				<Name>getComDocJourTableFromController</Name>
				<Source><![CDATA[
    public static TableId getComDocJourTableFromController(SrsPrintMgmtController _controller)
    {
        Query q = _controller.getFirstQuery();
        if (q)
        {
            return q.dataSourceNo(1).table();
        }
        return 0;
    }

]]></Source>
			</Method>
			<Method>
				<Name>getContractForDocType</Name>
				<Source><![CDATA[
    public static ClassId getContractForDocType(PrintMgmtDocumentType _docType)
    {

        switch (_docType)
        {
            case PrintMgmtDocumentType::PurchaseOrderInvoice:
                return classNum(VendInvoiceContract);
            
            case PrintMgmtDocumentType::PurchaseOrderPackingSlip:
                return classNum(PurchPackingSlipContract);
                
            case PrintMgmtDocumentType::PurchaseOrderReceiptsList:
                return classNum(PurchReceiptsListContract);

            case PrintMgmtDocumentType::PurchaseOrderRequisition:
                return classNum(PurchPurchaseOrderContract);
                
            case PrintMgmtDocumentType::PurchaseOrderConfirmationRequest:
                return classNum(PurchPurchaseOrderContract);

            case PrintMgmtDocumentType::PurchRFQ,
                PrintMgmtDocumentType::PurchRFQAccept,
                 PrintMgmtDocumentType::PurchRFQReject,
                 PrintMgmtDocumentType::PurchRFQReturn:
                return classNum(PurchRFQSendContract);

            case PrintMgmtDocumentType::SalesOrderInvoice :
                return classNum(SalesInvoiceContract);
            
            case PrintMgmtDocumentType::SalesFreeTextInvoice :
                return classNum(FreeTextInvoiceContract);
            
            case PrintMgmtDocumentType::InventPickList:
                return classNum(WmsPickingList_OrderPickContract);

            case PrintMgmtDocumentType::SalesOrderPackingSlip:
                return classNum(SalesPackingSlipContract);
                
            case PrintMgmtDocumentType::SalesOrderConfirmation:
                return classNum(SalesConfirmContract);
                
            case PrintMgmtDocumentType::Confirmation,
                PrintMgmtDocumentType::ProjectQuotation,
                 PrintMgmtDocumentType::Quotation:
                return classNum(SalesQuotationContract);

            case PrintMgmtDocumentType::SIProjInvoice,
                PrintMgmtDocumentType::SIProjInvoiceWithBR,
                 PrintMgmtDocumentType::SIManagedProjInvoice,
                 PrintMgmtDocumentType::ProjCustRetentionReleaseInvoice,
                 PrintMgmtDocumentType::ProjectInvoice:
                return classNum(ProjInvoiceContract);

            case PrintMgmtDocumentType::CustAccountStatement:
                return classNum(CustAccountStatementExtContract);
                
            case PrintMgmtDocumentType::CustInterestNote:
                return classNum(CustInterestNoteContract);

            case PrintMgmtDocumentType::CustCollectionLetter:
                return classNum(CustCollectionJourContract);

            case PrintMgmtDocumentType::SalesAgreementConfirmation,
                PrintMgmtDocumentType::PurchAgreementConfirmation:
                return classNum(AgreementConfirmController);

            
        }

        return 0;
    }

]]></Source>
			</Method>
			<Method>
				<Name>isPrimitiveType</Name>
				<Source><![CDATA[
    private static boolean isPrimitiveType(Types _type)
    {
        switch(_type)
        {
            case Types::Date:
            case Types::Enum:
            case Types::Guid:
            case Types::Int64:
            case Types::Integer:
            case Types::Real:
            case Types::String:
            case Types::VarString:
            case Types::Time:
            case Types::UtcDateTime:
                return true;
        }
        return false;
    }

]]></Source>
			</Method>
			<Method>
				<Name>getDateTime</Name>
				<Source><![CDATA[
    public static System.DateTime getDateTime(utcdatetime xppDateTime)
    {
        int dtyear;
        int dtmonth;
        int dtday;
        int dthour;
        int dtmin;

        dtyear = DateTimeUtil::year(xppDateTime);
        dtmonth = DateTimeUtil::month(xppDateTime);
        dtday = DateTimeUtil::day(xppDateTime);
        dthour = DateTimeUtil::hour(xppDateTime);
        dtmin = DateTimeUtil::minute(xppDateTime);

        return new System.DateTime(dtyear, dtmonth, dtday, dthour, dtmin, 0, System.DateTimeKind::Utc);
    }

]]></Source>
			</Method>
		</Methods>
	</SourceCode>
</AxClass>