<?xml version="1.0" encoding="utf-8"?>
<AxClass xmlns:i="http://www.w3.org/2001/XMLSchema-instance">
	<Name>MCSEmailFieldPlaceholderAttribute</Name>
	<SourceCode>
		<Declaration><![CDATA[
class MCSEmailFieldPlaceholderAttribute extends SysAttribute
{
    str _name;
}
]]></Declaration>
		<Methods>
			<Method>
				<Name>Name</Name>
				<Source><![CDATA[
    str Name()
    {
        return _name;
    }

]]></Source>
			</Method>
			<Method>
				<Name>new</Name>
				<Source><![CDATA[
    public void new(str name = '')
    {
        _name = name;
        super();
    }

]]></Source>
			</Method>
		</Methods>
	</SourceCode>
</AxClass>