<?xml version="1.0" encoding="utf-8"?>
<AxClass xmlns:i="http://www.w3.org/2001/XMLSchema-instance">
	<Name>MCSFreeTextInvoiceController</Name>
	<SourceCode>
		<Declaration><![CDATA[
/// <summary>
///    The <c>AssetBookCompareController</c> class is the controller class for the <c>AssetBookCompare</c> report.
/// </summary>
public class MCSFreeTextInvoiceController extends SrsReportRunController implements BatchRetryable
{

}
]]></Declaration>
		<Methods>
			<Method>
				<Name>construct</Name>
				<Source><![CDATA[
    public static MCSFreeTextInvoiceController construct(Args _args)
    {
        refRecid        RecId; 

        MCSFreeTextInvoiceController controller = new MCSFreeTextInvoiceController();
        controller.parmReportName(ssrsReportStr(AssetBookCompare, Report));
        controller.parmArgs(_args);
       
        controller.parmShowDialog(false);
        MCSFreeTextInvoiceContract contract = controller.parmReportContract().parmRdpContract() as MCSFreeTextInvoiceContract;
        contract.parmCustInvoiceId( _args.record().RecId);

        return controller;
    }

]]></Source>
			</Method>
			<Method>
				<Name>main</Name>
				<Source><![CDATA[
    public static void main(Args args)
    {
        MCSFreeTextInvoiceController::construct(args).startOperation();
    }

]]></Source>
			</Method>
			<Method>
				<Name>isRetryable</Name>
				<Source><![CDATA[
    /// <summary>
    /// Specifies if the batch task is retryable for transient exceptions or not.
    /// </summary>
    /// <returns>
    /// If true is returned, the batch task is retryable, otherwise it is not.
    /// </returns>
    [Hookable(false)]
    final boolean isRetryable() 
    {
        return true;
    }

]]></Source>
			</Method>
		</Methods>
	</SourceCode>
</AxClass>