<?xml version="1.0" encoding="utf-8"?>
<AxClass xmlns:i="http://www.w3.org/2001/XMLSchema-instance">
	<Name>MCSFileService</Name>
	<SourceCode>
		<Declaration><![CDATA[
using Microsoft.Dynamics.ApplicationFoundation.DIXF.Instrumentation;

class MCSFileService
{
   

}
]]></Declaration>
		<Methods>
			<Method>
				<Name>getInfologMessages</Name>
				<Source><![CDATA[
    public static str getInfologMessages()
    {
        return MCSFileService::getMessagesFromInfologData(infolog.infologData());
    }

]]></Source>
			</Method>
			<Method>
				<Name>getMessagesFromInfologData</Name>
				<Source><![CDATA[
    public static str getMessagesFromInfologData(container _infologData)
    {
        SysInfologEnumerator infoEnumerator = SysInfologEnumerator::newData(_infologData);
        str infologStr = '';

        while (infoEnumerator.moveNext())
        {
            infologStr += strfmt('%1\n', infoEnumerator.currentMessage());
        }

        return infologStr;
    }

]]></Source>
			</Method>
			<Method>
				<Name>getAzureBlobReadUrl</Name>
				<Source><![CDATA[
    public static str getAzureBlobReadUrl(str _fileId, str category = FileUploadTemporaryStorageStrategy::AzureStorageCategory)
    {
        // If empty category is specified assume
        // temporary storage
        if(!category)
        {
            // temporary-file category
            category = FileUploadTemporaryStorageStrategy::AzureStorageCategory;
        }

        var blobStorageService = new Microsoft.DynamicsOnline.Infrastructure.Components.SharedServiceUnitStorage.SharedServiceUnitStorage(Microsoft.DynamicsOnline.Infrastructure.Components.SharedServiceUnitStorage.SharedServiceUnitStorage::GetDefaultStorageContext());
        
        // Fetch a read-only link that is valid for 60 minutes
        var uploadedBlobInfo = blobStorageService.GetData(_fileId, category, Microsoft.DynamicsOnline.Infrastructure.Components.SharedServiceUnitStorage.BlobUrlPermission::Read, System.TimeSpan::FromMinutes(60));
        return uploadedBlobInfo.BlobLink;
    }

]]></Source>
			</Method>
			<Method>
				<Name>getBlobWriteUrlInCategory</Name>
				<Source><![CDATA[
    public static str getBlobWriteUrlInCategory(str _fileId, str _fileName, str _category = FileUploadTemporaryStorageStrategy::AzureStorageCategory)
    {
        str category  = _category;
        // If empty category is specified assume
        // temporary storage
        if(!category)
        {
            category = FileUploadTemporaryStorageStrategy::AzureStorageCategory;
        }

        var blobInfo = new Microsoft.DynamicsOnline.Infrastructure.Components.SharedServiceUnitStorage.SharedServiceUnitStorageData();
        blobInfo.Id = _fileId;
        blobInfo.Category = category;
        blobInfo.Name = _fileName;
        blobInfo.Accessibility = Microsoft.DynamicsOnline.Infrastructure.Components.SharedServiceUnitStorage.Accessibility::Private;
        blobInfo.Retention = Microsoft.DynamicsOnline.Infrastructure.Components.SharedServiceUnitStorage.Retention::Temporary;
        blobInfo.ExpirationDuration = System.TimeSpan::FromDays(7);

        using (var t = TelemetryRuntimeDuration::Create('getBlobWriteUrlInCategory')
                    .ClassName(classStr(DMFDataPopulation))
                    .MethodName(staticMethodStr(DMFDataPopulation, getBlobWriteUrlInCategory))
                    .Add('FileId', _fileId)
                    .Add('FileName', _fileName)
                    .Add('Category', category)
                    .Add('BlobInfo', blobInfo)
                    .Start())
        {
            var blobStorageService = new Microsoft.DynamicsOnline.Infrastructure.Components.SharedServiceUnitStorage.SharedServiceUnitStorage(Microsoft.DynamicsOnline.Infrastructure.Components.SharedServiceUnitStorage.SharedServiceUnitStorage::GetDefaultStorageContext());

            blobStorageService.CreateData(blobInfo);
        }

        return blobInfo.BlobLink;
    }

]]></Source>
			</Method>
		</Methods>
	</SourceCode>
</AxClass>