<?xml version="1.0" encoding="utf-8"?>
<AxClass xmlns:i="http://www.w3.org/2001/XMLSchema-instance">
	<Name>MCSFreeTextInvoiceDp</Name>
	<SourceCode>
		<Declaration><![CDATA[
/// <summary>
///    Declares variables and tables for the <c>AssetBookCompare</c> report.
/// </summary>
[
    SRSReportParameterAttribute(classstr(MCSFreeTextInvoiceContract))
]
public class MCSFreeTextInvoiceDp extends SRSReportDataProviderPreProcessTempDb
{
    
    MCSFreeTextInvoiceContract contract;
    MCSFreeTextInvoiceTmp      freeTextInvoiceTmp; 
    RefRecId                    customerInvoice; 

}
]]></Declaration>
		<Methods>
			<Method>
				<Name>getAssetBookCompareTmp</Name>
				<Source><![CDATA[
    /// <summary>
    ///    Gets data from the <c>AssetBookCompareTmp</c> temporary table.
    /// </summary>
    /// <returns>
    ///    The object from the <c>AssetBookCompareTmp</c> temporary table.
    /// </returns>
    [
        SrsReportDataSetAttribute(tablestr(MCSFreeTextInvoiceTmp))
    ]
    public MCSFreeTextInvoiceTmp getAssetBookCompareTmp()
    {
        select freeTextInvoiceTmp;
        return freeTextInvoiceTmp;
    }

]]></Source>
			</Method>
			<Method>
				<Name>processReport</Name>
				<Source><![CDATA[
    /// <summary>
    ///    Fetches records based on the specified parameter values and inserts the records into the
    ///    <c>AssetBookCompareTmp</c> temporary table.
    /// </summary>
    public void processReport()
    {
        companyInfo companyInfo; 
        CustInvoiceTable    custInvoiceTable; 
        CustInvoiceLine     custInvoiceline; 

        contract = this.parmDataContract() as  MCSFreeTextInvoiceContract;
        customerInvoice = contract.parmCustInvoiceId(); 
 
        custInvoiceTable = custInvoiceTable::findRecId(customerInvoice);

        companyInfo = CompanyInfo::find();

        while select custInvoiceline
            where custInvoiceline.ParentRecId == custInvoiceTable.RecId
        {
            freeTextInvoiceTmp.clear(); 
            freeTextInvoiceTmp.CompanyName              = companyInfo.name();
            freeTextInvoiceTmp.CompanyAddress           = companyInfo.postalAddress().Address;
            freeTextInvoiceTmp.CompanyPhone             = companyInfo.phone();
            freeTextInvoiceTmp.CompanyTeleFax           = companyInfo.teleFax();
            freeTextInvoiceTmp.CompanyGiro              = companyInfo.Giro;
            freeTextInvoiceTmp.CompanyCoRegNum          = companyInfo.CoRegNum;
            freeTextInvoiceTmp.CompanyLogo              = CompanyImage::findByRecord(companyInfo).Image;
            freeTextInvoiceTmp.InvoiceId                = custInvoiceTable.InvoiceId; 
            freeTextInvoiceTmp.Addressing               = custInvoiceTable.displayDeliveryAddress(); 
            freeTextInvoiceTmp.TransDate                = custInvoiceTable.InvoiceDate; 
            freeTextInvoiceTmp.DueDate                  = custInvoiceTable.DueDate;
            freeTextInvoiceTmp.Description              = custInvoiceTable.CustomerRef; 

            freeTextInvoiceTmp.Details                  = custInvoiceline.Description;
            freeTextInvoiceTmp.AmountCur                = custInvoiceline.AmountCur; 
            freeTextInvoiceTmp.insert();
        }

        
    }

]]></Source>
			</Method>
		</Methods>
	</SourceCode>
</AxClass>