<?xml version="1.0" encoding="utf-8"?>
<AxClass xmlns:i="http://www.w3.org/2001/XMLSchema-instance">
	<Name>MCSFreeTextInvoiceContract</Name>
	<SourceCode>
		<Declaration><![CDATA[
/// <summary>
/// Data Contract class for <c>AssetBookCompare</c> SSRS report.
/// </summary>
/// <remarks>
/// This is the Data Contract class for the <c>AssetBookCompare</c> SSRS Report.
/// </remarks>
[
    DataContractAttribute
]
public class MCSFreeTextInvoiceContract 
{
    RefRecId            custInvoiceId;

}
]]></Declaration>
		<Methods>
			<Method>
				<Name>parmCustInvoiceId</Name>
				<Source><![CDATA[
    /// <summary>
    /// Gets or sets the value of the datacontract parameter BookId1.
    /// </summary>
    /// <param name="_firstAssetBookId">
    /// The new value of the datacontract parameter BookId1; optional.
    /// </param>
    /// <returns>
    /// The current value of datacontract parameter BookId1.
    /// </returns>
    [
        DataMemberAttribute('custInvoiceId')
    ]
    public RefRecId parmCustInvoiceId(RefRecId _custInvoiceId = custInvoiceId)
    {
        custInvoiceId = _custInvoiceId;
        return custInvoiceId;
    }

]]></Source>
			</Method>
		</Methods>
	</SourceCode>
</AxClass>