<?xml version="1.0" encoding="utf-8"?>
<AxClass xmlns:i="http://www.w3.org/2001/XMLSchema-instance">
	<Name>MCSFileExportProfileUploadPublicKey</Name>
	<SourceCode>
		<Declaration><![CDATA[
class MCSFileExportProfileUploadPublicKey extends RunBase
{
    Filename                fileNamePublic;
 
    DialogRunbase           baseDialog;
    FileUploadBuild         dialogFileUploadPublic;
    FileUpload              fileUploadPublic;

    public MCSFileExportProfileTable   callerRecord;
   
}
]]></Declaration>
		<Methods>
			<Method>
				<Name>canRunInNewSession</Name>
				<Source><![CDATA[
    protected boolean canRunInNewSession()
    {
        return false;
    }

]]></Source>
			</Method>
			<Method>
				<Name>dialog</Name>
				<Source><![CDATA[
    public Object dialog()
    {
        fileNamePublic = '';
        

        baseDialog = super();
        
        
        DialogGroup dialogGroup = baseDialog.addGroup(this.fileUploadGroupName());

        FormBuildControl formBuildControl = baseDialog.formBuildDesign().control(dialogGroup.name());
        dialogFileUploadPublic = formBuildControl.addControlEx(classstr(FileUpload), 'FileUploadPublic');
        dialogFileUploadPublic.style(FileUploadStyle::MinimalWithFilename);
        dialogFileUploadPublic.baseFileUploadStrategyClassName(classstr(FileUploadTemporaryStorageStrategy));
        dialogFileUploadPublic.fileNameLabel("PublicKeyFile");

        return baseDialog;
    }

]]></Source>
			</Method>
			<Method>
				<Name>fileUploadGroupName</Name>
				<Source><![CDATA[
    protected str fileUploadGroupName()
    {
        return "@SYS309953";
    }

]]></Source>
			</Method>
			<Method>
				<Name>description</Name>
				<Source><![CDATA[
    public static Description description()
    {
        return "UploadPublicKey";
    }

]]></Source>
			</Method>
			<Method>
				<Name>dialogPostRun</Name>
				<Source><![CDATA[
    public void dialogPostRun(DialogRunbase _dialog)
    {
        fileUploadPublic = _dialog.formRun().control(_dialog.formRun().controlId('FileUploadPublic'));
        fileUploadPublic.notifyUploadCompleted += eventhandler(this.uploadCompletedPublic);


        this.setDialogOkButtonEnabled(_dialog, false);
    }

]]></Source>
			</Method>
			<Method>
				<Name>uploadCompletedPublic</Name>
				<Source><![CDATA[
    public void uploadCompletedPublic()
    {
        filenamePublic = fileUploadPublic.fileName();
        
        FileUploadTemporaryStorageResult fileUploadResults = fileUploadPublic.getFileUploadResult();
        

        this.setDialogOkButtonEnabled(baseDialog, fileNamePublic != '');
        fileUploadPublic.notifyUploadCompleted -= eventhandler(this.UploadCompletedPublic);
    }

]]></Source>
			</Method>
			<Method>
				<Name>setDialogOkButtonEnabled</Name>
				<Source><![CDATA[
    protected void setDialogOkButtonEnabled(DialogRunbase _dialog, boolean _isEnabled)
    {
        FormControl okButtonControl = _dialog.formRun().control(_dialog.formRun().controlId('OkButton'));

        if (okButtonControl)
        {
            okButtonControl.enabled(_isEnabled);
        }
    }

]]></Source>
			</Method>
			<Method>
				<Name>run</Name>
				<Source><![CDATA[
    public void run()
    {
        if (fileNamePublic)
        {
            Binary pubBinary = Binary::constructFromMemoryStream(fileUploadPublic.getUploadedFile());
            
            MCSPGPEncryptDecrypt::ReadPublicKey(pubBinary.getMemoryStream());

            callerRecord.PublicKey = pubBinary.getContainer();
        }
        ttsbegin;
        if (callerRecord)
        {
            callerRecord.update();
        }
        else
        {
            callerRecord.insert();
        }
        ttscommit;
        info("KeyUploadCompleted");
    }

]]></Source>
			</Method>
			<Method>
				<Name>main</Name>
				<Source><![CDATA[
    public static void main(Args _args)
    {
        MCSFileExportProfileUploadPublicKey    uploadKey = new MCSFileExportProfileUploadPublicKey();

        if(!_args.record() || _args.record().TableId != tableNum(MCSFileExportProfileTable))
        {
            throw error(error::missingRecord(funcName()));
        }

        uploadKey.callerRecord = _args.record();

        if (uploadKey.prompt())
        {
            uploadKey.runOperation();
        }

    }

]]></Source>
			</Method>
		</Methods>
	</SourceCode>
</AxClass>