<?xml version="1.0" encoding="utf-8"?>
<AxClass xmlns:i="http://www.w3.org/2001/XMLSchema-instance">
	<Name>MCSGLImportFileTask_Expense</Name>
	<SourceCode>
		<Declaration><![CDATA[
class MCSGLImportFileTask_Expense extends MCSGLImportFileTask  
{
    Map headerMap;
    TransDate   journalDate;
    #MCSGLImport
}
]]></Declaration>
		<Methods>
			<Method>
				<Name>numOfColumns</Name>
				<Source><![CDATA[
    public int numOfColumns()
    {
        return 250;
    }

]]></Source>
			</Method>
			<Method>
				<Name>validateHeaders</Name>
				<Source><![CDATA[
    protected  boolean validateHeaders(container _headers)
    {
        boolean ret = true;

        headerMap = new Map(Types::Integer, Types::Class);
        headerMap.add(69, new SysDictField(tableNum(MCSGLImportLineExpense),fieldNum(MCSGLImportLineExpense,LineDescription)));
        headerMap.add(57, new SysDictField(tableNum(MCSGLImportLineExpense),fieldNum(MCSGLImportLineExpense,AccountNum)));
        headerMap.add(64, new SysDictField(tableNum(MCSGLImportLineExpense),fieldNum(MCSGLImportLineExpense,InvoiceDate)));
        headerMap.add(19, new SysDictField(tableNum(MCSGLImportLineExpense),fieldNum(MCSGLImportLineExpense,InvoiceId)));

  
        headerMap.add(169, new SysDictField(tableNum(MCSGLImportLineExpense),fieldNum(MCSGLImportLineExpense,Credit)));
        headerMap.add(238, new SysDictField(tableNum(MCSGLImportLineExpense),fieldNum(MCSGLImportLineExpense,TaxItemGroup)));

        headerMap.add(167, new SysDictField(tableNum(MCSGLImportLineExpense),fieldNum(MCSGLImportLineExpense,MainAccountNum)));
        headerMap.add(192, new SysDictField(tableNum(MCSGLImportLineExpense),fieldNum(MCSGLImportLineExpense,BusinessUnit)));
        headerMap.add(195, new SysDictField(tableNum(MCSGLImportLineExpense),fieldNum(MCSGLImportLineExpense,CostCenter)));
        headerMap.add(196, new SysDictField(tableNum(MCSGLImportLineExpense),fieldNum(MCSGLImportLineExpense,Product_Project_Code)));
        

        if (conLen(_headers) <= this.numOfColumns())
        {
            ret = checkFailed(strFmt("@MCS:LineNumColumnsError", conLen(_headers), this.numOfColumns()));
        }

        
        return ret;

    }

]]></Source>
			</Method>
			<Method>
				<Name>importCSVFile</Name>
				<Source><![CDATA[
    protected void importCSVFile(System.IO.MemoryStream _stream)
    {
        #File
        file = TextStreamIo::constructForRead(_stream);
        file.inFieldDelimiter('|');
        file.inRecordDelimiter(#delimiterCRLF);

        while (file.status() == IO_Status::Ok)
        {
           
            container data = file.read();

            if (conLen(data))
            {
                lineNum++;

                if (lineNum == 1)
                {
                    journalDate = conPeek(data,2);
                    continue;
                }

                if (lineNum == 2 && !this.validateHeaders(data))
                {
                    throw Exception::Error;
                }
                insertList.add(this.populateImportLine(data));
            }

        }
    }

]]></Source>
			</Method>
			<Method>
				<Name>populateImportLine</Name>
				<Source><![CDATA[
    public MCSGLImportLineMap populateImportLine(container _data)
    {
        MCSGLImportLineExpense importLine;
    
        importLine.ImportTable = MCSGLImportTable.RecId;
        importLine.LineNumber = lineNum;

        importLine.TransDate = journalDate;
        for (int col = 1; col <= conLen(_data); col++)
        {
            if (headerMap.exists(col))
            {
                DictField dField = headerMap.lookup(col);

                importLine.(dField.id()) = this.readValue(conPeek(_data,col), dField);
            }
        }
        importLine.LineDescription += conPeek(_data,63);
        DimensionAttribute dimensionAttribute = DimensionAttribute::findByName(#dimBusinessUnit);
            
        DimensionAttributeValue dimensionAttributeValue = DimensionAttributeValue::findByDimensionAttributeAndValue(dimensionAttribute, importLine.BusinessUnit, false, true);

        importLine.TaxGroup = dimensionAttributeValue.MCSTaxGroup;
        importLine.TaxItemGroup = dimensionAttributeValue.MCSTaxItemGroup;
        return importLine;
    }

]]></Source>
			</Method>
			<Method>
				<Name>createInsertList</Name>
				<Source><![CDATA[
    public RecordInsertList createInsertList()
    {
        RecordInsertList ret = new RecordInsertList(tableNum(MCSGLImportLineExpense));

        return ret;
    }

]]></Source>
			</Method>
			<Method>
				<Name>validateImport</Name>
				<Source><![CDATA[
    protected void validateImport()
    {
        MCSGLImportLineExpense::validateRecords(MCSGLImportTable.RecId, false);
    }

]]></Source>
			</Method>
			<Method>
				<Name>construct</Name>
				<Source><![CDATA[
    public static MCSGLImportFileTask_Expense construct()
    {
        return new MCSGLImportFileTask_Expense();
    }

]]></Source>
			</Method>
		</Methods>
	</SourceCode>
</AxClass>