<?xml version="1.0" encoding="utf-8"?>
<AxClass xmlns:i="http://www.w3.org/2001/XMLSchema-instance">
	<Name>MCSGLImportFileTask_LMS</Name>
	<SourceCode>
		<Declaration><![CDATA[
using OfficeOpenXml;
using Microsoft.Dynamics.Platform.Integration.Office.MetadataCache;

class MCSGLImportFileTask_LMS extends MCSGLImportFileTask  
{
    Map                 headerMap;
    date                journalDate;
    LedgerParameters    parameters; 

}
]]></Declaration>
		<Methods>
			<Method>
				<Name>importExcelFile</Name>
				<Source><![CDATA[
    protected void importExcelFile(System.IO.MemoryStream _stream)
    {
        ExcelPackage excelPackage  = new ExcelPackage(_stream);
        ExcelWorkbook workBook =  excelPackage.get_Workbook();
        ExcelWorksheets worksheets = workBook.get_Worksheets();
        worksheet = worksheets.get_Item(2);
        

        container data;

        int col;

        for (col = 1; col <= this.numOfColumns(); col++)
        {
            data += this.getCell(1,col);
        }

        
        if (!this.validateHeaders(data))
        {
            throw Exception::Error;
        }
            
        lineNum = 2;

        Name transReference = this.getCell(lineNum, 1);
        while (transReference)
        {
            data = conNull();
            
            for (col = 1; col <= this.numOfColumns(); col++)
            {
                data = conPoke(data,col,this.getCell(lineNum, col));
                                
            }
            insertList.add(this.populateImportLine(data));
            lineNum++;
            transReference = this.getCell(lineNum,1);
        }
        LineNum--;
    }

]]></Source>
			</Method>
			<Method>
				<Name>validateHeaders</Name>
				<Source><![CDATA[
    protected  boolean validateHeaders(container _headers)
    {
        boolean ret = true;

        //this.getJournalDateFromFile(); 

        headerMap = new Map(Types::Integer, Types::Class);

        SysDictTable    dictTable  = SysDictTable::newTableId(tableNum(MCSGLImportLineLMS));

        SysDictFieldGroup dictGroup = new SysDictFieldGroup(tableNum(MCSGLImportLineLMS), tableFieldGroupStr(MCSGLImportLineLMS, ImportFields));

        Map fieldMap = new Map(Types::String, Types::Class);

        for (int i = 1; i <= dictGroup.numberOfFields(); i++)
        {
            Fieldid fieldId = dictGroup.field(i);
            SysDictField dtField = new SysDictField(tableNum(MCSGLImportLineLMS),fieldId);
            
            str fieldLabel = SysLabel::labelId2String2(dtField.labelLabel());

            fieldMap.add(fieldLabel, dtField);
        }

        for (int col = 1; col <= conLen(_headers); col++)
        {
            str columName = conPeek(_headers,col);

            if (fieldMap.exists(columName))
            {
                headerMap.add(col, fieldMap.lookup(columName));
                fieldMap.remove(columName);
            }
        }

        if (fieldMap.elements())
        {
            MapEnumerator me = fieldMap.getEnumerator();

            while (me.moveNext())
            {
                ret = checkFailed(strFmt("@MCS:MissingColumn", me.currentKey()));
            }

        }

        
        return ret;

    }

]]></Source>
			</Method>
			<Method>
				<Name>numOfColumns</Name>
				<Source><![CDATA[
    public int numOfColumns()
    {
        return 15;
    }

]]></Source>
			</Method>
			<Method>
				<Name>populateImportLine</Name>
				<Source><![CDATA[
    public MCSGLImportLineMap populateImportLine(container _data)
    {
        MCSGLImportLineLMS          importLine;
        importLine.ImportTable = MCSGLImportTable.RecId;
        importLine.LineNumber = lineNum;

        importLine.InvoiceNumber = conPeek(_data,1); 
        importLine.InvoiceDate  = conPeek(_data,2);
        importLine.DueDate  = conPeek(_data,3);
        importLine.BillTo  = conPeek(_data,4);
        importLine.DescriptionHeader  = conPeek(_data,5);
        importLine.FromDate  = conPeek(_data,6);
        importLine.ToDate  = conPeek(_data,7);
        importLine.TransDate    = systemDateGet();
        importLine.Days  = conPeek(_data,8);
        importLine.Reference  = conPeek(_data,9);
        importLine.Description = conPeek(_data,10);
        importLine.FeeBased    = conPeek(_data,11);
        importLine.Rate = any2Real(conPeek(_data,12));
        importLine.DayYear    = conPeek(_data,13);
        importLine.FacilityAmount = any2Real(conPeek(_data,14));
        importLine.Amount    = any2Real(conPeek(_data,15));
        
        return importLine;
    }

]]></Source>
			</Method>
			<Method>
				<Name>createInsertList</Name>
				<Source><![CDATA[
    public RecordInsertList createInsertList()
    {
        RecordInsertList ret = new RecordInsertList(tableNum(MCSGLImportLineLMS));

        parameters = LedgerParameters::find();

        return ret;
    }

]]></Source>
			</Method>
			<Method>
				<Name>validateImport</Name>
				<Source><![CDATA[
    protected void validateImport()
    {
        MCSGLImportLineLMS::validateRecords(MCSGLImportTable.RecId, false);
    }

]]></Source>
			</Method>
			<Method>
				<Name>construct</Name>
				<Source><![CDATA[
    public static MCSGLImportFileTask_LMS construct()
    {
        return new MCSGLImportFileTask_LMS();
    }

]]></Source>
			</Method>
		</Methods>
	</SourceCode>
</AxClass>