<?xml version="1.0" encoding="utf-8"?>
<AxClass xmlns:i="http://www.w3.org/2001/XMLSchema-instance">
	<Name>MCSGLImportProcess_Payroll</Name>
	<SourceCode>
		<Declaration><![CDATA[
class MCSGLImportProcess_Payroll extends MCSGLImportProcess
{
    #MCSGLImport
    Counter                     numOfLines;
    TransDate                   transDAte;
    URL                         InvoiceLineURL;
    str                         fileNameSuffix;

    #define.CurrentVersion(1)
    #localmacro.CurrentList
        fileId,
        journalName,
        postJournal
    #endmacro


}
]]></Declaration>
		<Methods>
			<Method>
				<Name>pack</Name>
				<Source><![CDATA[
    public container pack()
    {
        return [#CurrentVersion, #CurrentList,  queryRun.pack()];
    }

]]></Source>
			</Method>
			<Method>
				<Name>unpack</Name>
				<Source><![CDATA[
    public boolean unpack(container _packedClass)
    {
        Version     version = RunBase::getVersion(_packedClass);
        container   packedQuery;

        switch (version)
        {
            case #CurrentVersion :
                [version, #CurrentList, packedQuery] = _packedClass;
                if (packedQuery)
                {
                    queryRun = new QueryRun(packedQuery);
                }
                break;

            default :
                return false;
        }

        return true;
    }

]]></Source>
			</Method>
			<Method>
				<Name>getJournalDescription</Name>
				<Source><![CDATA[
    protected Description getJournalDescription()
    {
        return importTable.FileName;
    }

]]></Source>
			</Method>
			<Method>
				<Name>dialog</Name>
				<Source><![CDATA[
    public Object dialog()
    {
        DialogRunbase dialog = super();

        dialogJournalName.enabled(true);
        dialogJournalName.value(journalName);

        return dialog;
    }

]]></Source>
			</Method>
			<Method>
				<Name>getFromDialog</Name>
				<Source><![CDATA[
    public boolean getFromDialog()
    {
        boolean ret = super();
        
        return ret;
    }

]]></Source>
			</Method>
			<Method>
				<Name>amountsInclTax</Name>
				<Source><![CDATA[
    protected NoYes amountsInclTax()
    {
        return NoYes::Yes;
    }

]]></Source>
			</Method>
			<Method>
				<Name>buildquery</Name>
				<Source><![CDATA[
    protected Query buildquery()
    {
        Query   q = super();
        QueryBuildDataSource    qbd = q.dataSourceTable(tableNum(MCSGLImportTable));
        QueryBuildDataSource    qbdLines = qbd.addDataSource(tableNum(MCSGLImportLinePayroll));
        qbdLines.joinMode(JoinMode::NoExistsJoin);
        qbdLines.relations(true);
        QueryBuildRange rangeLines = qbdLines.addRange(fieldNum(MCSGLImportLinePayroll, Notes));
        rangeLines.value(SysQuery::valueNotEmptyString());
        rangeLines.status(RangeStatus::Locked);

        return q;
    }

]]></Source>
			</Method>
			<Method>
				<Name>buildLinesQuery</Name>
				<Source><![CDATA[
    protected Query buildLinesQuery()
    {
        Query q = new Query();

        QueryBuildDataSource qbdLines = q.addDataSource(tableNum(MCSGLImportLinePayroll));
        qbdLines.addRange(fieldNum(MCSGLImportLinePayroll, Notes)).value(SysQuery::valueEmptyString());
        qbdLines.addRange(fieldNum(MCSGLImportLinePayroll, ImportTable)).value(queryValue(importTable.RecId));
        
        qbdLines.addSortField(fieldNum(MCSGLImportLinePayroll, LineNumber),SortOrder::Ascending);

        QueryBuildDataSource qbdJournals = qbdLines.addDataSource(tableNum(MCSGLImportJournals));
        qbdJournals.joinMode(JoinMode::NoExistsJoin);
        qbdJournals.addLink(fieldNum(MCSGLImportLinePayroll, ImportTable), fieldNum(MCSGLImportJournals, ImportTable));

        return q;        
    }

]]></Source>
			</Method>
			<Method>
				<Name>processLinesForCompany</Name>
				<Source><![CDATA[
    protected void processLinesForCompany(RefRecId _importTableRecId)
    {
        MCSGLImportLinePayroll              importline;
        DimensionDynamicAccount             offsetLedgerDimension;
        ledgerJournalTrans                  ledgerJournalTrans;
        TransDate                           journalDate;
        MainAccountNUm                      Number;
        LedgerParameters                    parameters = LedgerParameters::find(); 

        if(!fileNameSuffix)
        {
            list list = strSplit(importTable.FileName,'-');
            container con = list2Con(list);
            fileNameSuffix = conPeek(con,conLen(con));

        }
        QueryRun qrLines = new QueryRun(this.buildLinesQuery());
        boolean                             toBeInvoiced;
        while (qrLines.next())
        {
            importline = qrLines.get(tableNum(MCSGLImportLinePayroll));

            journalDaily.mcsParmCompany(curExt());
          //  journalDaily.mcsParmOffsetCompany(importline.HospitalLedger);
            
            DimensionDefault defaultDim;
            defaultDim = this.getDefaultDimensionFromValues(importline.BusinessUnit,importline.CostCenter,importline.Product_Project_Code);//, importline.HospitalLedger);

            LedgerDimensionAccount ledgerDim = this.getLedgerDimFromMainAcc(importline.MainAccountNum);
            ledgerDim = LedgerDimensionFacade::serviceCreateLedgerDimForDefaultDim(defaultDim,ledgerDim);
            journalDaily.parmLedgerAccount(ledgerDim);
            journalDaily.parmDefaultDimension(0);
            journalDaily.parmAccountNum('');

                
            journalDaily.parmTransTxt(importline.GLReference);
            journalDaily.parmCurrencyCode(Ledger::accountingCurrency());
            journalDaily.parmTransDate(importline.TransDate); 

            LedgerJournalName name = LedgerJournalName::find(journalName); 

            MainAccountNum mainAccountNum = LedgerDimensionFacade::getMainAccountFromLedgerDimension(name.OffsetLedgerDimension).MainAccountId; 
                
            ledgerDim = this.getLedgerDimFromMainAcc(mainAccountNum);
            ledgerDim = LedgerDimensionFacade::serviceCreateLedgerDimForDefaultDim(defaultDim,ledgerDim);

            journalDaily.parmOffsetDefaultDimension(0);
            journalDaily.mcsParmOffsetAccount('');
            journalDaily.parmledgerOffsetAccount(ledgerDim);

            journalDaily.parmTaxGroup(parameters.MCSPayrollTaxCode); 
            journalDaily.parmTaxItemGroup(parameters.MCSPayrollTaxItemGroup); 

            if(importline.journaltype == '1')
            {
                journalDaily.mcsParmReverseEntry(NoYes::Yes); 
                journalDaily.mcsParmReversDate(importline.TransDate + 1); 
            }
            else
            {
                journalDaily.mcsParmReverseEntry(NoYes::No);
                journalDaily.mcsParmReversDate(dateNull());
            }


            journalDaily.mcsParmImportLines(importline.RecId);
            
            ledgerJournalTrans = journalDaily.createLedgerJournalTrans(importline.Credit,importline.Debit , LedgerJournalACType::Ledger);
        }

    }

]]></Source>
			</Method>
			<Method>
				<Name>getBussinessunit</Name>
				<Source><![CDATA[
    private str getBussinessunit(RefRecId       _recId)
    {
        DimensionAttributeValueSetStorage   dimStorage;
        DimensionValue                      dimAttributeValue;
        Counter                             i;

        dimStorage = DimensionAttributeValueSetStorage::find(_recId);

        for (i= 1 ; i<= dimStorage.elements() ; i++)
        {
            if(DimensionAttribute::find(dimStorage.getAttributeByIndex(i)).Name == 'Programm_Unit')
            {
                dimAttributeValue = dimStorage.getDisplayValueByIndex(i);
                break;
            }
        }
        return dimAttributeValue;
    }

]]></Source>
			</Method>
			<Method>
				<Name>getDefaultDimensionFromValues</Name>
				<Source><![CDATA[
    DimensionDefault getDefaultDimensionFromValues(
        DimensionValue _businessUnitDim = '',
        DimensionValue _costCenter = '',
        DimensionValue _Project = ''
        )
    {
        DimensionDefault ret;

        DimensionAttributeValueSetStorage setStorage = new DimensionAttributeValueSetStorage();
        DimensionAttribute  dimensionAttribute;
        DimensionAttributeValue dimensionAttributeValue;
        
        
        if(_businessUnitDim)
        {
            dimensionAttribute = DimensionAttribute::findByName(#dimBusinessUnit);
            
            dimensionAttributeValue = DimensionAttributeValue::findByDimensionAttributeAndValue(dimensionAttribute, _businessUnitDim, false, true);

            setStorage.addItem(dimensionAttributeValue);
        }
        
        if (_costCenter)
        {
            dimensionAttribute = DimensionAttribute::findByName(#DimCostCenter);
            
            dimensionAttributeValue = DimensionAttributeValue::findByDimensionAttributeAndValue(dimensionAttribute, _costCenter, false, true);

            setStorage.addItem(dimensionAttributeValue);
        }
        if (_Project)
        {
            dimensionAttribute = DimensionAttribute::findByName(#DimProjects);
            
            dimensionAttributeValue = DimensionAttributeValue::findByDimensionAttributeAndValue(dimensionAttribute, _Project, false, true);

            setStorage.addItem(dimensionAttributeValue);
        }

        return setStorage.save();
    }

]]></Source>
			</Method>
			<Method>
				<Name>getLedgerDimFromMainAcc</Name>
				<Source><![CDATA[
    LedgerDimensionAccount getLedgerDimFromMainAcc(MainAccountNum _mainAccountId)
    {
        MainAccount mainAccount = MainAccount::findByMainAccountId(_mainAccountId);

        return LedgerDimensionDefaultingEngine::getLedgerDimensionFromAccountAndDim(mainAccount.RecId, DimensionHierarchy::getAccountStructure(mainAccount.RecId));        
    }

]]></Source>
			</Method>
			<Method>
				<Name>validate</Name>
				<Source><![CDATA[
    public boolean validate(Object calledFrom = null)
    {
        boolean ret;

        ret = super(calledFrom);
        if (!calledFrom && importTable)
        {

            MCSGLImportJournals importJournals;
            select firstonly importJournals
                where importJournals.ImportTable == importTable.RecId &&
                    importJournals.Company == curExt();

            if (importJournals)
            {
                ret = checkFailed(strFmt("@MCS:JournalAlreadyCreated", importJournals.LedgerJournalId, importJournals.Company));
            }
        }


        return ret;
    }

]]></Source>
			</Method>
			<Method>
				<Name>fileType</Name>
				<Source><![CDATA[
    protected MCSGLImportFileType fileType()
    {
        return MCSGLImportFileType::Payroll;
    }

]]></Source>
			</Method>
			<Method>
				<Name>description</Name>
				<Source><![CDATA[
    public static Description description()
    {
        return "General Journal process";
    }

]]></Source>
			</Method>
		</Methods>
	</SourceCode>
</AxClass>