<?xml version="1.0" encoding="utf-8"?>
<AxClass xmlns:i="http://www.w3.org/2001/XMLSchema-instance">
	<Name>MCSGLImportFileTask_Payroll</Name>
	<SourceCode>
		<Declaration><![CDATA[
class MCSGLImportFileTask_Payroll extends MCSGLImportFileTask  
{
    Map     headerMap;
    date    journalDate;

}
]]></Declaration>
		<Methods>
			<Method>
				<Name>validateHeaders</Name>
				<Source><![CDATA[
    protected  boolean validateHeaders(container _headers)
    {
        boolean ret = true;

        this.getJournalDateFromFile(); 

        headerMap = new Map(Types::Integer, Types::Class);

        SysDictTable    dictTable  = SysDictTable::newTableId(tableNum(MCSGLImportLinePayroll));

        SysDictFieldGroup dictGroup = new SysDictFieldGroup(tableNum(MCSGLImportLinePayroll), tableFieldGroupStr(MCSGLImportLinePayroll, ImportFields));

        Map fieldMap = new Map(Types::String, Types::Class);

        for (int i = 1; i <= dictGroup.numberOfFields(); i++)
        {
            Fieldid fieldId = dictGroup.field(i);
            SysDictField dtField = new SysDictField(tableNum(MCSGLImportLinePayroll),fieldId);
            
            str fieldLabel = SysLabel::labelId2String2(dtField.labelLabel());

            fieldMap.add(fieldLabel, dtField);
        }

        for (int col = 1; col <= conLen(_headers); col++)
        {
            str columName = conPeek(_headers,col);

            if(columName == 'Debit(Credit)')
            {
                columName = 'Amount';
            }

            if (fieldMap.exists(columName))
            {
                headerMap.add(col, fieldMap.lookup(columName));
                fieldMap.remove(columName);
            }

            
        }

        if (fieldMap.elements())
        {
            MapEnumerator me = fieldMap.getEnumerator();

            while (me.moveNext())
            {
                ret = checkFailed(strFmt("Missing column %1", me.currentKey()));
            }

        }

        
        return ret;

    }

]]></Source>
			</Method>
			<Method>
				<Name>getJournalDateFromFile</Name>
				<Source><![CDATA[
    private void getJournalDateFromFile()
    {
        Filename journalFileName = MCSGLImportTable.FileName; 
        Int      datestrYear = str2Int(subStr(journalFileName,1,4));
        Int      datestrMonth = str2Int(subStr(journalFileName,5,2));
        Int      datestrDay = str2Int(subStr(journalFileName,7,2));

        journalDate = mkDate(datestrDay,datestrMonth, datestrYear); 

        if(!journalDate)
        {
            journalDate = DateTimeUtil::getSystemDate(DateTimeUtil::getUserPreferredTimeZone());
        }
    }

]]></Source>
			</Method>
			<Method>
				<Name>numOfColumns</Name>
				<Source><![CDATA[
    public int numOfColumns()
    {
        return 100;
    }

]]></Source>
			</Method>
			<Method>
				<Name>populateImportLine</Name>
				<Source><![CDATA[
    public MCSGLImportLineMap populateImportLine(container _data)
    {
        MCSGLImportLinePayroll importLine;
    
        importLine.ImportTable = MCSGLImportTable.RecId;
        importLine.LineNumber = lineNum;

        for (int col = 1; col <= conLen(_data); col++)
        {
            if (headerMap.exists(col))
            {
                DictField dField = headerMap.lookup(col);

                importLine.(dField.id()) = this.readValue(conPeek(_data,col), dField);
            }
            
        }
        List paramAsList    = strSplit(importLine.AccountNum,'-');
        ListEnumerator le;
        le = paramAsList.getEnumerator();
        int counter; 
        while(le.moveNext())
        {
            counter ++ ; 
            if(counter == 1)
            {
                importLine.MainAccountNum = le.current(); 
            }
            else if(counter == 2)
            {
                importLine.CostCenter = le.current();
            }
            else if(counter == 3)
            {
                importLine.BusinessUnit = le.current();
            }
            else if(counter == 4)
            {
                importLine.Product_Project_Code = le.current();
            }
        }

        return importLine;
    }

]]></Source>
			</Method>
			<Method>
				<Name>createInsertList</Name>
				<Source><![CDATA[
    public RecordInsertList createInsertList()
    {
        RecordInsertList ret = new RecordInsertList(tableNum(MCSGLImportLinePayroll));

        return ret;
    }

]]></Source>
			</Method>
			<Method>
				<Name>validateImport</Name>
				<Source><![CDATA[
    protected void validateImport()
    {
        MCSGLImportLinePayroll::validateRecords(MCSGLImportTable.RecId, false);
    }

]]></Source>
			</Method>
			<Method>
				<Name>construct</Name>
				<Source><![CDATA[
    public static MCSGLImportFileTask_Payroll construct()
    {
        return new MCSGLImportFileTask_Payroll();
    }

]]></Source>
			</Method>
		</Methods>
	</SourceCode>
</AxClass>