<?xml version="1.0" encoding="utf-8"?>
<AxClass xmlns:i="http://www.w3.org/2001/XMLSchema-instance">
	<Name>MCSGLImportProcess</Name>
	<SourceCode>
		<Declaration><![CDATA[
class MCSGLImportProcess extends  RunBaseBatch
{
    protected MCSGLImportTable callerTable;

    MCSMCRLedgerJournalDaily_GLImport journalDaily;
    public LedgerJournalNameId         journalName;    
    public NoYes                       postJournal;
    DialogField                 dialogJournalName;
    DialogField                 dialogPostJournal;
    
    QueryRun                    queryRun;
    MCSGLImportFileId           fileId;

    MCSGLImportTable           importTable;
    LedgerJournalTable          ledgerJournalTable;


    #define.CurrentVersion(1)
    #localmacro.CurrentList     
        fileId,
        journalName,
        postJournal
    #endmacro
        
    
}
]]></Declaration>
		<Methods>
			<Method>
				<Name>dialog</Name>
				<Source><![CDATA[
    public Object dialog()
    {
        DialogRunbase dialog = super();

        dialogJournalName = dialog.addFieldValue(extendedTypeStr(LedgerJournalNameIdDaily),journalName);
        dialogPostJournal = dialog.addFieldValue(extendedTypeStr(NoYesId),postJournal,"@SYS1971");
        dialogJournalName.enabled(false);

        return dialog;
    }

]]></Source>
			</Method>
			<Method>
				<Name>getFromDialog</Name>
				<Source><![CDATA[
    public boolean getFromDialog()
    {
        boolean ret = super();
        journalName = dialogJournalName.value();
        
        //this.validateJournalName();

        postJournal = dialogPostJournal.value();
        return ret;
    }

]]></Source>
			</Method>
			<Method>
				<Name>validateJournalName</Name>
				<Source><![CDATA[
    protected boolean validateJournalName()
    {
        boolean ret = true;

        if (!journalName)
        {
            ret = checkFailed("@MCS:JournalNameMustFilledIn");
        }
        return ret;
    }

]]></Source>
			</Method>
			<Method>
				<Name>pack</Name>
				<Source><![CDATA[
    public container pack()
    {
        return [#CurrentVersion, #CurrentList,  queryRun.pack()];
    }

]]></Source>
			</Method>
			<Method>
				<Name>unpack</Name>
				<Source><![CDATA[
    public boolean unpack(container _packedClass)
    {
        Version     version = RunBase::getVersion(_packedClass);
        container   packedQuery;

        switch (version)
        {
            case #CurrentVersion :
                [version, #CurrentList, packedQuery] = _packedClass;
                if (packedQuery)
                {
                    queryRun = new QueryRun(packedQuery);
                }
                break;

            default :
                return false;
        }

        return true;
    }

]]></Source>
			</Method>
			<Method>
				<Name>queryRun</Name>
				<Source><![CDATA[
    public QueryRun queryRun()
    {
        return queryRun;
    }

]]></Source>
			</Method>
			<Method>
				<Name>initFromArgs</Name>
				<Source><![CDATA[
    protected void initFromArgs(Args _args)
    {
        callerTable = _args.record();

        fileId = callerTable.FileId;

        if (fileId)
        {
            QueryBuildRange qbrFileId = SysQuery::findOrCreateRange(queryRun.query().dataSourceTable(tableNum(MCSGLImportTable)),fieldNum(MCSGLImportTable,Filename));
            qbrFileId.value(callerTable.FileName);
        }

    }

]]></Source>
			</Method>
			<Method>
				<Name>buildquery</Name>
				<Source><![CDATA[
    protected Query buildquery()
    {
        Query q = new Query();
        QueryBuildDataSource    qbd = q.addDataSource(tableNum(MCSGLImportTable));
        QueryBuildRange qbrFileType = qbd.addRange(fieldNum(MCSGLImportTable, FileType));
        qbrFileType.value(queryValue(this.fileType()));
        qbrFileType.status(RangeStatus::Locked);

        return q;
    }

]]></Source>
			</Method>
			<Method>
				<Name>canRunInNewSession</Name>
				<Source><![CDATA[
    protected boolean canRunInNewSession()
    {
        return true;
    }

]]></Source>
			</Method>
			<Method>
				<Name>new</Name>
				<Source><![CDATA[
    public void new()
    {
        super();

        queryRun = new QueryRun(this.buildquery());
    }

]]></Source>
			</Method>
			<Method>
				<Name>showQueryValues</Name>
				<Source><![CDATA[
    public boolean showQueryValues()
    {
        return true;
    }

]]></Source>
			</Method>
			<Method>
				<Name>getErrorCountDetails</Name>
				<Source><![CDATA[
    private boolean getErrorCountDetails(MCSGLImportTable _GLImportTable)
    {
        boolean  ret = true;
        if(_GLImportTable.errorCount())
        {
            ret = checkFailed("@MCS:ImportLinesNotValid");
        }
        return ret;
    }

]]></Source>
			</Method>
			<Method>
				<Name>validate</Name>
				<Source><![CDATA[
    public boolean validate(Object calledFrom = null)  
    {
        boolean ret = super();

        if (!calledFrom)
        {
            if (!importTable.fileId)
            {
                ret = checkFailed("@MCS:FileIdError");
            }
            else
            {
                importTable.validateLines();
                ret = this.getErrorCountDetails(importTable);
            }
        }

        if (callerTable)
        {
            ret = this.getErrorCountDetails(callerTable);
            //if (callerTable.errorCount())
            //{
            //    ret = checkFailed("@MCS:ImportLinesNotValid");
            //}
        }
        
        return ret;
    }

]]></Source>
			</Method>
			<Method>
				<Name>getCompaniesSet</Name>
				<Source><![CDATA[
    protected Set getCompaniesSet()
    {
        Set ret = new Set(Types::String);

        ret.add(curExt());

        return ret;
    }

]]></Source>
			</Method>
			<Method>
				<Name>run</Name>
				<Source><![CDATA[
    public void run()
    {
       
            
        if (fileId)
        {
            QueryBuildRange qbrFileId = SysQuery::findOrCreateRange(queryRun.query().dataSourceTable(tableNum(MCSGLImportTable)),fieldNum(MCSGLImportTable,FileId));
            qbrFileId.value(fileId);
        }


       
        while (queryRun.next())
        {
            boolean allOk = true;
            try
            {
                importTable = queryRun.get(tableNum(MCSGLImportTable));

                setPrefix(strFmt("@MCS:FilePrefix", importTable.FileName));

                if (!this.validate())
                {
                    allOk = false;
                    continue;
                }
                

                boolean canPostJournal = true;
                ttsbegin;
                journalDaily = MCSMCRLedgerJournalDaily_GLImport::construct(LedgerJournalType::Daily,journalName);
                journalDaily.parmApprover(0);


                LedgerJournalName journalNameLocal =LedgerJournalName::find(journalName);

                journalDaily.parmDefaultDimension(journalNameLocal.DefaultDimension);
                ledgerJournalTable = journalDaily.createLedgerJournalTable();
                ledgerJournalTable.Name = this.getJournalDescription();
                ledgerJournalTable.LedgerJournalInclTax = journalNameLocal.LedgerJournalInclTax;
                ledgerJournalTable.update();

                this.processLinesForCompany(importTable.RecId);

                MCSGLImportJournals importJournals = MCSGLImportJournals::find(importTable.RecId, curExt(), ledgerJournalTable.JournalNum, true);
                importJournals.ImportTable = importTable.RecId;
                importJournals.Company = curExt();
                importJournals.LedgerJournalId = ledgerJournalTable.JournalNum;
                if (importJournals)
                {
                    importJournals.update();
                }
                else
                {
                    importJournals.insert();
                }

                if (ledgerJournalTable.numOfLines())
                {
                    info(strFmt("@MCS:JournalCreatedInCmp", importJournals.LedgerJournalId, importJournals.Company));
                }
                else
                {
                    ledgerJournalTable.delete();
                    canPostJournal = false;
                }

                        
                ttscommit;

                if (postJournal && canPostJournal)
                {
                    this.postCreatedJournal(ledgerJournalTable);
                            
                }
            }
            catch
            {

                ttsbegin;
                importTable.reread();
                importTable.selectForUpdate(true);
                importTable.Status = MCSOpenProcessed::Error;
                importTable.Info = info::exportStatic();
                importTable.Log = MCSFileService::getInfologMessages();
                importTable.update();
                ttscommit;

                allOk = false;
                continue;
            }
            if (allOk)
            {
                ttsbegin;
                importTable.selectForUpdate(true);
                importTable.Status = MCSOpenProcessed::Processed;
                importTable.Info = info::exportStatic();
                importTable.update();
                ttscommit;
            }
        }
    }

]]></Source>
			</Method>
			<Method>
				<Name>submitWorkFlow</Name>
				<Source><![CDATA[
    protected void submitWorkFlow(LedgerJournalTable  _LedgerJournalTable )
    {
        WorkflowVersionTable  workflowVersionTable;
        WorkflowCorrelationId           workflowCorrelationId;
        LedgerJournalName     ledgerJournalName   = _LedgerJournalTable.ledgerJournalName();
        boolean submited = true;
        workflowVersionTable = Workflow::findWorkflowConfigToActivateForType(
                    workFlowTypeStr(LedgerDailyTemplate),
                    _LedgerJournalTable.RecId,
                    _LedgerJournalTable.TableId);
        if (_LedgerJournalTable.RecId
            && workflowVersionTable.RecId
            && _LedgerJournalTable.WorkflowApprovalStatus != LedgerJournalWFApprovalStatus::Submitted)
        {
            //// submitting to workflow; if auto workflow submission is required on journal.
            //Workflow::activateFromWorkflowType(
            //workFlowTypeStr(LedgerDailyTemplate),
            //_LedgerJournalTable.RecId,
            //"",
            //false,
            //curUserid());

            workflowCorrelationId = Workflow::activateFromWorkflowSequenceNumber(ledgerJournalName.Configuration, _LedgerJournalTable.RecId, 'auto submit to workflow', NoYes::No);

            ttsbegin;
            _LedgerJournalTable.selectForupdate(true);
            _LedgerJournalTable.WorkflowApprovalStatus = LedgerJournalWFApprovalStatus::Submitted;
            _LedgerJournalTable.update();
            ttscommit;
            
            info("invoice submitted to workflow");
        }
        else
        {
            submited = false;
        }
    }

]]></Source>
			</Method>
			<Method>
				<Name>getJournalDescription</Name>
				<Source><![CDATA[
    protected Description getJournalDescription()
    {
        return strFmt('%1 %2', date2Str(importTable.TransDate,DateFormat::DMY, DateDay::Digits2, DateSeparator::None, DateMonth::Digits2, DateSeparator::None, DateYear::Digits4, DateFlags::None), importTable.FileName);
    }

]]></Source>
			</Method>
			<Method>
				<Name>amountsInclTax</Name>
				<Source><![CDATA[
    protected NoYes amountsInclTax()
    {
        return NoYes::No;
    }

]]></Source>
			</Method>
			<Method>
				<Name>postCreatedJournal</Name>
				<Source><![CDATA[
    protected void postCreatedJournal(LedgerJournalTable _ledgerJournalTable)
    {
        LedgerJournalCheckPost journalPost = LedgerJournalCheckPost::newLedgerJournalTable(_ledgerJournalTable, NoYes::Yes);        
        LedgerJournalCheckPost::processOperation(journalPost);

        _ledgerJournalTable.reread();
        if (!_ledgerJournalTable.Posted)
        {
            throw error(strFmt("@MCS:ErrorOnJournalPosting",_ledgerJournalTable));
        }

    }

]]></Source>
			</Method>
			<Method>
				<Name>buildCompanyGroupQuery</Name>
				<Source><![CDATA[
    protected QueryRun buildCompanyGroupQuery(RefRecId _tableRecId)
    {
        throw  error(error::missingOverride(funcName()));
    }

]]></Source>
			</Method>
			<Method>
				<Name>processLinesForCompany</Name>
				<Source><![CDATA[
    protected void processLinesForCompany(RefRecId _importTableRecId)
    {
        throw  error(error::missingOverride(funcName()));
    }

]]></Source>
			</Method>
			<Method>
				<Name>fileType</Name>
				<Source><![CDATA[
    protected MCSGLImportFileType fileType()
    {
        throw  error(error::missingOverride(funcName()));
    }

]]></Source>
			</Method>
			<Method>
				<Name>construct</Name>
				<Source><![CDATA[
    protected static MCSGLImportProcess construct(MCSGLImportTable _ImportTable)
    {
        switch (_ImportTable.fileType)
        {
            case MCSGLImportFileType::Payroll :
                return new MCSGLImportProcess_Payroll();
            case MCSGLImportFileType::LMS :
                return new MCSGLImportProcess_LMS();
            case MCSGLImportFileType::Invoices :
                return new MCSGLImportProcess_APInvoices();
            case MCSGLImportFileType::Expense :
                return new MCSGLImportProcess_Expense();
        }
        throw error(error::wrongUseOfFunction(funcName()));
    }

]]></Source>
			</Method>
			<Method>
				<Name>mergeJournalTableDimensions</Name>
				<Source><![CDATA[
    protected LedgerDimensionAccount mergeJournalTableDimensions(LedgerDimensionAccount _dimAccount)
    {
        LedgerDimensionAccount dimAccount = _dimAccount;

        if (_dimAccount && ledgerJournalTable.DefaultDimension)
        {
            DimensionDefault dimAccDefault = LedgerDimensionFacade::getDefaultDimensionFromLedgerDimension(dimAccount);
            dimAccDefault = DimensionDefaultFacade::serviceMergeDefaultDimensions(dimAccDefault, ledgerJournalTable.DefaultDimension);
            dimAccount = LedgerDimensionFacade::serviceCreateLedgerDimForDefaultDim(dimAccDefault,dimAccount);
        }

        return dimAccount;
    }

]]></Source>
			</Method>
			<Method>
				<Name>mergeJournalTableDefaultDimensions</Name>
				<Source><![CDATA[
    protected LedgerDimensionAccount mergeJournalTableDefaultDimensions(DimensionDefault _dimAccount)
    {
        DimensionDefault dimAccount = _dimAccount;

        if (_dimAccount && ledgerJournalTable.DefaultDimension)
        {
            dimAccount = DimensionDefaultFacade::serviceMergeDefaultDimensions(dimAccount, ledgerJournalTable.DefaultDimension);
        }

        return dimAccount;
    }

]]></Source>
			</Method>
			<Method>
				<Name>lastValueDesignName</Name>
				<Source><![CDATA[
    public identifierName lastValueDesignName()
    {
        return strFmt('%1',this.fileType());
    }

]]></Source>
			</Method>
			<Method>
				<Name>main</Name>
				<Source><![CDATA[
    public static void main(Args _args)
    {
        if (!_args || !_args.record() || _args.record().TableId != tableNum(MCSGLImportTable))
        {
            throw error(error::missingRecord(funcName()));
        }

        MCSGLImportTable importTable = _args.record();

        MCSGLImportProcess importProcess = MCSGLImportProcess::construct(importTable);
        importProcess.getLast();
        importProcess.initFromArgs(_args);

        if (importProcess.prompt())
        {
            importProcess.runOperation();
        }
    }

]]></Source>
			</Method>
			<Method>
				<Name>newForTable</Name>
				<Source><![CDATA[
    public static MCSGLImportProcess newForTable(MCSGLImportTable _importTable)
    {
        MCSGLImportProcess importProcess = MCSGLImportProcess::construct(_importTable);
        importProcess.callerTable = _importTable;
        importProcess.fileId = _importTable.FileId;
        return importProcess;
    }

]]></Source>
			</Method>
			<Method>
				<Name>description</Name>
				<Source><![CDATA[
    public static Description description()
    {
        return "@MCS:GLImportProcess";
    }

]]></Source>
			</Method>
		</Methods>
	</SourceCode>
</AxClass>