<?xml version="1.0" encoding="utf-8"?>
<AxClass xmlns:i="http://www.w3.org/2001/XMLSchema-instance">
	<Name>MCSGLImportFileTask</Name>
	<SourceCode>
		<Declaration><![CDATA[
using OfficeOpenXml;
using Microsoft.Dynamics.Platform.Integration.Office.MetadataCache;

abstract class MCSGLImportFileTask  
{
    MCSGLImportFileId               fileId;
    CommaStreamIo                   file;
    MCSGLImportTable                MCSGLImportTable;
    ExcelWorksheet                  worksheet;
    RecordInsertList                insertList;
    Counter                         lineNum;    

}
]]></Declaration>
		<Methods>
			<Method>
				<Name>importExcelFile</Name>
				<Source><![CDATA[
    protected void importExcelFile(System.IO.MemoryStream _stream)
    {
        ExcelPackage excelPackage  = new ExcelPackage(_stream);
        ExcelWorkbook workBook =  excelPackage.get_Workbook();
        ExcelWorksheets worksheets = workBook.get_Worksheets();
        worksheet = worksheets.get_Item(1);
        

        container data;

        int col;

        for (col = 1; col <= this.numOfColumns(); col++)
        {
            data += this.getCell(1,col);
        }

        
        if (!this.validateHeaders(data))
        {
            throw Exception::Error;
        }
            
        lineNum = 2;

        Name transReference = this.getCell(lineNum, 6);
        while (transReference)
        {
            data = conNull();
            
            for (col = 1; col <= this.numOfColumns(); col++)
            {
                data = conPoke(data,col,this.getCell(lineNum, col));
                                
            }
            insertList.add(this.populateImportLine(data));
            lineNum++;
            transReference = this.getCell(lineNum,6);
        }
        LineNum--;
    }

]]></Source>
			</Method>
			<Method>
				<Name>numOfColumns</Name>
				<Source><![CDATA[
    public int numOfColumns()
    {
        return 0;
    }

]]></Source>
			</Method>
			<Method>
				<Name>getCell</Name>
				<Source><![CDATA[
    protected anytype getCell(int _row, int _col)
    {
        ExcelRange cells = worksheet.Cells;
        ExcelRange cell = cells.get_Item(_row,_col);

        return cell.get_Value();
    }

]]></Source>
			</Method>
			<Method>
				<Name>importFile</Name>
				<Source><![CDATA[
    public void importFile(boolean _skpStatusUpdate = false)
    {
        System.IO.MemoryStream              stream;
        MCSFileExportProfileTable           profileTable = MCSFileExportProfileTable::findbyFile(MCSGLImportTable.FileType);
        boolean                             encryptedFIle= strContains(MCSGLImportTable.FileName,'.pgp') && profileTable.isSigned();

        if(encryptedFIle)
        {
            System.IO.Stream fileIn = File::UseFileFromURL(MCSFileService::getAzureBlobReadUrl(fileId));
             
            System.IO.Stream privateKey = profileTable.getPrivateKeyStream();
            System.IO.Stream Mstream = MCSPGPEncryptDecrypt::Decrypt(fileIn,privateKey ,profileTable.Passphrase);
            FileUploadTemporaryStorageResult uploadResult = File::SendFileToTempStore_GetResult(Mstream,MCSGLImportTable.FileName);
  
            fileId = uploadResult.getFileId();
            stream = File::UseFileFromURL(MCSFileService::getAzureBlobReadUrl(fileId));
        }
        else
        {
            stream = File::UseFileFromURL(MCSFileService::getAzureBlobReadUrl(fileId));
        }
        if (!stream)
        {
            throw error(strFmt("@MCS:FileNotFoundError",fileId));
        }
        
        insertList = this.createInsertList();

        setPrefix(strFmt("@MCS:FilePrefix", MCSGLImportTable.FileName));
        
        try
        {
            ttsbegin;
            
            if (MCSGLImportTable::findFileId(fileId).isExcelFile())
            {
                this.importExcelFile(stream);
            }
            else
            {
                this.importCSVFile(stream);
            }

            insertList.insertDatabase();

            if (!_skpStatusUpdate)   //when importing from power automate - keep ready status.
            {
                MCSGLImportTable.selectForUpdate(true);
                MCSGLImportTable.Status = MCSOpenProcessed::Open;                
                MCSGLImportTable.update();
            }
            ttscommit;
        }
        catch
        {
            ttsbegin;
            MCSGLImportTable.selectForUpdate(true);
            MCSGLImportTable.Status = MCSOpenProcessed::Error;
            MCSGLImportTable.Info = info::exportStatic();
            MCSGLImportTable.Log = MCSFileService::getInfologMessages();
            MCSGLImportTable.update();
            ttscommit;
            exceptionTextFallThrough();
        }
        


        info(strFmt("@MCS:NumberOfLinesImported", lineNum));
    }

]]></Source>
			</Method>
			<Method>
				<Name>importCSVFile</Name>
				<Source><![CDATA[
    protected void importCSVFile(System.IO.MemoryStream _stream)
    {
        file = CommaStreamIo::constructForRead(_stream);

        while (file.status() == IO_Status::Ok)
        {
           
            container data = file.read();

            if (conLen(data))
            {
                lineNum++;
                if (lineNum == 1)
                {
                    if (! this.validateHeaders(data))
                    {
                        throw Exception::Error;
                    }
                }
                else
                {
                    insertList.add(this.populateImportLine(data));
                }
            }

        }
    }

]]></Source>
			</Method>
			<Method>
				<Name>validateImport</Name>
				<Source><![CDATA[
    protected void validateImport()
    {
    }

]]></Source>
			</Method>
			<Method>
				<Name>createInsertList</Name>
				<Source><![CDATA[
    protected RecordInsertList createInsertList()
    {
        throw error(error::missingOverride(funcName()));
    }

]]></Source>
			</Method>
			<Method>
				<Name>populateImportLine</Name>
				<Source><![CDATA[
    protected MCSGLImportLineMap populateImportLine(container _data)
    {
        throw error(error::missingOverride(funcName()));
    }

]]></Source>
			</Method>
			<Method>
				<Name>validateHeaders</Name>
				<Source><![CDATA[
    protected boolean validateHeaders(container _data)
    {
        boolean ret = true;

        return ret;
    }

]]></Source>
			</Method>
			<Method>
				<Name>getExpectedHeaderName</Name>
				<Source><![CDATA[
    protected str getExpectedHeaderName(int _columnNo)
    {
        return '';
    }

]]></Source>
			</Method>
			<Method>
				<Name>readValue</Name>
				<Source><![CDATA[
    protected anytype readValue(anytype _inValue, DictField _dictField)
    {
        if (typeOf(_inValue) == Types::Class)
        {
            System.DateTime dt = _inValue;

            TransDate ret = dt.get_Date();
            return ret;
        }
        

        switch (_dictField.baseType())
        {
            case Types::String :
                str retStr = _inValue;
                return retStr;
                
            case Types::Integer,
                 Types::Enum :

                if (_dictField.enumId())
                {
                    return DMFEntityBase::string2Enum(_inValue, _dictField.enumId());
                }

                int retInt = any2Int(_inValue);
                return retInt;
            
            case Types::Date:
                TransDate retDate = str2DateDMY(_inValue);

                if (!retDate)
                {
                    retDate = str2Date(_inValue, DateFormat::YMD);
                }

                

                if (!retDate)
                {
                    retDate  = any2Date(_inValue);
                }
                return retDate;

            case Types::Int64 :
                int64 ret64 = any2Int64(_inValue);
                return ret64;

            case Types::Real :
                real retReal = any2Real(_inValue);
                return retReal;
        }


        return _inValue;
    }

]]></Source>
			</Method>
			<Method>
				<Name>construct</Name>
				<Source><![CDATA[
    protected static MCSGLImportFileTask construct(MCSGLImportFileType _fileType)
    {
        switch (_fileType)
        {
            case MCSGLImportFileType::LMS :
                return MCSGLImportFileTask_LMS::construct();

            case MCSGLImportFileType::Payroll :
                return MCSGLImportFileTask_Payroll::construct();

            case MCSGLImportFileType::Invoices :
                return MCSGLImportFileTask_APInvoices::construct();

            case MCSGLImportFileType::Expense :
                return MCSGLImportFileTask_Expense::construct();
        }
        throw error(error::missingParameter(null));
    }

]]></Source>
			</Method>
			<Method>
				<Name>newForFileId</Name>
				<Source><![CDATA[
    public static MCSGLImportFileTask newForFileId(MCSGLImportFileId _fileId)
    {

        MCSGLImportTable importTable = MCSGLImportTable::findFileId(_fileId);

        if (!importTable)
        {
            throw error(strFmt("@MCS:FileIdNoFound",_fileId));
        }

        MCSGLImportFileTask importTask = MCSGLImportFileTask::construct(importTable.FileType);
        importTask.fileId = _fileId;
        importTask.MCSGLImportTable = importTable;
        return importTask;
        
    }

]]></Source>
			</Method>
		</Methods>
	</SourceCode>
</AxClass>