<?xml version="1.0" encoding="utf-8"?>
<AxClass xmlns:i="http://www.w3.org/2001/XMLSchema-instance">
	<Name>MCSGLImportFile</Name>
	<SourceCode>
		<Declaration><![CDATA[
class MCSGLImportFile extends RunBase
{
    protected MCSGLImportFileType                                fileType;

    private DialogRunbase                               dialog;
    
    private Filename                                    filename;
    private str                                         fileUrl;
    private str                                         fileCategory;
    private str                                         fileId;
    
    private const str OkButtonName = 'OkButton';
    private const str FileUploadName = 'FileUpload';
    


    #define.CurrentVersion(1)
    #localmacro.CurrentList
        filename,
        fileId        
    #endmacro


}
]]></Declaration>
		<Methods>
			<Method>
				<Name>construct</Name>
				<Source><![CDATA[
    private static MCSGLImportFile construct()
    {
        return new MCSGLImportFile();
    }

]]></Source>
			</Method>
			<Method>
				<Name>newForFileType</Name>
				<Source><![CDATA[
    public static MCSGLImportFile newForFileType(MCSGLImportFileType _fileType)
    {
        MCSGLImportFile import = MCSGLImportFile::construct();
        import.fileType = _fileType;

        return import;
    }

]]></Source>
			</Method>
			<Method>
				<Name>main</Name>
				<Source><![CDATA[
    public static void main(Args _args)
    {
        if (!_args || !_args.parmEnumType() || _args.parmEnumType() != enumNum(MCSGLImportFileType))
        {
            error(error::missingParameter(null));
        }

        MCSGLImportFile import = MCSGLImportFile::newForFileType(_args.parmEnum());

        if (import.prompt())
        {
            import.runOperation();
        }
    }

]]></Source>
			</Method>
			<Method>
				<Name>dialog</Name>
				<Source><![CDATA[
    public Object dialog()
    {

        dialog = new DialogRunbase(strFmt("Import file", fileType), this);

        
        var dialogGroup = dialog.addGroup();
        FormBuildControl formBuildControl = dialog.formBuildDesign().control(dialogGroup.name());

        FileUploadBuild  dialogFileUpload = formBuildControl.addControlEx(classstr(FileUpload), FileUploadName);
        dialogFileUpload.style(FileUploadStyle::MinimalWithFilename);
        dialogFileUpload.baseFileUploadStrategyClassName(classstr(FileUploadTemporaryStorageStrategy));
        dialogFileUpload.fileNameLabel("@SYS308842");

        fileCategory = FileUploadTemporaryStorageStrategy::AzureStorageCategory;

        return dialog;
    }

]]></Source>
			</Method>
			<Method>
				<Name>getFromDialog</Name>
				<Source><![CDATA[
    public boolean getFromDialog()
    {
        boolean ret;

        ret = super();

        return ret;
    }

]]></Source>
			</Method>
			<Method>
				<Name>dialogPostRun</Name>
				<Source><![CDATA[
    public void dialogPostRun(DialogRunbase _dialog)
    {
        super(_dialog);
        FileUpload fileUpload = this.getFormControl(_dialog, FileUploadName);
        fileUpload.notifyUploadCompleted += eventhandler(this.uploadCompleted);
        this.setDialogOkButtonEnabled(_dialog, false);
    }

]]></Source>
			</Method>
			<Method>
				<Name>pack</Name>
				<Source><![CDATA[
    public container pack()
    {
        return [#CurrentVersion, #CurrentList];
    }

]]></Source>
			</Method>
			<Method>
				<Name>unpack</Name>
				<Source><![CDATA[
    public boolean unpack(container _packedClass)
    {
        Integer version = conPeek(_packedClass, 1);

        switch (version)
        {
            case #CurrentVersion:
                [version, #currentList] = _packedClass;
                break;
            default:
                return false;
        }

        return true;
    }

]]></Source>
			</Method>
			<Method>
				<Name>validate</Name>
				<Source><![CDATA[
    public boolean validate(Object calledFrom = null)
    {
        boolean ret = super();

        if (!filename)
        {
            ret = checkFailed("@SYS18624");
        }

        return ret;
    }

]]></Source>
			</Method>
			<Method>
				<Name>uploadCompleted</Name>
				<Source><![CDATA[
    protected void uploadCompleted()
    {
        FileUpload fileUpload = this.getFormControl(dialog, FileUploadName);
        fileUpload.notifyUploadCompleted -= eventhandler(this.UploadCompleted);

        filename = fileUpload.fileName();

        FileUploadTemporaryStorageResult fileUploadResult = fileUpload.getFileUploadResult();
        fileId =  fileUploadResult.getFileId();

        this.setDialogOkButtonEnabled(dialog, true);
    }

]]></Source>
			</Method>
			<Method>
				<Name>canRunInNewSession</Name>
				<Source><![CDATA[
    protected boolean canRunInNewSession()
    {
        return false;
    }

]]></Source>
			</Method>
			<Method>
				<Name>getFormControl</Name>
				<Source><![CDATA[
    protected FormControl getFormControl(DialogRunbase _dialog, str _controlName)
    {
        return _dialog.formRun().control(_dialog.formRun().controlId( _controlName));
    }

]]></Source>
			</Method>
			<Method>
				<Name>setDialogOkButtonEnabled</Name>
				<Source><![CDATA[
    private void setDialogOkButtonEnabled(DialogRunbase _dialog, boolean _isEnabled)
    {
        FormControl okButtonControl = this.getFormControl(_dialog, OkButtonName);

        if (okButtonControl)
        {
            okButtonControl.enabled(_isEnabled);
        }
    }

]]></Source>
			</Method>
			<Method>
				<Name>run</Name>
				<Source><![CDATA[
    public void run()
    {
        if (fileId)
        {
            //filename = 'GJ-' + filename; 

            MCSGLImportFile::importFromFileId(fileId, filename, fileType);
            
            MCSGLImportTable importTable = MCSGLImportTable::findFileId(fileId);

            if(importTable.FileType == MCSGLImportFileType::LMS)
            {
                MCSGLImportLineLMS          MCSGLImportLineLMS;
                MCSCustomerMappingTable     MCSCustomerMappingTable;
                CustTable                   custTable;
                MCSLMSAccountMapping        LMSAccountMapping; 

                ttsbegin;

               update_recordset  MCSGLImportLineLMS
                   setting AccountNum = MCSCustomerMappingTable.AccountNum
                where MCSGLImportLineLMS.ImportTable == importTable.RecId
                join MCSCustomerMappingTable
                where MCSCustomerMappingTable.cpcustom1 == MCSGLImportLineLMS.BillTo; 


                update_recordset  MCSGLImportLineLMS
                    setting 
                    TaxCode = LMSAccountMapping.TaxCode,
                    TaxItemGroup = LMSAccountMapping.TaxItemGroup,
                    MainAccountNum = LMSAccountMapping.MainAccountNum
                    where MCSGLImportLineLMS.ImportTable == importTable.RecId
                    join LMSAccountMapping
                    where LMSAccountMapping.Description == MCSGLImportLineLMS.Description
                    ; 

                ttscommit;
            }

            //if(importTable.FileType == MCSGLImportFileType::Invoices)
            //{
            //    MCSGLImportLineInvoices          MCSGLImportLineInvoices;
            //    VendTable                       vendTable; 
            //    LedgerParameters                parameters = LedgerParameters::find(); 
            //    ttsbegin;

            //    update_recordset  MCSGLImportLineInvoices
            //       setting TaxGroup = vendTable.TaxGroup
            //    where MCSGLImportLineInvoices.ImportTable == importTable.RecId
            //    Join vendTable
            //    where   MCSGLImportLineInvoices.AccountNum == vendTable.AccountNum;

            //    ttscommit;
            //}

            if (importTable)
            {
                importTable.validateLines();
            }

        }
        else
        {
            throw error("@MCSGL:FileIdError");
        }

        
    }

]]></Source>
			</Method>
			<Method>
				<Name>importFromFileId</Name>
				<Source><![CDATA[
    public static void importFromFileId(str _fileId, str _fileName, MCSGLImportFileType _fileType)
    {
        ttsbegin;
        MCSGLImportTable importTable;
        importTable.FileName = _fileName;
        importTable.FileType = _fileType;
        importTable.FileId = _fileId;
        importTable.Status = MCSOpenProcessed::Ready;
        importTable.insert();        
        MCSGLImportFileTask::newForFileId(importTable.FileId).importFile();
        ttscommit;
       
    }

]]></Source>
			</Method>
			<Method>
				<Name>getErrorCountDetails</Name>
				<Source><![CDATA[
    private static boolean getErrorCountDetails(MCSGLImportTable _GLImportTable)
    {
        boolean  ret = true;
        if(_GLImportTable.errorCount())
        {
            ret = checkFailed("@MCS:ImportLinesNotValid");
        }
        return ret;
    }

]]></Source>
			</Method>
			<Method>
				<Name>importAndProcessFile</Name>
				<Source><![CDATA[
    public static container importAndProcessFile(container params)
    {
        SysGuidString   fileId = conPeek(params,1);
        str             journalName = conPeek(params,2);
        boolean         postjournal = conPeek(params,3);
        boolean         splitLines = conPeek(params,4); 
        str             journalName2 = conPeek(params,5);
        MCSGLImportTable importTable;

        MCSGLImportFileTask::newForFileId(fileId).importFile(true);

        importTable = MCSGLImportTable::findFileId(fileId);
        if (importTable.Status != MCSOpenProcessed::Error)
        {
            importTable.validateLines();

            if (importTable.lineCount() && MCSGLImportFile::getErrorCountDetails(importTable))//!importTable.errorCount())
            {
                MCSGLImportProcess importProcess = MCSGLImportProcess::newForTable(importTable);
                importProcess.journalName = journalName;
                importProcess.postJournal = postjournal;

                importProcess.runOperation();
            }
            else
            {
                if(importTable.lineCount())
                {
                    ttsbegin;
                    importTable.selectForUpdate(true);
                    importTable.Status = MCSOpenProcessed::Error;
                    importTable.Log = 'Found validation error in lines, Please check';
                    importTable.update();
                    ttscommit;
                }
            }
            
        }
        return [MCSFileService::getInfologMessages()];

    }

]]></Source>
			</Method>
			<Method>
				<Name>processFileAsync</Name>
				<Source><![CDATA[
    public static void processFileAsync(SysGuidString _fileId, str _journalName, boolean _postJournal, boolean _splitLines)
    {
        container params = [_fileId,_journalName, _postJournal, _splitLines];
        runAsync(classNum(MCSGLImportFile),
            staticMethodStr(MCSGLImportFile, importAndProcessFile),
            params,
            System.Threading.CancellationToken::None
            );
    }

]]></Source>
			</Method>
			<Method>
				<Name>processWebPasReceiptFileAsync</Name>
				<Source><![CDATA[
    public static void processWebPasReceiptFileAsync(SysGuidString _fileId, str _journalName, boolean _postJournal, boolean _splitLines, str _journalName2)
    {
        container params = [_fileId,_journalName, _postJournal, _splitLines, _journalName2];
        runAsync(classNum(MCSGLImportFile),
            staticMethodStr(MCSGLImportFile, importAndProcessFile),
            params,
            System.Threading.CancellationToken::None
            );
    }

]]></Source>
			</Method>
			<Method>
				<Name>processWebPasFreeTxtFileAsync</Name>
				<Source><![CDATA[
    public static void processWebPasFreeTxtFileAsync(SysGuidString _fileId,boolean _postJournal)
    {
        container params = [_fileId,strMin(),_postJournal];
        runAsync(classNum(MCSGLImportFile),
            staticMethodStr(MCSGLImportFile, importAndProcessFile),
            params,
            System.Threading.CancellationToken::None
            );
    }

]]></Source>
			</Method>
		</Methods>
	</SourceCode>
</AxClass>