<?xml version="1.0" encoding="utf-8"?>
<AxClass xmlns:i="http://www.w3.org/2001/XMLSchema-instance">
	<Name>MCSGLImportFileTask_APInvoices</Name>
	<SourceCode>
		<Declaration><![CDATA[
class MCSGLImportFileTask_APInvoices extends MCSGLImportFileTask  
{
    Map headerMap;
    TransDate   journalDate;
    #MCSGLImport
}
]]></Declaration>
		<Methods>
			<Method>
				<Name>numOfColumns</Name>
				<Source><![CDATA[
    public int numOfColumns()
    {
        return 250;
    }

]]></Source>
			</Method>
			<Method>
				<Name>validateHeaders</Name>
				<Source><![CDATA[
    protected  boolean validateHeaders(container _headers)
    {
        boolean ret = true;

        headerMap = new Map(Types::Integer, Types::Class);
        headerMap.add(5, new SysDictField(tableNum(MCSGLImportLineInvoices),fieldNum(MCSGLImportLineInvoices,LineDescription)));
        headerMap.add(165, new SysDictField(tableNum(MCSGLImportLineInvoices),fieldNum(MCSGLImportLineInvoices,AccountNum)));
        headerMap.add(7, new SysDictField(tableNum(MCSGLImportLineInvoices),fieldNum(MCSGLImportLineInvoices,InvoiceDate)));
        headerMap.add(52, new SysDictField(tableNum(MCSGLImportLineInvoices),fieldNum(MCSGLImportLineInvoices,InvoiceReceivedDate)));
        headerMap.add(6, new SysDictField(tableNum(MCSGLImportLineInvoices),fieldNum(MCSGLImportLineInvoices,InvoiceId)));

        headerMap.add(63, new SysDictField(tableNum(MCSGLImportLineInvoices),fieldNum(MCSGLImportLineInvoices,Credit)));

        headerMap.add(64, new SysDictField(tableNum(MCSGLImportLineInvoices),fieldNum(MCSGLImportLineInvoices,Debit)));
        headerMap.add(213, new SysDictField(tableNum(MCSGLImportLineInvoices),fieldNum(MCSGLImportLineInvoices,TaxItemGroup)));

        headerMap.add(51, new SysDictField(tableNum(MCSGLImportLineInvoices),fieldNum(MCSGLImportLineInvoices,RequestNumber)));
        headerMap.add(2, new SysDictField(tableNum(MCSGLImportLineInvoices),fieldNum(MCSGLImportLineInvoices,SequenceNumber)));

        headerMap.add(61, new SysDictField(tableNum(MCSGLImportLineInvoices),fieldNum(MCSGLImportLineInvoices,MainAccountNum)));
        headerMap.add(70, new SysDictField(tableNum(MCSGLImportLineInvoices),fieldNum(MCSGLImportLineInvoices,BusinessUnit)));
        headerMap.add(75, new SysDictField(tableNum(MCSGLImportLineInvoices),fieldNum(MCSGLImportLineInvoices,CostCenter)));
        headerMap.add(76, new SysDictField(tableNum(MCSGLImportLineInvoices),fieldNum(MCSGLImportLineInvoices,Product_Project_Code)));
        

        if (conLen(_headers) <= this.numOfColumns())
        {
            ret = checkFailed(strFmt("@MCS:LineNumColumnsError", conLen(_headers), this.numOfColumns()));
        }

        
        return ret;

    }

]]></Source>
			</Method>
			<Method>
				<Name>importCSVFile</Name>
				<Source><![CDATA[
    protected void importCSVFile(System.IO.MemoryStream _stream)
    {
        #File
        file = TextStreamIo::constructForRead(_stream);
        file.inFieldDelimiter('|');
        file.inRecordDelimiter(#delimiterCRLF);

        while (file.status() == IO_Status::Ok)
        {
           
            container data = file.read();

            if (conLen(data))
            {
                lineNum++;

                if (lineNum == 1)
                {
                    journalDate = conPeek(data,3);
                    continue;
                }

                if (lineNum == 2 && !this.validateHeaders(data))
                {
                    throw Exception::Error;
                }
                insertList.add(this.populateImportLine(data));
            }

        }
    }

]]></Source>
			</Method>
			<Method>
				<Name>populateImportLine</Name>
				<Source><![CDATA[
    public MCSGLImportLineMap populateImportLine(container _data)
    {
        MCSGLImportLineInvoices importLine;
    
        importLine.ImportTable = MCSGLImportTable.RecId;
        importLine.LineNumber = lineNum;

        importLine.TransDate = journalDate;
        for (int col = 1; col <= conLen(_data); col++)
        {
            if (headerMap.exists(col))
            {
                DictField dField = headerMap.lookup(col);

                importLine.(dField.id()) = this.readValue(conPeek(_data,col), dField);
  
            }
        }
        DimensionAttribute dimensionAttribute = DimensionAttribute::findByName(#dimBusinessUnit);
            
        DimensionAttributeValue dimensionAttributeValue = DimensionAttributeValue::findByDimensionAttributeAndValue(dimensionAttribute, importLine.BusinessUnit, false, true);

        importLine.TaxGroup = dimensionAttributeValue.MCSTaxGroup;
        importLine.TaxItemGroup = dimensionAttributeValue.MCSTaxItemGroup;
        return importLine;
    }

]]></Source>
			</Method>
			<Method>
				<Name>createInsertList</Name>
				<Source><![CDATA[
    public RecordInsertList createInsertList()
    {
        RecordInsertList ret = new RecordInsertList(tableNum(MCSGLImportLineInvoices));

        return ret;
    }

]]></Source>
			</Method>
			<Method>
				<Name>validateImport</Name>
				<Source><![CDATA[
    protected void validateImport()
    {
        MCSGLImportLineInvoices::validateRecords(MCSGLImportTable.RecId, false);
    }

]]></Source>
			</Method>
			<Method>
				<Name>construct</Name>
				<Source><![CDATA[
    public static MCSGLImportFileTask_APInvoices construct()
    {
        return new MCSGLImportFileTask_APInvoices();
    }

]]></Source>
			</Method>
		</Methods>
	</SourceCode>
</AxClass>