<?xml version="1.0" encoding="utf-8"?>
<AxClass xmlns:i="http://www.w3.org/2001/XMLSchema-instance">
	<Name>MCSGLImportProcess_LMS</Name>
	<SourceCode>
		<Declaration><![CDATA[
class MCSGLImportProcess_LMS extends MCSGLImportProcess
{
    #MCSGLImport
    Counter                     numOfLines;
    TransDate                   transDAte;
    CustInvoiceTable            custInvoiceTable;
    Name                        CUSTOMER_CODE;
    str                         dimSegmentDelimiter = enum2Str(DimensionParameters::find().DimensionSegmentDelimiter);
    TaxGroup                    taxGroup;
    TaxItemGroup                taxItemGroup;
    str                         fileNameSuffix;
    MCSGLImportJournals         GLImportJournals; 
    CustTable                   custTable;
    #define.CurrentVersion(1)
    #localmacro.CurrentList
        fileId,
        postJournal
    #endmacro

}
]]></Declaration>
		<Methods>
			<Method>
				<Name>pack</Name>
				<Source><![CDATA[
    public container pack()
    {
        return [#CurrentVersion, #CurrentList,  queryRun.pack()];
    }

]]></Source>
			</Method>
			<Method>
				<Name>unpack</Name>
				<Source><![CDATA[
    public boolean unpack(container _packedClass)
    {
        Version     version = RunBase::getVersion(_packedClass);
        container   packedQuery;

        switch (version)
        {
            case #CurrentVersion :
                [version, #CurrentList, packedQuery] = _packedClass;
                if (packedQuery)
                {
                    queryRun = new QueryRun(packedQuery);
                }
                break;

            default :
                return false;
        }

        return true;
    }

]]></Source>
			</Method>
			<Method>
				<Name>validateJournalName</Name>
				<Source><![CDATA[
        protected boolean validateJournalName()
        {
            return true;
        }

]]></Source>
			</Method>
			<Method>
				<Name>getJournalDescription</Name>
				<Source><![CDATA[
        protected Description getJournalDescription()
        {
            return importTable.FileName;
        }

]]></Source>
			</Method>
			<Method>
				<Name>dialog</Name>
				<Source><![CDATA[
        public Object dialog()
        {
            DialogRunbase dialog = super();

            dialogJournalName.visible(false);
            
            return dialog;
        }

]]></Source>
			</Method>
			<Method>
				<Name>getFromDialog</Name>
				<Source><![CDATA[
        public boolean getFromDialog()
        {
            boolean ret = super();
        
            return ret;
        }

]]></Source>
			</Method>
			<Method>
				<Name>amountsInclTax</Name>
				<Source><![CDATA[
        protected NoYes amountsInclTax()
        {
            return NoYes::Yes;
        }

]]></Source>
			</Method>
			<Method>
				<Name>buildquery</Name>
				<Source><![CDATA[
    protected Query buildquery()
    {
        Query   q = super();
        QueryBuildDataSource    qbd = q.dataSourceTable(tableNum(MCSGLImportTable));
        QueryBuildDataSource    qbdLines = qbd.addDataSource(tableNum(MCSGLImportLineLMS));
        qbdLines.joinMode(JoinMode::NoExistsJoin);
        qbdLines.relations(true);
        QueryBuildRange rangeLines = qbdLines.addRange(fieldNum(MCSGLImportLineLMS, Notes));
        rangeLines.value(SysQuery::valueNotEmptyString());
        rangeLines.status(RangeStatus::Locked);

        return q;
    }

]]></Source>
			</Method>
			<Method>
				<Name>buildLinesQuery</Name>
				<Source><![CDATA[
    protected Query buildLinesQuery()
    {
        Query q = new Query();


        q.allowCrossCompany(true);
        QueryBuildDataSource qbdLines = q.addDataSource(tableNum(MCSGLImportLineLMS));
        qbdLines.addRange(fieldNum(MCSGLImportLineLMS, Notes)).value(SysQuery::valueEmptyString());
        qbdLines.addRange(fieldNum(MCSGLImportLineLMS, ImportTable)).value(queryValue(importTable.RecId));
        qbdLines.addSortField(fieldNum(MCSGLImportLineLMS, AccountNum),SortOrder::Ascending);
        QueryBuildDataSource qbdJournals = qbdLines.addDataSource(tableNum(MCSGLImportJournals));
        qbdJournals.joinMode(JoinMode::NoExistsJoin);
        qbdJournals.addLink(fieldNum(MCSGLImportLineLMS, ImportTable), fieldNum(MCSGLImportJournals, ImportTable));

        return q;
    }

]]></Source>
			</Method>
			<Method>
				<Name>run</Name>
				<Source><![CDATA[
    public void run()
    {
        if (fileId)
        {
            QueryBuildRange qbrFileId = SysQuery::findOrCreateRange(queryRun.query().dataSourceTable(tableNum(MCSGLImportTable)),fieldNum(MCSGLImportTable,FileId));
            qbrFileId.value(fileId);
        }

        while (queryRun.next())
        {
            boolean allOk = true;
            numOfLines = 0;
            try
            {
                importTable = queryRun.get(tableNum(MCSGLImportTable));
                setPrefix(strFmt("@MCS:FilePrefix", importTable.FileName));

                if (!this.validate())
                {
                    allOk = false;
                    continue;
                }
                callerTable = importTable; 
                this.processLinesForCompany(importTable.RecId);
            }
            catch
            {
                ttsbegin;
                importTable.reread();
                importTable.selectForUpdate(true);
                importTable.Status = MCSOpenProcessed::Error;
                importTable.Info = info::exportStatic();
                importTable.Log = MCSFileService::getInfologMessages();
                importTable.update();
                ttscommit;

                allOk = false;
                continue;
            }
            if (allOk)
            {
                if (!importTable.errorCount())
                {
                    ttsbegin;
                    importTable.selectForUpdate(true);
                    importTable.Status = MCSOpenProcessed::Processed;
                    importTable.Info = info::exportStatic();
                    importTable.update();
                    ttscommit;

                    Info(strFmt("@MCS:NumOfInvoicesProcessed", numOfLines));
                }
            }
        }
    }

]]></Source>
			</Method>
			<Method>
				<Name>processLinesForCompany</Name>
				<Source><![CDATA[
    protected void processLinesForCompany(RefRecId _importTableRecId)
    {
        MCSGLImportLineLMS        importline;
            
        QueryRun qrLines = new QueryRun(this.buildLinesQuery());

        while (qrLines.next())
        {
            try
            {
                infolog.clear();

                ttsbegin;
                importline = qrLines.get(tableNum(MCSGLImportLineLMS));

                importline.selectForUpdate(true);
                this.createCustInvoiceTable(importline);

                numOfLines++;

                ttscommit;
            }
            catch
            {
                ttsbegin;
                importline.reread();
                importline.selectForUpdate(true);
                importline.Notes = MCSFileService::getInfologMessages();
                importline.update();
                postJournal= false; 
                ttscommit;
                break;
                    
            }
        }

        if (postJournal)
        {
            while select forupdate importline
            group by CustInvoiceTable
            where importline.ImportTable == importTable.RecId
            && importline.CustInvoiceTable
            {
                custInvoiceTable = CustInvoiceTable::findRecId(importline.CustInvoiceTable);
                CustPostInvoice custPostInvoice = CustPostInvoice::construct(custInvoiceTable);
                custPostInvoice.parmCustInvoiceTable(custInvoiceTable);
                custPostInvoice.run();
            }
        }  
    }

]]></Source>
			</Method>
			<Method>
				<Name>createCustInvoiceTable</Name>
				<Source><![CDATA[
    CustInvoiceTable createCustInvoiceTable(MCSGLImportLineLMS _importLine)
    {
       

        if(_importLine.InvoiceNumber != CUSTOMER_CODE)
        {
            custInvoiceTable.clear();
            custInvoiceTable.defaultRow();

            custTable =  custTable::find(_importLine.AccountNum);
            custInvoiceTable.OrderAccount = custTable.AccountNum;
            custInvoiceTable.initFromCustTable(custTable);
         
            custInvoiceTable.InvoiceDate = _importLine.TransDate;

            custInvoiceTable.insert();

            CUSTOMER_CODE = _importLine.InvoiceNumber;

        }

        CustInvoiceLine custInvoiceLine;
        custInvoiceLine.defaultRow();
        custInvoiceLine.ParentRecId = custInvoiceTable.RecId;

        custInvoiceLine.DefaultDimension = custTable.DefaultDimension;

        custInvoiceLine.LedgerDimension = LedgerDefaultAccountHelper::getDefaultAccountFromMainAccountId(_importLine.MainAccountNum);
        if (!custInvoiceLine.LedgerDimension)
        {
            throw Error("@MCS:LedgerAccResolveError");
        }

        custInvoiceLine.Description = _importLine.DescriptionHeader; 
        custInvoiceLine.InvoiceTxt  = _importLine.Reference; 

        custInvoiceLine.TaxGroup        = _importLine.TaxCode;
        custInvoiceLine.TaxItemGroup    = _importLine.TaxItemGroup;
        custInvoiceLine.Quantity        =  1; 
        custInvoiceLine.UnitPrice       =  _importLine.Amount;
        custInvoiceLine.AmountCur       = _importLine.Amount;
        custInvoiceLine.MCSImportLine   = _importLine.RecId; 

        custInvoiceLine.MCSFromDate     = _importLine.FromDate;
        custInvoiceLine.MCSToDate       = _importLine.ToDate;
        custInvoiceLine.MCSDays         =  any2Int(_importLine.Days);
        custInvoiceLine.MCSReference    = _importLine.Reference;
        custInvoiceLine.MCSDescription  = _importLine.Description;
     
        custInvoiceLine.MCSFeeReference = _importLine.FeeBased;
        custInvoiceLine.MCSDayYear      = _importLine.DayYear;
        custInvoiceLine.MCSFacAmount    = _importLine.FacilityAmount;
        custInvoiceLine.MCSAmount       = _importLine.Amount;
        custInvoiceLine.MCSBillTo       = _importLine.BillTo; 
        custInvoiceLine.MCSRate         = _importLine.Rate; 
        custInvoiceLine.MCSDueDate      = _importLine.DueDate; 
        custInvoiceLine.insert();

        _importLine.selectForUpdate(true); 
        _importLine.CustInvoiceLines = custInvoiceLine.RecId; 
        _importLine.CustInvoiceTable = custInvoiceTable.RecId;
        _importLine.doUpdate(); 

        return custInvoiceTable;

    }

]]></Source>
			</Method>
			<Method>
				<Name>resolveLedgerDimStrings</Name>
				<Source><![CDATA[
        private DimensionCombinationBase resolveLedgerDimStrings(DefaultDimensionIntegrationValues _dimeValue, 
                                                                LedgerJournalACType _acType = LedgerJournalACType::Ledger, 
                                                                DataAreaId _company = curExt())
        {
            DefaultDimensionIntegrationValues dimValue = _dimeValue;

            dimValue = strReplace(dimValue,'.',dimSegmentDelimiter);

            DimensionDynamicAccountResolver resolver = DimensionDynamicAccountResolver::newResolver(dimValue, _acType, _company);
            return resolver.resolve();
        }

]]></Source>
			</Method>
			<Method>
				<Name>getLedgerDimFromMainAcc</Name>
				<Source><![CDATA[
        LedgerDimensionAccount getLedgerDimFromMainAcc(MainAccountNum _mainAccountId)
        {
            MainAccount mainAccount = MainAccount::findByMainAccountId(_mainAccountId);

            return LedgerDimensionDefaultingEngine::getLedgerDimensionFromAccountAndDim(mainAccount.RecId, DimensionHierarchy::getAccountStructure(mainAccount.RecId));
        }

]]></Source>
			</Method>
			<Method>
				<Name>getDefaultDimensionFromValues</Name>
				<Source><![CDATA[
    DimensionDefault getDefaultDimensionFromValues(
        DimensionValue _businessUnitDim = '',
        DimensionValue _costCenter = '',
        DimensionValue _Project = ''
        )
    {
        DimensionDefault ret;

        DimensionAttributeValueSetStorage setStorage = new DimensionAttributeValueSetStorage();
        DimensionAttribute  dimensionAttribute;
        DimensionAttributeValue dimensionAttributeValue;
        
        
        if(_businessUnitDim)
        {
            dimensionAttribute = DimensionAttribute::findByName(#dimBusinessUnit);
            DimAttributeOMBusinessUnit  DimAttributeOMBusinessUnit; 

            select firstonly DimAttributeOMBusinessUnit
                where DimAttributeOMBusinessUnit.Name == _businessUnitDim; 

            dimensionAttributeValue = DimensionAttributeValue::findByDimensionAttributeAndValue(dimensionAttribute, DimAttributeOMBusinessUnit.Value, false, true);

            setStorage.addItem(dimensionAttributeValue);
        }
        
        if (_costCenter)
        {
            dimensionAttribute = DimensionAttribute::findByName(#DimCostCenter);
            
            dimensionAttributeValue = DimensionAttributeValue::findByDimensionAttributeAndValue(dimensionAttribute, _costCenter, false, true);

            setStorage.addItem(dimensionAttributeValue);
        }
        if (_Project)
        {
            dimensionAttribute = DimensionAttribute::findByName(#DimProjects);
            
            dimensionAttributeValue = DimensionAttributeValue::findByDimensionAttributeAndValue(dimensionAttribute, _Project, false, true);

            setStorage.addItem(dimensionAttributeValue);
        }

        return setStorage.save();
    }

]]></Source>
			</Method>
			<Method>
				<Name>validate</Name>
				<Source><![CDATA[
        public boolean validate(Object calledFrom = null)
        {
            boolean ret;

            ret = super(calledFrom);
            if (!calledFrom && importTable)
            {

                MCSGLImportJournals importJournals;
                select firstonly importJournals
                where importJournals.ImportTable == importTable.RecId &&
                    importJournals.Company == curExt();

                if (importJournals)
                {
                    ret = checkFailed(strFmt("@MCS:JournalAlreadyCreated", importJournals.LedgerJournalId, importJournals.Company));
                }
            }


            return ret;
        }

]]></Source>
			</Method>
			<Method>
				<Name>fileType</Name>
				<Source><![CDATA[
        protected MCSGLImportFileType fileType()
        {
            return MCSGLImportFileType::LMS;
        }

]]></Source>
			</Method>
			<Method>
				<Name>description</Name>
				<Source><![CDATA[
        public static Description description()
        {
            return "LMS File process";
        }

]]></Source>
			</Method>
		</Methods>
	</SourceCode>
</AxClass>