<?xml version="1.0" encoding="utf-8"?>
<AxClass xmlns:i="http://www.w3.org/2001/XMLSchema-instance">
	<Name>MCSGlobal</Name>
	<SourceCode>
		<Declaration><![CDATA[
internal final class MCSGlobal
{
}
]]></Declaration>
		<Methods>
			<Method>
				<Name>isValidEmail</Name>
				<Source><![CDATA[
    /// <summary>
    ///    This method accepts a email and validates this using REGEX
    /// </summary>
    /// <returns>
    ///    true or false based on Regex match
    /// </returns>
    static boolean isValidEmail(Email _email)
    {
        System.Text.RegularExpressions.Match match;
        System.Boolean netBool;
        boolean xppBool;
        str matchEmailPattern =
           @"^(([\w-]+\.)+[\w-]+|([a-zA-Z]{1}|[\w-]{2,}))@"
         + @"((([0-1]?[0-9]{1,2}|25[0-5]|2[0-4][0-9])\.([0-1]?
           [0-9]{1,2}|25[0-5]|2[0-4][0-9])\."
         + @"([0-1]?[0-9]{1,2}|25[0-5]|2[0-4][0-9])\.([0-1]?
           [0-9]{1,2}|25[0-5]|2[0-4][0-9])){1}|"
         + @"([\w-]+\.)+[a-zA-Z]{2,4})$";
     
        new InteropPermission(InteropKind::ClrInterop).assert();
        match = System.Text.RegularExpressions.Regex::Match(_email, matchEmailPattern);
        netBool = match.get_Success();
        xppBool = netBool;
        CodeAccessPermission::revertAssert();
 
        return xppBool;
    }

]]></Source>
			</Method>
		</Methods>
	</SourceCode>
</AxClass>