<?xml version="1.0" encoding="utf-8"?>
<AxClass xmlns:i="http://www.w3.org/2001/XMLSchema-instance">
	<Name>MCSLedgerJournalTrans_T_Extension</Name>
	<SourceCode>
		<Declaration><![CDATA[
/// <summary>
/// MCSLedgerJournalTrans_T_Extension
/// </summary>
[ExtensionOf(tableStr(LedgerJournalTrans))]
final class MCSLedgerJournalTrans_T_Extension
{
}
]]></Declaration>
		<Methods>
			<Method>
				<Name>MCSValidateLedgerDimensions</Name>
				<Source><![CDATA[
    /// <summary>
    /// Validation ledger dimension 
    /// </summary>
    /// <param name = "_dimensionDynamicAccount">_dimensionDynamicAccount</param>
    /// <returns>boolean</returns>
    private boolean MCSValidateLedgerDimensions(DimensionDynamicAccount _dimensionDynamicAccount)
    {
        boolean                    isValid =true;
        DimensionCombinationEntity combinationEntity;
        DimensionAttributeValue    attributeValue;
        DimensionAttribute         attribute;

        select firstonly RecId,Programm_Unit from  combinationEntity
            where combinationEntity.RecId == _dimensionDynamicAccount; 

        if(combinationEntity.Programm_Unit)
        {
            attribute      = DimensionAttribute::findByName('Programm_Unit');
            attributeValue = DimensionAttributeValue::findByDimensionAttributeAndValue(attribute,combinationEntity.Programm_Unit);

            if(combinationEntity.RecId && attributeValue.MCSTaxGroup && attributeValue.MCSTaxItemGroup)
            {
                if(attributeValue.MCSTaxGroup != this.TaxGroup &&
                    attributeValue.MCSTaxItemGroup != this.TaxItemGroup)
                {
                    Error("Invalid GST code and group for Bussines unit");
                }
            }
        }

        
        return isValid; 
    }

]]></Source>
			</Method>
			<Method>
				<Name>validateWrite</Name>
				<Source><![CDATA[
    /// <summary>
    /// Determines whether the current record is valid and ready to be written to the database.
    /// </summary>
    /// <returns>
    /// true if the record is valid; otherwise, false.
    /// </returns>
    public boolean validateWrite()
    {
        boolean isValid = next validateWrite();
 

        LedgerJournalName  name = this.ledgerJournalTable().ledgerJournalName(); 

        if(name.MCSValidateBU)
        {
            if(this.LedgerDimension && this.AccountType == LedgerJournalACType::Ledger)
            {
                isValid = this.MCSValidateLedgerDimensions(this.LedgerDimension);
            }

            if(this.OffsetLedgerDimension && this.OffsetAccountType == LedgerJournalACType::Ledger)
            {
                isValid = this.MCSValidateLedgerDimensions(this.OffsetLedgerDimension);
            }
        }


        return isValid; 
    }

]]></Source>
			</Method>
		</Methods>
	</SourceCode>
</AxClass>