<?xml version="1.0" encoding="utf-8"?>
<AxClass xmlns:i="http://www.w3.org/2001/XMLSchema-instance">
	<Name>MCSMCRLedgerJournalDaily_GLImport</Name>
	<SourceCode>
		<Declaration><![CDATA[
class MCSMCRLedgerJournalDaily_GLImport extends MCRLedgerJournal_Daily
{
    private DataAreaId      mcsCompany;
    private DocumentNum     mcsDosumentNum;
    private LedgerJournalAC mcsOffsetAccount;
    private RefRecId        mcsReasonRefId;
    private NoYes           mcsReverseEntry;
    private TransDate       mcsReversDate;
    private TaxCode         mcsTaxCode;
    private ExchRate        mcsReportingCurExhRate;
    private DataAreaId      mcsOffsetCompany;   
    private TaxAmount       mcsTaxAmount;
    private URL             internetAddress;
    private SettlementType  settlementType;
    private RefRecId        importLineDetails;
}
]]></Declaration>
		<Methods>
			<Method>
				<Name>mcsParmTaxAmount</Name>
				<Source><![CDATA[
    public TaxAmount mcsParmTaxAmount(TaxAmount _taxAmuont = mcsTaxAmount)
    {
        mcsTaxAmount = _taxAmuont;
        return mcsTaxAmount;
    }

]]></Source>
			</Method>
			<Method>
				<Name>mcsParmInternetAddress</Name>
				<Source><![CDATA[
    public URL mcsParmInternetAddress(URL _internetAddress = internetAddress)
    {
        internetAddress = _internetAddress;
        return internetAddress;
    }

]]></Source>
			</Method>
			<Method>
				<Name>mcsParmImportLines</Name>
				<Source><![CDATA[
    public RefRecId mcsParmImportLines(RefRecId _importLineDetails = importLineDetails)
    {
        importLineDetails = _importLineDetails;
        return importLineDetails;
    }

]]></Source>
			</Method>
			<Method>
				<Name>mcsParmReportingCurExhRate</Name>
				<Source><![CDATA[
    public ExchRate mcsParmReportingCurExhRate(ExchRate _reportingCurExchRate = mcsReportingCurExhRate)
    {
        mcsReportingCurExhRate = _reportingCurExchRate;
        return mcsReportingCurExhRate;
    }

]]></Source>
			</Method>
			<Method>
				<Name>mcsParmTaxCode</Name>
				<Source><![CDATA[
    public TaxCode mcsParmTaxCode(TaxCode _taxCode = mcsTaxCode)
    {
        mcsTaxCode = _taxCode;
        return mcsTaxCode;
    }

]]></Source>
			</Method>
			<Method>
				<Name>mcsParmReverseEntry</Name>
				<Source><![CDATA[
    public NoYes mcsParmReverseEntry(NoYes _reverseEntry = mcsReverseEntry)
    {
        mcsReverseEntry = _reverseEntry;
        return mcsReverseEntry;
    }

]]></Source>
			</Method>
			<Method>
				<Name>mcsParmSettlementType</Name>
				<Source><![CDATA[
    public SettlementType mcsParmSettlementType(SettlementType _SettlementType = SettlementType)
    {
        SettlementType = _SettlementType;
        return SettlementType;
    }

]]></Source>
			</Method>
			<Method>
				<Name>mcsParmReversDate</Name>
				<Source><![CDATA[
    public TransDate mcsParmReversDate(TransDate _reverseDate = mcsReversDate)
    {
        mcsReversDate = _reverseDate;
        return mcsReversDate;
    }

]]></Source>
			</Method>
			<Method>
				<Name>mcsParmOffsetAccount</Name>
				<Source><![CDATA[
    public LedgerJournalAC mcsParmOffsetAccount(LedgerJournalAC _mcsOffsetAccount = mcsOffsetAccount)
    {
        mcsOffsetAccount = _mcsOffsetAccount;
        return mcsOffsetAccount;
    }

]]></Source>
			</Method>
			<Method>
				<Name>mcsParmCompany</Name>
				<Source><![CDATA[
    public DataAreaId mcsParmCompany(DataAreaId _company = mcsCompany)
    {
        mcsCompany = _company;
        return mcsCompany;
    }

]]></Source>
			</Method>
			<Method>
				<Name>mcsParmOffsetCompany</Name>
				<Source><![CDATA[
    public DataAreaId mcsParmOffsetCompany(DataAreaId _offsetCompany = mcsOffsetCompany)
    {
        mcsOffsetCompany = _offsetCompany;
        return mcsOffsetCompany;
    }

]]></Source>
			</Method>
			<Method>
				<Name>mcsParmDocumentNum</Name>
				<Source><![CDATA[
    public DataAreaId mcsParmDocumentNum(DocumentNum _documentNum = mcsDosumentNum)
    {
        mcsDosumentNum = _documentNum;
        return mcsDosumentNum;
    }

]]></Source>
			</Method>
			<Method>
				<Name>setReasonCode</Name>
				<Source><![CDATA[
    public void setReasonCode(ReasonCode _reasonCode)
    {
        if (!_reasonCode)
        {
            mcsReasonRefId = 0;
        }
        else
        {
            mcsReasonRefId =  ReasonTableRef::createFromCode(_reasonCode);
        }
    }

]]></Source>
			</Method>
			<Method>
				<Name>createLedgerJournalTrans</Name>
				<Source><![CDATA[
    public LedgerJournalTrans createLedgerJournalTrans(AmountCurCredit      _amtCurCredit,
                                                       AmountCurDebit       _amtCurDebit,
                                                       LedgerJournalACType  _ledgerJournalACType = LedgerJournalACType::Ledger)
    {
        LedgerJournalTrans ledgerJournalTrans;

        // Validate the input to the ledger journal trans and ensure that a ledgerjournaltable
        // exists before creating the ledger journalTrans.
        if (this.validateInputLedgerJourTrans(_amtCurCredit, _amtCurDebit)
            && ledgerJournalTable.RecId != 0)
        {
            ledgerJournalTrans.initValue();
            ledgerJournalTrans.OffsetCompany = ledgerJournalTrans.Company;
            
            this.initLedgerJournalTrans(ledgerJournalTrans);

            if (this.mcsParmCompany())
            {
                ledgerJournalTrans.Company = this.mcsParmCompany();
            }

            if (this.mcsParmOffsetCompany())
            {
                ledgerJournalTrans.OffsetCompany = this.mcsParmOffsetCompany();
            }


            ledgerAccountType = _ledgerJournalACType;
            ledgerJournalTrans.JournalNum = ledgerJournalTable.JournalNum;
            ledgerJournalTrans.AccountType = ledgerAccountType;
            
            changecompany(ledgerJournalTrans.Company)
            {

                if (!ledgerAccount)
                {
                    ledgerAccount = LedgerDynamicAccountHelper::getDynamicAccountFromAccountNumber(accountNum, _ledgerJournalACType);
                    ledgerJournalTrans.DefaultDimension = defaultDimension;
                }
            }
            
            ledgerJournalTrans.LedgerDimension = ledgerAccount;


            ledgerJournalTrans.OffsetAccountType = ledgerOffsetAccountType;


            if (!ledgerOffsetAccount && mcsOffsetAccount)
            {
                changecompany(ledgerJournalTrans.OffsetCompany)
                {
                    ledgerOffsetAccount = LedgerDynamicAccountHelper::getDynamicAccountFromAccountNumber(mcsOffsetAccount, ledgerOffsetAccountType);
                    ledgerJournalTrans.OffsetDefaultDimension = offsetDefaultDimension;
                }
            }

            ledgerJournalTrans.OffsetLedgerDimension = ledgerOffsetAccount;
            ledgerJournalTrans.Txt = transTxt;
            ledgerJournalTrans.CurrencyCode = curCode;

            
            ledgerJournalTrans.Approver = approver;
            ledgerJournalTrans.Approved = approved;
            // Bank reconciliation specific.
            ledgerJournalTrans.MCRCCGeneralLedgerId = MCRCCGeneralLedgerId;
            ledgerJournalTrans.Due = dueDate;
            ledgerJournalTrans.LineNum = lineNum;
            ledgerJournalTrans.Voucher = voucherNum;
            ledgerJournalTrans.PaymReference = paymReference;
            ledgerJournalTrans.BankTransType = bankTransType;
            ledgerJournalTrans.PaymMode = paymentMode;

            if (_amtCurCredit != 0)
            {
                ledgerJournalTrans.AmountCurCredit = _amtCurCredit;
            }
            if (_amtCurDebit != 0)
            {
                ledgerJournalTrans.AmountCurDebit = _amtCurDebit;
            }

            

            if (!exchRate && curCode)
            {
                exchRate = ExchangeRateHelper::getExchangeRate1_Static(
                   Ledger::primaryLedger(CompanyInfo::findDataArea(ledgerJournalTrans.Company).RecId),
                   curCode,
                   ledgerJournalTrans.TransDate);
            }

            ledgerJournalTrans.ExchRate = exchRate;


            ledgerJournalTrans.ReasonRefRecID = mcsReasonRefId;
            ledgerJournalTrans.ReverseEntry = mcsReverseEntry;
            ledgerJournalTrans.ReverseDate = mcsReversDate;
            ledgerJournalTrans.TaxCode = mcsTaxCode;
            ledgerJournalTrans.ReportingCurrencyExchRate = mcsReportingCurExhRate;
            ledgerJournalTrans.Invoice = invoiceId;
            ledgerJournalTrans.Approver = approver;
            ledgerJournalTrans.SettleVoucher = settlementType;
            if(transactionType == LedgerTransType::Payment)
            {
                ledgerJournalTrans.TransactionType = transactionType;
            }
            ledgerJournalTrans.defaultRow();

            ledgerJournalTrans.insert();

            if (this.mcsParmTaxAmount())
            {
                LedgerJournalEngine ledgerJournalEngine = LedgerJournalEngine::construct();
                ledgerJournalEngine.newJournalActive(ledgerJournalTable);
                ledgerJournalEngine.correctTaxAmount(ledgerJournalTrans, this.mcsParmTaxAmount(), true, false);
                ledgerJournalEngine.cashDiscCodeModified(ledgerJournalTrans);
            }

        }
        else
        {
            throw error("@MCR35845");
        }

        return ledgerJournalTrans;
    }

]]></Source>
			</Method>
			<Method>
				<Name>initLedgerJournalTrans</Name>
				<Source><![CDATA[
    protected void initLedgerJournalTrans(LedgerJournalTrans _ledgerJournalTrans)
    {
        super(_ledgerJournalTrans);

        _ledgerJournalTrans.DefaultDimension = defaultDimension;
        _ledgerJournalTrans.OffsetDefaultDimension = offsetDefaultDimension;
        _ledgerJournalTrans.DocumentNum = mcsDosumentNum;

    }

]]></Source>
			</Method>
			<Method>
				<Name>new</Name>
				<Source><![CDATA[
    public void new(LedgerJournalType _ledgerJournalType,
                    LedgerJournalId   _journalName="",
                    DetailSummary     _detailSummaryPosting = DetailSummary::Detail)
    {
        journalName = _journalName;
        ledgerJourType = _ledgerJournalType;
        curCode = CompanyInfoHelper::standardCurrency();
        approver = HcmWorkerLookup::currentWorker();
        approved = NoYes::Yes;
    }

]]></Source>
			</Method>
			<Method>
				<Name>construct</Name>
				<Source><![CDATA[
    public static MCSMCRLedgerJournalDaily_GLImport construct(LedgerJournalType _ledgerJournalType,
                                                              LedgerJournalNameId _journalName='')
    {
        MCSMCRLedgerJournalDaily_GLImport mcrLedgerJournal = new  MCSMCRLedgerJournalDaily_GLImport(_ledgerJournalType, _journalName);
        return mcrLedgerJournal;
    }

]]></Source>
			</Method>
			<Method>
				<Name>validateInputLedgerJourTrans</Name>
				<Source><![CDATA[
    protected boolean validateInputLedgerJourTrans(AmountCur _amtCurCredit,
                                                AmountCur _amtCurDebit)
    {
        boolean valid = true;

        // Cannot have both credit and debit on the same record.
        // Cannot have either account numbers be invalid, validate here.
        // Amounts being passed in cannot be negative.
        if (_amtCurCredit != 0 && _amtCurDebit != 0)
        {
            valid = checkFailed("@MCR35844");
        }
        /*
        if (_amtCurCredit < 0 || _amtCurDebit < 0)
        {
            valid = checkFailed("@MCR35843");
        }
        */
        
        return valid;
    }

]]></Source>
			</Method>
		</Methods>
	</SourceCode>
</AxClass>