<?xml version="1.0" encoding="utf-8"?>
<AxClass xmlns:i="http://www.w3.org/2001/XMLSchema-instance">
	<Name>MCSPrintMgmtPrintDestinationTokens</Name>
	<SourceCode>
		<Declaration><![CDATA[
[SrsPrintDestinationTokensExtAttribute('MCSPrintMgmt')]
class MCSPrintMgmtPrintDestinationTokens extends PrintMgmtPrintDestinationTokens
{
    Map recordsFieldsMap;
    Map recordsFieldsMapYMD;
    LanguageId  languageId;


}
]]></Declaration>
		<Methods>
			<Method>
				<Name>emailFieldsMap</Name>
				<Source><![CDATA[
    public Map emailFieldsMap(Map _fieldsMaep = recordsFieldsMap)
    {
        recordsFieldsMap = _fieldsMaep;
        return recordsFieldsMap;
    }

]]></Source>
			</Method>
			<Method>
				<Name>emailFieldsMapYMD</Name>
				<Source><![CDATA[
    public Map emailFieldsMapYMD(Map _fieldsMaep = recordsFieldsMapYMD)
    {
        recordsFieldsMapYMD = _fieldsMaep;
        return recordsFieldsMapYMD;
    }

]]></Source>
			</Method>
			<Method>
				<Name>addToMap</Name>
				<Source><![CDATA[
    private void addToMap(str _key, str _value)
    {
        if (recordsFieldsMap.exists(_key))
        {
            recordsFieldsMap.remove(_key);
        }
        recordsFieldsMap.insert(_key,_value);        
    }

]]></Source>
			</Method>
			<Method>
				<Name>addToMapYMD</Name>
				<Source><![CDATA[
    private void addToMapYMD(str _key, str _value)
    {
        if (recordsFieldsMapYMD.exists(_key))
        {
            recordsFieldsMapYMD.remove(_key);
        }
        recordsFieldsMapYMD.insert(_key,_value);
    }

]]></Source>
			</Method>
			<Method>
				<Name>initRecordsFieldMap</Name>
				<Source><![CDATA[
    private void initRecordsFieldMap()
    {
        recordsFieldsMap = MCSSRSPrintDestinationTokensNone::initEmailMap();
        recordsFieldsMapYMD = Map::create(recordsFieldsMap.pack());
        if (jour.TableId)
        {
            SysDictTable    dt = SysDictTable::newTableId(jour.TableId);

            for (int i = 1; i <= dt.fieldCnt(); i++)
            {
                FieldId fieldId = dt.fieldCnt2Id(i);
                DictField  df = dt.fieldObject(fieldId);
                if (df && df.baseType() != Types::BLOB && df.baseType() != Types::Class &&
                    df.baseType() != Types::Container && df.visible() && df.arraySize() <= 1)
                {
                    try
                    {
                        this.addToMap(strFmt('.%1',df.name()),MCSSRSPrintDestinationTokensNone::formatStrValue(jour.(fieldId)));
                        this.addToMapYMD(strFmt('.%1',df.name()),MCSSRSPrintDestinationTokensNone::formatStrValue(jour.(fieldId),true));
                    }
                    catch
                    {
                        exceptionTextFallThrough();
                    }
                }
            }
            for (int i = 1; i <= dt.objectMethodCnt(); i++)
            {
                IdentifierName objMethodName = dt.objectMethod(i);
            
                SysDictMethod   method = new SysDictMethod(UtilElementType::TableInstanceMethod, dt.id(), objMethodName);
                if (method && method.displayType() == DisplayFunctionType::Get && !method.parameterCnt())
                {
                    try
                    {
                        new ExecutePermission().assert();
                        anytype retVal = dt.callObject(method.name(),jour);
                        CodeAccessPermission::revertAssert();
                        this.addToMap(strFmt('.%1()',objMethodName),MCSSRSPrintDestinationTokensNone::formatStrValue(retVal));
                        this.addToMapYMD(strFmt('.%1()',objMethodName),MCSSRSPrintDestinationTokensNone::formatStrValue(retVal,true));
                    }
                    catch
                    {
                        exceptionTextFallThrough();
                    }
                    
                }
            }
        }
            
    }

]]></Source>
			</Method>
			<Method>
				<Name>parmPrintContext</Name>
				<Source><![CDATA[
    public void parmPrintContext(PrintMgmtPrintContext _printContext)
    {
        super(_printContext);
        languageId = _printContext.parmLanguageId();
    }

]]></Source>
			</Method>
			<Method>
				<Name>replace</Name>
				<Source><![CDATA[
    public void replace(SRSPrintDestinationSettings _settings)
    {
        this.initRecordsFieldMap();
        
        super(_settings);
        
        MCSSRSPrintDestinationTokensNone::replaceCustomPlaceholders(_settings,recordsFieldsMap,recordsFieldsMapYMD,languageId);

        SrsReportEMailDataContract emailContract = _settings.parmEMailContract();

        _settings.emailBody(emailContract.parmBody());
        _settings.emailId(emailContract.parmEmailId());
    }

]]></Source>
			</Method>
			<Method>
				<Name>SrsPrintDestinationTokens_Pre_constructByTokenType</Name>
				<Source><![CDATA[
    [PreHandlerFor(classStr(SrsPrintDestinationTokens), staticMethodStr(SrsPrintDestinationTokens, constructByTokenType))]
    public static void SrsPrintDestinationTokens_Pre_constructByTokenType(XppPrePostArgs args)
    {
        SrsPrintDestinationTokenType tokenType = args.getArg(identifierStr(_tokenType));
        if (tokenType && tokenType == 'PrintMgmt')
        {
            args.setArg(identifierStr(_tokenType),'MCSPrintMgmt');
        }
    }

]]></Source>
			</Method>
		</Methods>
	</SourceCode>
</AxClass>