<?xml version="1.0" encoding="utf-8"?>
<AxClass xmlns:i="http://www.w3.org/2001/XMLSchema-instance">
	<Name>MCSPGPKeyringParams</Name>
	<SourceCode>
		<Declaration><![CDATA[
Using Org.BouncyCastle.Bcpg;
using Org.BouncyCastle.Crypto.Parameters;
using Org.BouncyCastle.Math;
using Org.BouncyCastle.Security;

class MCSPGPKeyringParams
{

    public SymmetricKeyAlgorithmTag PrivateKeyEncryptionAlgorithm;   
    public RsaKeyGenerationParameters RsaParams;
    public str Identity;
    public str Password;
}

]]></Declaration>
		<Methods>
			<Method>
				<Name>GetPassword</Name>
				<Source><![CDATA[
    public System.Char[] GetPassword()
    {
        System.String pwd = this.Password;
        return pwd.ToCharArray();
    }

]]></Source>
			</Method>
			<Method>
				<Name>new</Name>
				<Source><![CDATA[
    public void new()
    {
        RsaParams = new RsaKeyGenerationParameters(BigInteger::ValueOf(0x10001), new SecureRandom(), 2048, 12);
    }

]]></Source>
			</Method>
		</Methods>
	</SourceCode>
</AxClass>