<?xml version="1.0" encoding="utf-8"?>
<AxClass xmlns:i="http://www.w3.org/2001/XMLSchema-instance">
	<Name>MCSPGPFileSignTest</Name>
	<SourceCode>
		<Declaration><![CDATA[
class MCSPGPFileSignTest extends RunBase
{
    // Dialog
    FileUploadBuild         dialogFileUpload;
    FileUpload              fileUpload;
    FileName                fileName;
    str                     fileUrl;
    DialogRunbase           dialog;

    FileUploadBuild         dialogKeyUpload;
    FileUpload              keyUpload;
    str                     keyUrl;
    MCSPGPPassPhrase        passPhrase;
    DialogField             dialogPAssPhrase;


}
]]></Declaration>
		<Methods>
			<Method>
				<Name>dialog</Name>
				<Source><![CDATA[
    public Object dialog()
    {
        dialog = super();
        
        dialogPassPhrase = dialog.addField(extendedTypeStr(MCSPGPPassPhrase));

        DialogGroup dialogGroup = dialog.addGroup(this.fileUploadGroupName());
        FormBuildControl formBuildControl = dialog.formBuildDesign().control(dialogGroup.name());
        dialogFileUpload = formBuildControl.addControlEx(classstr(FileUpload), 'FileUpload');
        dialogFileUpload.style(FileUploadStyle::MinimalWithFilename);
        dialogFileUpload.baseFileUploadStrategyClassName(classstr(FileUploadTemporaryStorageStrategy));
        dialogFileUpload.fileNameLabel("@SYS4820");

        dialogKeyUpload = formBuildControl.addControlEx(classstr(FileUpload), 'KeyUpload');
        dialogKeyUpload.style(FileUploadStyle::MinimalWithFilename);
        dialogKeyUpload.baseFileUploadStrategyClassName(classstr(FileUploadTemporaryStorageStrategy));
        dialogKeyUpload.fileNameLabel("@MCSBankPayments:PrivateKeyFile");

        return dialog;
    }

]]></Source>
			</Method>
			<Method>
				<Name>getFromDialog</Name>
				<Source><![CDATA[
    public boolean getFromDialog()
    {
        boolean ret;

        ret = super();

        passPhrase = dialogPassPhrase.value();

        return ret;
    }

]]></Source>
			</Method>
			<Method>
				<Name>fileUploadGroupName</Name>
				<Source><![CDATA[
    protected str fileUploadGroupName()
    {
        return "@SYS309953";
    }

]]></Source>
			</Method>
			<Method>
				<Name>dialogPostRun</Name>
				<Source><![CDATA[
    public void dialogPostRun(DialogRunbase _dialog)
    {
        fileUpload = _dialog.formRun().control(_dialog.formRun().controlId('FileUpload'));
        fileUpload.notifyUploadCompleted += eventhandler(this.uploadCompleted);

        keyUpload = _dialog.formRun().control(_dialog.formRun().controlId('KeyUpload'));
        keyUpload.notifyUploadCompleted += eventhandler(this.keyUploadCompleted);

        this.setDialogOkButtonEnabled(_dialog, false);
    }

]]></Source>
			</Method>
			<Method>
				<Name>setDialogOkButtonEnabled</Name>
				<Source><![CDATA[
    protected void setDialogOkButtonEnabled(DialogRunbase _dialog, boolean _isEnabled)
    {
        FormControl okButtonControl = _dialog.formRun().control(_dialog.formRun().controlId('OkButton'));

        if (okButtonControl)
        {
            okButtonControl.enabled(_isEnabled);
        }
    }

]]></Source>
			</Method>
			<Method>
				<Name>uploadCompleted</Name>
				<Source><![CDATA[
    public void uploadCompleted()
    {
        fileName = fileUpload.fileName();

        FileUploadTemporaryStorageResult fileUploadResults = FileUpload.getFileUploadResult();
        fileUrl = fileUploadResults.getDownloadUrl();

        this.setDialogOkButtonEnabled(dialog, true && keyUrl != '');
        
        fileUpload.notifyUploadCompleted -= eventhandler(this.UploadCompleted);
    }

]]></Source>
			</Method>
			<Method>
				<Name>keyUploadCompleted</Name>
				<Source><![CDATA[
    public void keyUploadCompleted()
    {
        FileUploadTemporaryStorageResult fileUploadResults = KeyUpload.getFileUploadResult();
        keyUrl = fileUploadResults.getDownloadUrl();

        this.setDialogOkButtonEnabled(dialog, true && fileUrl != '');
        
        fileUpload.notifyUploadCompleted -= eventhandler(this.keyUploadCompleted);
    }

]]></Source>
			</Method>
			<Method>
				<Name>run</Name>
				<Source><![CDATA[
    public void run()
    {
        System.IO.Stream fileIn = File::UseFileFromURL(fileUrl);
        System.IO.Stream keyFile = File::UseFileFromURL(keyUrl);
       
        System.IO.Stream outFile = MCSPGPFileSign::sign(fileIn, keyFile, fileName, passPhrase);

        File::SendFileToUser(outFile,fileName +  '_signed.asm');

    }

]]></Source>
			</Method>
			<Method>
				<Name>canRunInNewSession</Name>
				<Source><![CDATA[
    protected boolean canRunInNewSession()
    {
        return false;
    }

]]></Source>
			</Method>
			<Method>
				<Name>main</Name>
				<Source><![CDATA[
    public static void main (Args _Args)
    {
        MCSPGPFileSignTest    encrypt = new MCSPGPFileSignTest();

        if (encrypt.prompt())
        {
            encrypt.runOperation();
        }

    }

]]></Source>
			</Method>
		</Methods>
	</SourceCode>
</AxClass>