<?xml version="1.0" encoding="utf-8"?>
<AxClass xmlns:i="http://www.w3.org/2001/XMLSchema-instance">
	<Name>MCSPrintMgtDocTypeHandlers</Name>
	<SourceCode>
		<Declaration><![CDATA[
internal final class MCSPrintMgtDocTypeHandlers
{
}
]]></Declaration>
		<Methods>
			<Method>
				<Name>PrintMgmtDocType_getDefaultReportFormatDelegate</Name>
				<Source><![CDATA[
    /// <summary>
    /// Delegate handler for the getDefaultReportFormatDelegate method of the <c>PrintMgtDocTypeHandlers</c> class.
    /// </summary>
    /// <param name = "_docType"><c>PrintMgmtDocumentType</c> enumeration value.</param>
    /// <param name = "_result">The <c>EventHandlerResult</c> object.</param>
    [SubscribesTo(classStr(PrintMgmtDocType), delegateStr(PrintMgmtDocType, getDefaultReportFormatDelegate))]
    public static void PrintMgmtDocType_getDefaultReportFormatDelegate(PrintMgmtDocumentType _docType, EventHandlerResult _result)
    {
        
        switch (_docType)
        {
            
            case PrintMgmtDocumentType::PurchaseOrderRequisition :
                _result.result(ssrsReportStr(MCSPurchPurchaseOrderModern,Report));
                break;

            case PrintMgmtDocumentType::PurchaseOrderConfirmationRequest :
                _result.result(ssrsReportStr(MCSPurchPurchaseOrderModern,Report));
                break;

            case PrintMgmtDocumentType::SalesFreeTextInvoice :
                _result.result(ssrsReportStr(MCSFreeTextInvoiceModern, Report));
                break;

            case PrintMgmtDocumentType::CustAccountStatement :
                _result.result(ssrsReportStr(MCSCustAccountStatementExtModern, Report));
                break;
            case PrintMgmtDocumentType::VendPaymAdvice:
                _result.result(ssrsReportStr(MCSBankPaymAdviceVendV2, Report));
                break;


        }
        
    }

]]></Source>
			</Method>
		</Methods>
	</SourceCode>
</AxClass>