<?xml version="1.0" encoding="utf-8"?>
<AxClass xmlns:i="http://www.w3.org/2001/XMLSchema-instance">
	<Name>MCSPrintMgmtReportFormatPopulator_Extension</Name>
	<SourceCode>
		<Declaration><![CDATA[
[ExtensionOf(classStr(PrintMgmtReportFormatPopulator))]
final class MCSPrintMgmtReportFormatPopulator_Extension
{
    #PrintMgmtSetup

}
]]></Declaration>
		<Methods>
			<Method>
				<Name>populate</Name>
				<Source><![CDATA[
    public void populate(boolean _deleteAll, boolean _showConfirmation)
    {
        // populate the standard application solutions
        next populate(_deleteAll, _showConfirmation);
        
        // design options available for PrintMgmtDocumentType::CustAccountStatement
        this.addOther(PrintMgmtDocumentType::CustAccountStatement,
                        ssrsReportStr(MCSCustAccountStatementExtModern, Report),
                        ssrsReportStr(MCSCustAccountStatementExtModern, Report),
                        #NoCountryRegionId);

        // design options available for PrintMgmtDocumentType::VendPaymAdvice
        this.addOther(PrintMgmtDocumentType::VendPaymAdvice,
                        ssrsReportStr(MCSBankPaymAdviceVendV2, Report),
                        ssrsReportStr(MCSBankPaymAdviceVendV2, Report),
                        #NoCountryRegionId);


        // design options available for PrintMgmtDocumentType::SalesFreeTextInvoice
        this.addOther(PrintMgmtDocumentType::SalesFreeTextInvoice,
                        ssrsReportStr(MCSFreeTextInvoiceModern, Report),
                        ssrsReportStr(MCSFreeTextInvoiceModern, Report),
                        #NoCountryRegionId);


        // design options available for PrintMgmtDocumentType::PurchaseOrderConfirmationRequest
        this.addOther(PrintMgmtDocumentType::PurchaseOrderConfirmationRequest,
                        ssrsReportStr(MCSPurchPurchaseOrderModern, Report),
                        ssrsReportStr(MCSPurchPurchaseOrderModern, Report),
                        #NoCountryRegionId);

        // design options available for PrintMgmtDocumentType::PurchaseOrderRequisition
        this.addOther(PrintMgmtDocumentType::PurchaseOrderRequisition,
                        ssrsReportStr(MCSPurchPurchaseOrderModern, Report),
                        ssrsReportStr(MCSPurchPurchaseOrderModern, Report),
                        #NoCountryRegionId);



    }

]]></Source>
			</Method>
		</Methods>
	</SourceCode>
</AxClass>