<?xml version="1.0" encoding="utf-8"?>
<AxClass xmlns:i="http://www.w3.org/2001/XMLSchema-instance">
	<Name>MCSPGPFileSign</Name>
	<SourceCode>
		<Declaration><![CDATA[
using Org.BouncyCastle.Bcpg;
using Org.BouncyCastle.Bcpg.OpenPgp;
using Org.BouncyCastle.Security;

class MCSPGPFileSign
{
 

}
]]></Declaration>
		<Methods>
			<Method>
				<Name>createPgpSecretKeyRingBundle</Name>
				<Source><![CDATA[
    private static PgpSecretKeyRingBundle createPgpSecretKeyRingBundle(System.IO.Stream _keyInStream)
    {
        return new PgpSecretKeyRingBundle(PgpUtilities::GetDecoderStream(_keyInStream));
    }

]]></Source>
			</Method>
			<Method>
				<Name>readSigningSecretKey</Name>
				<Source><![CDATA[
    public static PgpSecretKey readSigningSecretKey(System.IO.Stream _keyInStream)
    {
        PgpSecretKeyRingBundle pgpSec = MCSPGPFileSign::createPgpSecretKeyRingBundle(_keyInStream);
        PgpSecretKey key = null;
        System.Collections.IEnumerator rIt = pgpSec.GetKeyRings().GetEnumerator();
        while (key == null && rIt.MoveNext())
        {
            PgpSecretKeyRing kRing =  rIt.get_Current();
            System.Collections.IEnumerator kIt = kRing.GetSecretKeys().GetEnumerator();
            while (key == null && kIt.MoveNext())
            {
                PgpSecretKey k = kIt.get_Current();
                if (k.IsSigningKey)
                {
                    key = k;
                }
            }
        }

        if (key == null)
        {
            throw error("@MCSBankPayments:SecretKeyNotFound");
        }
        
        return key;
    }

]]></Source>
			</Method>
			<Method>
				<Name>preferredCompression</Name>
				<Source><![CDATA[
    private static CompressionAlgorithmTag preferredCompression()
    {
        //return CompressionAlgorithmTag.BZip2;
        return Org.BouncyCastle.Bcpg.CompressionAlgorithmTag::Uncompressed;
    }

]]></Source>
			</Method>
			<Method>
				<Name>signFile</Name>
				<Source><![CDATA[
    private void signFile(System.IO.Stream _privateKeyStream, System.String _privateKeyPassword, System.IO.Stream _outStream, str _fileName, str _hashAlgorithm = 'SHA1')
    {
        PgpSecretKey pgpSec = MCSPGPFileSign::readSigningSecretKey(_privateKeyStream);
        PgpPrivateKey pgpPrivKey = null;

        pgpPrivKey = pgpSec.ExtractPrivateKey(_privateKeyPassword.ToCharArray());


        PgpSignatureGenerator sGen = new PgpSignatureGenerator(pgpSec.PublicKey.Algorithm, MCSPGPFileSign::ParseHashAlgorithm(_hashAlgorithm));

        
        sGen.InitSign(0, pgpPrivKey);


        System.Collections.IEnumerable userIds =  pgpSec.PublicKey.GetUserIds();

        System.Collections.IEnumerator userEnumerator = userIds.GetEnumerator();

        while (userEnumerator.MoveNext())
        {
            System.String userId = userEnumerator.get_Current();

            PgpSignatureSubpacketGenerator spGen = new PgpSignatureSubpacketGenerator();

            spGen.SetSignerUserId(false, userId);
            sGen.SetHashedSubpackets(spGen.Generate());
        }

        CompressionAlgorithmTag compression = MCSPGPFileSign::preferredCompression();
        PgpCompressedDataGenerator cGen = new PgpCompressedDataGenerator(compression);

        _outStream = new ArmoredOutputStream(_outStream);

        BcpgOutputStream bOut = new BcpgOutputStream(cGen.Open(_outStream));
        sGen.GenerateOnePassVersion(false).Encode(bOut);

        PgpLiteralDataGenerator lGen = new PgpLiteralDataGenerator();
        
        System.IO.FileInfo file = new System.IO.FileInfo(_fileName);
        System.IO.FileStream fIn = new System.IO.FileStream(_fileName, System.IO.FileMode::Open, System.IO.FileAccess::Read, System.IO.FileShare::Read);
        
        System.Char binaryChar = System.Char::Parse('b');

        System.IO.Stream lOut = lGen.Open(bOut, binaryChar, file);

        int ch = 0;
        ch = fIn.ReadByte();
        while (ch >= 0)
        {
            lOut.WriteByte(ch);
            sGen.Update(ch);

            ch = fIn.ReadByte();
        }

        fIn.Close();
        sGen.Generate().Encode(bOut);
        if (cGen != null)
        {
            cGen.Close();
        }
        
        _outStream.Close();
    }

]]></Source>
			</Method>
			<Method>
				<Name>ParseHashAlgorithm</Name>
				<Source><![CDATA[
    private static Org.BouncyCastle.Bcpg.HashAlgorithmTag ParseHashAlgorithm(str _hashAlgorithm)
    {
        switch (strUpr(_hashAlgorithm))
        {
            case 'SHA1':
                return Org.BouncyCastle.Bcpg.HashAlgorithmTag::Sha1;
            case 'MD2':
                return Org.BouncyCastle.Bcpg.HashAlgorithmTag::MD2;
            case 'MD5':
                return Org.BouncyCastle.Bcpg.HashAlgorithmTag::MD5;
            case 'RIPEMD160':
                return Org.BouncyCastle.Bcpg.HashAlgorithmTag::RipeMD160;
            case 'SHA256':
                return Org.BouncyCastle.Bcpg.HashAlgorithmTag::Sha256;
            case 'SHA384':
                return Org.BouncyCastle.Bcpg.HashAlgorithmTag::Sha384;
            case 'SHA512':
                return Org.BouncyCastle.Bcpg.HashAlgorithmTag::Sha512;
            case 'SHA224':
                return Org.BouncyCastle.Bcpg.HashAlgorithmTag::Sha224;
            case 'TIGER':
                return Org.BouncyCastle.Bcpg.HashAlgorithmTag::Tiger192;            
        }
        throw error(strFmt("@MCSBankPayments:HashAlgError", _hashAlgorithm));
    }

]]></Source>
			</Method>
			<Method>
				<Name>sign</Name>
				<Source><![CDATA[
    public static System.IO.Stream sign(System.IO.Stream _fileIn, System.IO.Stream _privateKeyStream, FileName _fileName, str _passPhrase = '')
    {
        System.String passphrase = _passPhrase;
        
        System.IO.MemoryStream outStream = new System.IO.MemoryStream();

        BinData binData = new BinData();
        BinData.setData(Binary::constructFromMemoryStream(_fileIn).getContainer());
        
        FileIOPermission fileIOPermission;
        fileIOPermission = new FileIOPermission('','r');
        str tmpFileName = WinAPIServer::getTempFileName();
        CodeAccessPermission::revertAssert();

        fileIOPermission = new FileIOPermission(tmpFileName,'w');
        fileIOPermission.assert();
        binData.saveFile(tmpFileName);
        CodeAccessPermission::revertAssert();

        MCSPGPFileSign pgpFileSign = new MCSPGPFileSign();

        pgpFileSign.signFile(_privateKeyStream, passphrase, outStream, tmpFileName, 'SHA1');
        
       
        fileIOPermission = new FileIOPermission(tmpFileName,'w');
        fileIOPermission.assert();
        WinAPIServer::deleteFile(tmpFileName);
        CodeAccessPermission::revertAssert();

        
        return outStream;
    }

]]></Source>
			</Method>
		</Methods>
	</SourceCode>
</AxClass>