<?xml version="1.0" encoding="utf-8"?>
<AxClass xmlns:i="http://www.w3.org/2001/XMLSchema-instance">
	<Name>MCSPrintMgmtReportRun_Extension</Name>
	<SourceCode>
		<Declaration><![CDATA[
[ExtensionOf(classStr(PrintMgmtReportRun))]
public final class MCSPrintMgmtReportRun_Extension
{
}
]]></Declaration>
		<Methods>
			<Method>
				<Name>execute</Name>
				<Source><![CDATA[
    public static void execute(PrintMgmtReportRun _reportRun)
    {
        SrsReportRunController      reportRunController = _reportRun.parmReportRunController();
        PrintMgmtPrintSettingDetail settingDetail = _reportRun.settingDetail();
        SrsReportDataContract       reportContract;

        void addToMap(Map _map, str _key, str _value)
        {
            if (_map.exists(_key))
            {
                _map.remove(_key);
            }
            _map.insert(_key,_value);
        }

        if (reportRunController)
        {
            reportContract = reportRunController.parmReportContract();
            SRSPrintDestinationSettings printSettings = settingDetail.parmPrintJobSettings();
            if (reportContract.parmRdpContract() && 
                printSettings.printMediumType() == SRSPrintMediumType::File ||
                printSettings.printMediumType() == SRSPrintMediumType::Email)
            {
                Object  contract = reportContract.parmRdpContract();
                Map     controllerParms = MCSEmailFieldsHelper::getContractPlaceholders(classIdGet(contract));
                MapEnumerator me = controllerParms.getEnumerator();
                Map  placeholderMap = new Map(Types::String,Types::String);
                Map  placeholderMapYMD = new Map(Types::String,Types::String);
                SysDictClass dClass = new SysDictClass(classIdGet(contract));
                while (me.moveNext())
                {
                    try
                    {
                        anytype  retVal = dClass.callObject(me.currentValue(), contract);
                        str key = me.currentKey();
                        key = subStr(key,2,strLen(key)-2); //remove % from front and end
                        

                        addToMap(placeholderMap,key, MCSSRSPrintDestinationTokensNone::formatStrValue(retVal));
                        addToMap(placeholderMapYMD,key, MCSSRSPrintDestinationTokensNone::formatStrValue(retVal));
                    }
                    catch
                    {
                        exceptionTextFallThrough();
                    }
                }
                str emailId = printSettings.emailId();
                printSettings.emailId('');
                printSettings.parmEmailContract().parmEmailId('');
                printSettings.parmEmailContract().parmBody(printSettings.emailBody());
                printSettings.parmEMailContract().parmSaveToQueue(printSettings.sendToQueue());
                printSettings.parmEMailContract().parmReportCategory(printSettings.reportCategory());
                MCSSRSPrintDestinationTokensNone::replaceCustomPlaceholders(printSettings,placeholderMap,placeholderMapYMD);
                printSettings.emailId(emailId);
                printSettings.parmEmailContract().parmEmailId(emailId);
            }
        }

        next execute(_reportRun);
    }

]]></Source>
			</Method>
		</Methods>
	</SourceCode>
</AxClass>