<?xml version="1.0" encoding="utf-8"?>
<AxClass xmlns:i="http://www.w3.org/2001/XMLSchema-instance">
	<Name>MCSSRSPrintDestinationSettings_Extension</Name>
	<SourceCode>
		<Declaration><![CDATA[
[ExtensionOf(classStr(SRSPrintDestinationSettings))]
public final class MCSSRSPrintDestinationSettings_Extension 
{
    private const int SRSCurrentPackVersion = 4;
    private const int SRSPackLen = 34;
    private const str mcsEmailFields = 'MCSEmailFields';
    
    private str emailBody;
    private str emailId;
    private boolean sendToQueue;
    private MCSSrsReportCategory reportCategory;
    
    #localmacro.currentList        
        emailBody,
        emailId,
        sendToQueue,
        reportCategory
    #endMacro

    
}
]]></Declaration>
		<Methods>
			<Method>
				<Name>emailBody</Name>
				<Source><![CDATA[
    public str emailBody(str _value = emailBody)
    {
        emailBody = _value;
        return emailBody;
    }

]]></Source>
			</Method>
			<Method>
				<Name>emailId</Name>
				<Source><![CDATA[
    public str emailId(str _value = emailId)
    {
        emailId = _value;
        return emailId;
    }

]]></Source>
			</Method>
			<Method>
				<Name>sendToQueue</Name>
				<Source><![CDATA[
    public boolean sendToQueue(boolean _value = sendToQueue)
    {
        sendToQueue = _value;
        return sendToQueue;
    }

]]></Source>
			</Method>
			<Method>
				<Name>reportCategory</Name>
				<Source><![CDATA[
    public MCSSrsReportCategory reportCategory(MCSSrsReportCategory _value = reportCategory)
    {
        reportCategory = _value;
        return reportCategory;
    }

]]></Source>
			</Method>
			<Method>
				<Name>pack</Name>
				<Source><![CDATA[
    public container pack()
    {
        container ret = next pack();

        container extraFields  = [#currentList];
        extraFields = [mcsEmailFields,extraFields];

        return ret + [extraFields];
    }

]]></Source>
			</Method>
			<Method>
				<Name>unpack</Name>
				<Source><![CDATA[
    public boolean unpack(container _pack)
    {
        boolean   ret = next unpack(_pack);
        
        if (ret)
        {
            if (_pack && typeOf(conPeek(_pack,conLen(_pack))) == Types::Container)
            {
                container extraFields = conPeek(_pack,conLen(_pack));
                if (conPeek(extraFields,1) == mcsEmailFields)
                {
                    [#currentList] = conPeek(extraFields,2);
                }
            }
            /*
            if (_pack && typeOf(conPeek(_pack, 1)) == Types::Integer)
            {
                int version;
                version = conPeek(_pack, 1);
                if (version == SRSCurrentPackVersion && conLen(_pack) == SRSPackLen)
                {
                    container extraFields = conPeek(_pack,SRSPackLen);
                    [#currentList] = extraFields;
                }
            } 
            */              
        }

        return ret;
    }

]]></Source>
			</Method>
			<Method>
				<Name>parmEMailContract</Name>
				<Source><![CDATA[
    public SrsReportEMailDataContract parmEMailContract(SrsReportEMailDataContract _emailContract)
    {
        SrsReportEMailDataContract ret = next parmEmailContract(_emailContract);

        if (!_emailContract)
        {
            ret.parmBody(this.emailBody());
            ret.parmEmailId(this.emailId());
            ret.parmSaveToQueue(this.sendToQueue());
            ret.parmReportCategory(this.reportCategory());
        }
        return ret;

    }

]]></Source>
			</Method>
		</Methods>
	</SourceCode>
</AxClass>