<?xml version="1.0" encoding="utf-8"?>
<AxClass xmlns:i="http://www.w3.org/2001/XMLSchema-instance">
	<Name>MCSSRSReportMailer</Name>
	<SourceCode>
		<Declaration><![CDATA[
class MCSSRSReportMailer
{

}
]]></Declaration>
		<Methods>
			<Method>
				<Name>sendReportToQueue</Name>
				<Source><![CDATA[
    public static void sendReportToQueue(SrsReportEMailDataContract emailContract, System.Byte[] reportBytes, str fileName)
    {
        MCSSRSReportMailer::sendMail(
            emailContract.parmEmailId(),
            emailContract.parmTo(),
            emailContract.parmSubject(),
            emailContract.parmBody(),
            fileName,
            reportBytes,
            emailContract.parmReportCategory());
    }

]]></Source>
			</Method>
			<Method>
				<Name>sendMail</Name>
				<Source><![CDATA[
    server static void sendMail(
        str             _emailId,
        str             _emailAddr,
        str             _subject,
        str             _message,
        Filename        _attachmentFilename = '',
        System.Byte[]   reportBytes = null,
        MCSSRSReportCategory    _reportCategory = '',
        UserId _userId = curUserId(),
        boolean _isWithRetries = false       
        )
    {
        container embeddedBinaryData;
        SysEmailTable table = SysEmailTable::find(_emailId);
        Filename filePath;
        Filename filename;
        Filename fileExtension;
        
        SysEmailItemId nextEmailItemId;
        
        UserInfo userInfo;
        select firstonly Name, NetworkAlias from userInfo where userInfo.Id == _userId;
        
        int i = 1;
        BinData binData;

        SysOutgoingEmailTable outgoingEmailTable;
        SysOutgoingEmailData outgoingEmailData;
        
        ttsbegin;

        nextEmailItemId = EventInbox::nextEventId();

        outgoingEmailTable.EmailItemId = nextEmailItemId;
        outgoingEmailTable.TemplateId = _emailId;
        outgoingEmailTable.IsSystemEmail = NoYes::No;

        outgoingEmailTable.Sender = table.SenderAddr ? table.SenderAddr : MCSSRSReportMailer::buildFromEmailAddress();
        outgoingEmailTable.SenderName = table.SenderName ? table.SenderName : userInfo.name;
        outgoingEmailTable.Recipient = _emailAddr;
        outgoingEmailTable.Origin = table.Description;

        outgoingEmailTable.Subject = _subject;
        outgoingEmailTable.Priority = table.Priority;
        outgoingEmailTable.WithRetries = _isWithRetries;
        outgoingEmailTable.RetryNum = 0;
        outgoingEmailTable.UserId = _userId;
        outgoingEmailTable.Status = SysEmailStatus::Unsent;
        outgoingEmailTable.Message = _message;
        outgoingEmailTable.MCSSRSReportCategory = _reportCategory;

        //BP Deviation Documented
        if (reportBytes && reportBytes.Length > 0)
        {
            binData = new BinData();
            //BP Deviation Documented
            embeddedBinaryData =  BinData::loadFromBase64(System.Convert::ToBase64String(reportBytes));

            outgoingEmailData.EmailItemId = nextEmailItemId;
            outgoingEmailData.DataId = i;
            outgoingEmailData.EmailDataType = SysEmailDataType::Attachment;
            outgoingEmailData.Data = embeddedBinaryData;
                    
            [filePath, filename, fileExtension] = Global::fileNameSplit(_attachmentFilename);
            outgoingEmailData.FileName = filename;
            outgoingEmailData.FileExtension = fileExtension;

            outgoingEmailData.insert();
        }
        
        outgoingEmailTable.LatestStatusChangeDateTime = DateTimeUtil::getSystemDateTime();
        outgoingEmailTable.insert();

        ttscommit;                        
    }

]]></Source>
			</Method>
			<Method>
				<Name>buildFromEmailAddress</Name>
				<Source><![CDATA[
    private static str buildFromEmailAddress()
    {
        UserInfo userInfo;
        SysUserInfo sysUserInfo = SysUserInfo::find(curuserid());
        // try to get it from SysUserInfo
        str value = strrtrim(strltrim(sysUserInfo.emailDisplay()));

        if (strlen(value) == 0)
        {
            select firstonly Id, NetworkAlias from userInfo where userInfo.Id == curuserid();
            if (strlen(userInfo.NetworkAlias) > 0)
            {
                value = userInfo.networkAlias;
                if (!strContains(userInfo.networkAlias, '@') && strLen(userInfo.networkDomain) > 0)
                {
                    value += '@' + userInfo.networkDomain;
                }
            }
        }

        return value;
    }

]]></Source>
			</Method>
			<Method>
				<Name>SRSPrintDestinationSettingsDelegates_toSendEmail</Name>
				<Source><![CDATA[
    [SubscribesTo(classStr(SRSPrintDestinationSettingsDelegates), delegateStr(SRSPrintDestinationSettingsDelegates, toSendEmail))]
    public static void SRSPrintDestinationSettingsDelegates_toSendEmail(System.Byte[] reportBytes, SrsReportRunPrinter printer, SrsReportDataContract dataContract, Microsoft.Dynamics.AX.Framework.Reporting.Shared.ReportingService.ParameterValue[] paramArray, EventHandlerResult result)
    {
        boolean sendEmail = true;
        SrsReportEMailDataContract  emailContract = datacontract.parmPrintSettings().parmEMailContract();

        if (reportBytes && reportBytes.Length > 0 &&
            emailContract.parmSaveToQueue())
        {
            SRSReportFileFormat fileFormat = emailContract.parmAttachmentFileFormat();
            SRSImageFileFormat imageFormat = emailContract.parmAttachmentImageFileFormat();
            str fileName = MCSSRSReportMailer::getAttachmentName(fileFormat,ImageFormat,datacontract);
            MCSSRSReportMailer::sendReportToQueue(emailContract,reportBytes,fileName);
            sendEmail = false;
            info("@MCSReportsEmailing:ReportSavedToQueue");
        }
        result.result(sendEmail);
    }

]]></Source>
			</Method>
			<Method>
				<Name>getAttachmentName</Name>
				<Source><![CDATA[
    private static str getAttachmentName(SRSReportFileFormat _fileFormat, SRSImageFileFormat _imageFormat, SrsReportDataContract _reportContract )
    {
        str value;

        value = _reportContract.parmPrintSettings().parmFileName();
        if (!value)
        {
            value = _reportContract.parmReportCaption();

            if (!value)
            {
                value = _reportContract.parmReportName();
            }

            // Add the file extension
            value += SRSPrintDestinationSettings::findFileNameType(_fileFormat, _imageFormat);
        }
        else
        {
            str    actualFileName, fileExtension, actualFilePath;
 
            [actualFilePath,actualFileName, fileExtension]   =  fileNameSplit(value);

            if(!fileExtension)
            {
                // Add the file extension
                value += SRSPrintDestinationSettings::findFileNameType(_fileFormat, _imageFormat);
            }
           
        }

        

        return value;
    }

]]></Source>
			</Method>
		</Methods>
	</SourceCode>
</AxClass>