<?xml version="1.0" encoding="utf-8"?>
<AxClass xmlns:i="http://www.w3.org/2001/XMLSchema-instance">
	<Name>MCSSRSPrintDestinationTokensNone</Name>
	<SourceCode>
		<Declaration><![CDATA[
[SrsPrintDestinationTokensExtAttribute('MCSNone')]
class MCSSRSPrintDestinationTokensNone extends SrsPrintDestinationTokensNone
{
    #define.Message('message')
    Map recordsFieldsMap;
    Map recordsFieldsMapYMD;

}
]]></Declaration>
		<Methods>
			<Method>
				<Name>initEmailMap</Name>
				<Source><![CDATA[
    static Map initEmailMap()
    {
        Map ret;
        ret = new  Map(Types::String, Types::String);
        ret.insert('CompanyId', curExt());
        ret.insert('PrintDateYMD', MCSSRSPrintDestinationTokensNone::formatStrValue(DateTimeUtil::getToday(DateTimeUtil::getUserPreferredTimeZone()),true));
        ret.insert('PrintDateDMY',date2Str(DateTimeUtil::getToday(DateTimeUtil::getUserPreferredTimeZone()),123,DateDay::Digits2,DateSeparator::None,DateMonth::Digits2,DateSeparator::None,DateYear::Digits4));
        ret.insert('PrintTime',strRem(time2str(DateTimeUtil::time(DateTimeUtil::applyTimeZoneOffset(DateTimeUtil::utcNow(), DateTimeUtil::getUserPreferredTimeZone())),TimeSeparator::Space,TimeFormat::Hour24),' '));
        ret.insert('Entity',CompanyInfo::find().name());
        ret.insert(#message,'');
        return ret;
    }

]]></Source>
			</Method>
			<Method>
				<Name>getEmailTemplate</Name>
				<Source><![CDATA[
    public static container getEmailTemplate(SysEmailId _emailId, LanguageId _languageId = CompanyInfo::find().LanguageId)
    {
        var messageTable = SysEmailMessageTable::find(_emailId, _languageId);
        var emailTable = SysEmailTable::find(_emailId);
        if (!messageTable && emailTable)
        {
            // Try to find the email message using the default language from the email parameters
            messageTable = SysEmailMessageTable::find(_emailId, emailTable.DefaultLanguage);
        }


        if (messageTable)
        {
            return [messageTable.Subject, messageTable.Mail, emailTable.SenderAddr, emailTable.SenderName];
        }
        else
        {
            warning("@SYS135886"); // Let the user know we didn't find a template
            return ['', '', emailTable.SenderAddr, emailTable.SenderName];
        }
    }

]]></Source>
			</Method>
			<Method>
				<Name>formatStrValue</Name>
				<Source><![CDATA[
    public static str formatStrValue(anytype _value, boolean _ymd = false)
    {
        str value;
        int64 longValue;
        real realValue;
        date dateValue;
        utcdatetime  dateTimevalue;
        int     timevalue;
        //SysDictEnum sysDictEnum;

        switch (typeOf(_value))
        {
            case Types::String:
            case Types::RString:
            case Types::VarString:
                value = _value;
                break;
            case Types::Integer:
                longValue = _value;
                value = CLRInterop::getAnyTypeForObject(Microsoft.Dynamics.AX.Framework.Workflow.Runtime.CultureHelper::ToString(longValue, infolog.language()));
                break;
            case Types::Int64:
                longValue = _value;
                value = CLRInterop::getAnyTypeForObject(Microsoft.Dynamics.AX.Framework.Workflow.Runtime.CultureHelper::ToString(longValue, infolog.language()));
                break;
            case Types::Real:
                realValue = _value;
                value = CLRInterop::getAnyTypeForObject(Microsoft.Dynamics.AX.Framework.Workflow.Runtime.CultureHelper::ToString(realValue, infolog.language()));
                break;
            case Types::Enum:
                value = strFmt('%1',_value);
                break;
            case Types::Date:
                dateValue = _value;
                if (_ymd)
                {
                    value = date2Str(dateValue,321,DateDay::Digits2,DateSeparator::None,DateMonth::Digits2,DateSeparator::None,DateYear::Digits4);
                }
                else
                {
                    dateTimeValue = DateTimeUtil::newDateTime(dateValue, 0);
                    value = CLRInterop::getAnyTypeForObject(Microsoft.Dynamics.AX.Framework.Workflow.Runtime.CultureHelper::DateToString(MCSEmailFieldsHelper::getDateTime(dateTimeValue), infolog.language()));
                }
                break;
            case Types::Time:
                timeValue = _value;
                if (_ymd)
                {
                    value = strRem(time2str(timeValue,TimeSeparator::Space,TimeFormat::Hour24),' ');
                }
                else
                {
                    dateTimeValue = DateTimeUtil::newDateTime(dateNull(), timeValue);
                    value = CLRInterop::getAnyTypeForObject(Microsoft.Dynamics.AX.Framework.Workflow.Runtime.CultureHelper::TimeToString(MCSEmailFieldsHelper::getDateTime(dateTimeValue), infolog.language()));
                }
                break;
            case Types::UtcDateTime:
                dateTimeValue = _value;
                dateTimeValue = DateTimeUtil::applyTimeZoneOffset(dateTimeValue, DateTimeUtil::getUserPreferredTimeZone());
                value = CLRInterop::getAnyTypeForObject(Microsoft.Dynamics.AX.Framework.Workflow.Runtime.CultureHelper::ToString(MCSEmailFieldsHelper::getDateTime(dateTimeValue), infolog.language()));
                break;
            case Types::Guid:
                value = '';
                break;
            default:
                value = '';
        }
        return value;
    }

]]></Source>
			</Method>
			<Method>
				<Name>initRecordsFieldMap</Name>
				<Source><![CDATA[
    private void initRecordsFieldMap()
    {
        recordsFieldsMap = MCSSRSPrintDestinationTokensNone::initEmailMap();
        recordsFieldsMapYMD = Map::create(recordsFieldsMap.pack());
    }

]]></Source>
			</Method>
			<Method>
				<Name>replace</Name>
				<Source><![CDATA[
    public void replace(SRSPrintDestinationSettings _settings)
    {
        this.initRecordsFieldMap();
        
        super(_settings);
        
        MCSSRSPrintDestinationTokensNone::replaceCustomPlaceholders(_settings,recordsFieldsMap,recordsFieldsMapYMD);

        SrsReportEMailDataContract emailContract = _settings.parmEMailContract();
        _settings.emailBody(emailContract.parmBody());
        _settings.emailId(emailContract.parmEmailId());
    }

]]></Source>
			</Method>
			<Method>
				<Name>addToMap</Name>
				<Source><![CDATA[
    private void addToMap(str _key, str _value)
    {
        if (recordsFieldsMap.exists(_key))
        {
            recordsFieldsMap.remove(_key);
        }
        recordsFieldsMap.insert(_key,_value);
    }

]]></Source>
			</Method>
			<Method>
				<Name>addToMapYMD</Name>
				<Source><![CDATA[
    private void addToMapYMD(str _key, str _value)
    {
        if (recordsFieldsMapYMD.exists(_key))
        {
            recordsFieldsMapYMD.remove(_key);
        }
        recordsFieldsMapYMD.insert(_key,_value);
    }

]]></Source>
			</Method>
			<Method>
				<Name>replaceCustomPlaceholders</Name>
				<Source><![CDATA[
    public static void replaceCustomPlaceholders(SRSPrintDestinationSettings _settings,Map _recordsFieldsMap, Map _recordsFieldsMapYMD, LanguageId _languageId = CompanyInfo::find().LanguageId)
    {
        void addToMap(str _key, str _value)
        {
            if (_recordsFieldsMap.exists(_key))
            {
                _recordsFieldsMap.remove(_key);
            }
            _recordsFieldsMap.insert(_key,_value);
        }

        switch(_settings.printMediumType())
        {
            case SRSPrintMediumType::Email:
                _settings.emailSubject(SysEmailMessage::stringExpand(_settings.emailSubject(), SysEmailTable::htmlEncodeParameters(_recordsFieldsMap)));
                _settings.parmEMailContract().parmSubject(_settings.emailSubject());
                if (_settings.parmEMailContract())
                {
                    SRSreportEmailDataContract emailContract = _settings.parmEMailContract() as SRSreportEmailDataContract;
                    ccMailBody  msgBody = emailContract.parmBody();
                    msgBody = SysEmailMessage::stringExpand(msgBody, _recordsFieldsMap);
                    SysEmailId emailId = _settings.parmEMailContract().parmEmailId();
                    
                    addToMap(#message,msgBody);
                    
                    if (emailId && SysEmailTable::find(emailId))
                    {                        
                        str emailSenderName;
                        str emailSenderAddr;
                        str emailSubject;
                        str emailBody;

                        if (emailId)
                        {
                            [emailSubject, emailBody, emailSenderAddr, emailSenderName] = MCSSRSPrintDestinationTokensNone::getEmailTemplate(emailId, _languageId);
                            if (emailSubject)
                            {
                                _settings.emailSubject(SysEmailMessage::stringExpand(emailSubject, _recordsFieldsMap));
                            }
                            emailBody = SysEmailMessage::stringExpand(emailBody, _recordsFieldsMap);
                            emailContract.parmBody(emailBody);
                        }
                    }                    
                    else
                    {
                        _settings.parmEMailContract().parmBody(SysEmailMessage::stringExpand(msgBody, _recordsFieldsMap));
                    }
                }
                else
                {
                    _settings.parmEMailContract().parmBody(SysEmailMessage::stringExpand(_settings.emailSubject(), _recordsFieldsMap));
                }
                
                _settings.fileName(SysEmailMessage::stringExpand(_settings.fileName(), SysEmailTable::htmlEncodeParameters(_recordsFieldsMapYMD)));
                
                break;
            case SRSPrintMediumType::File:
                _settings.fileName(SysEmailMessage::stringExpand(_settings.fileName(), SysEmailTable::htmlEncodeParameters(_recordsFieldsMapYMD)));
                break;
            case SRSPrintMediumType::Printer:
                break;
        }

    }

]]></Source>
			</Method>
			<Method>
				<Name>SrsPrintDestinationTokens_Pre_constructByTokenType</Name>
				<Source><![CDATA[
    [PreHandlerFor(classStr(SrsPrintDestinationTokens), staticMethodStr(SrsPrintDestinationTokens, constructByTokenType))]
    public static void SrsPrintDestinationTokens_Pre_constructByTokenType(XppPrePostArgs args)
    {
        SrsPrintDestinationTokenType tokenType = args.getArg(identifierStr(_tokenType));
        if (tokenType && tokenType == 'None')
        {
            args.setArg(identifierStr(_tokenType),'MCSNone');
        }
    }

]]></Source>
			</Method>
		</Methods>
	</SourceCode>
</AxClass>