<?xml version="1.0" encoding="utf-8"?>
<AxClass xmlns:i="http://www.w3.org/2001/XMLSchema-instance">
	<Name>MCSSysnInetHTMLEditorRnr_Extension</Name>
	<SourceCode>
		<Declaration><![CDATA[
[ExtensionOf(formStr(SysInetHTMLEditorRnr))]
public final class MCSSysnInetHTMLEditorRnr_Extension
{
}
]]></Declaration>
		<Methods>
			<Method>
				<Name>init</Name>
				<Source><![CDATA[
    public void init()
    {
        next init();

        HTMLEditor  editor = this.HTMLEditor;
        editor.visible(true);
        editor.allowEdit(true);

        FormCommandButtonControl okBtn = this.control(this.controlId(formControlStr(SysInetHTMLEditorRnr,OKButton)));
        if (okBtn)
        {
            okBtn.registerOverrideMethod(methodStr(FormCommandButtonControl,clicked),methodStr(MCSSysnInetHTMLEditorRnr_Extension,okBtnClicked));
        }
    }

]]></Source>
			</Method>
			<Method>
				<Name>okBtnClicked</Name>
				<Source><![CDATA[
    public void okBtnClicked(FormCommandButtonControl _sender)
    {
        HTMLEditor editor = this.HTMLEditor;
        this.parmHTMLContent(editor.parmHTMLContent());
        _sender.clicked();
    }

]]></Source>
			</Method>
		</Methods>
	</SourceCode>
</AxClass>