<?xml version="1.0" encoding="utf-8"?>
<AxClass xmlns:i="http://www.w3.org/2001/XMLSchema-instance">
	<Name>MCSSysOutgoingEmailTable_Extension</Name>
	<SourceCode>
		<Declaration><![CDATA[
[ExtensionOf(tableStr(SysOutgoingEmailTable))]
public final class MCSSysOutgoingEmailTable_Extension
{


}
]]></Declaration>
		<Methods>
			<Method>
				<Name>attachmentFile</Name>
				<Source><![CDATA[
    [SysClientCacheDataMethod(false)]
    public display MCSAttachmentFile attachmentFile()
    {
        SysOutgoingEmailData    emailData;

        select firstonly Filename, FileExtension from emailData 
            where emailData.EmailItemId == this.EmailItemId &&
            emailData.EmailDataType == SysEmailDataType::Attachment;

        return emailData.FileName + emailData.FileExtension;
    }

]]></Source>
			</Method>
		</Methods>
	</SourceCode>
</AxClass>