<?xml version="1.0" encoding="utf-8"?>
<AxClass xmlns:i="http://www.w3.org/2001/XMLSchema-instance">
	<Name>MCSSRSPrintDestinationSettingForm_Extension</Name>
	<SourceCode>
		<Declaration><![CDATA[
[ExtensionOf(formStr(SRSPrintDestinationSettingsForm))]
public final class MCSSRSPrintDestinationSettingForm_Extension
{

    
    
}
]]></Declaration>
		<Methods>
			<Method>
				<Name>init</Name>
				<Source><![CDATA[
    public void init()
    {
        next init();   

        SRSPrintDestinationSettings callerSettings = this.args().caller() as SRSPrintDestinationSettings;
        if (callerSettings)
        {
            var editor = this.MCSMailBody as HTMLEditor;
            editor.parmHTMLContent(callerSettings.emailBody());
            MCSEmailTemplateId.text(callerSettings.emailId());   
            MCSSendToEmailQueueBox.checked(callerSettings.sendToQueue());
            MCSSRSReportCategoryBox.text(callerSettings.reportCategory());
        }

        this.setMaps();
        this.registerOverrideMethods();   
     
        this.design().dialogSize(DialogSize::Large);     
    }

]]></Source>
			</Method>
			<Method>
				<Name>registerOverrideMethods</Name>
				<Source><![CDATA[
    protected void registerOverrideMethods()
    {
        MCSAddToFileButton.registerOverrideMethod(methodStr(FormButtonControl,clicked),methodStr(MCSSRSPrintDestinationSettingForm_Extension,MCSAddToFileButton_clicked),this);
        MCSAddToSubjectButton.registerOverrideMethod(methodStr(FormButtonControl,clicked),methodStr(MCSSRSPrintDestinationSettingForm_Extension,MCSAddToSubjectButton_clicked),this);
        MCSAddToMessageButton.registerOverrideMethod(methodStr(FormButtonControl,clicked),methodStr(MCSSRSPrintDestinationSettingForm_Extension,MCSAddToMessageButton_clicked),this);
        MCSFileListBox.registerOverrideMethod(methodStr(FormListBoxControl,selectionChange), methodStr(MCSSRSPrintDestinationSettingForm_Extension,MCSFileListBox_selectionChange),this);
        MCSEmailListBox.registerOverrideMethod(methodStr(FormListBoxControl,selectionChange), methodStr(MCSSRSPrintDestinationSettingForm_Extension,MCSEmailListBox_selectionChange),this);        
        MCSSendToEmailQueueBox.registerOverrideMethod(methodStr(FormCheckBoxControl,modified), methodStr(MCSSRSPrintDestinationSettingForm_Extension,MCSSendToEmailQueueBox_modified),this);
    }

]]></Source>
			</Method>
			<Method>
				<Name>closeOk</Name>
				<Source><![CDATA[
    public void closeOk() 
    {
        next closeOk();
        var editor = this.MCSMailBody as HTMLEditor;
        
        SRSPrintDestinationSettings settings =  this.args().caller() as SRSPrintDestinationSettings;
        settings.emailBody(editor.parmHTMLContent());
        settings.emailId(MCSEmailTemplateId.text());
        settings.sendToQueue(MCSSendToEmailQueueBox.checked());
        settings.reportCategory(MCSSRSReportCategoryBox.text());
        
        SRSreportEmailDataContract emailContract = settings.parmEmailContract();
        if (emailContract)
        {
            emailContract.parmBody(editor.parmHTMLContent());
            emailContract.parmEmailId(MCSEmailTemplateId.text());
            emailContract.parmSaveToQueue(MCSSendToEmailQueueBox.checked());
            emailContract.parmReportCategory(MCSSRSReportCategoryBox.text());
        
            settings.parmEMailContract(emailContract);
        }        
    }

]]></Source>
			</Method>
			<Method>
				<Name>changeTarget</Name>
				<Source><![CDATA[
    public void changeTarget(SRSPrintMediumType _printMediumType)
    {
        next changeTarget(_printMediumType);

        if (_printMediumType == SRSPrintMediumType::Email)
        {
            this.enableDisableCC();
        }

    }

]]></Source>
			</Method>
			<Method>
				<Name>MCSAddToFileButton_clicked</Name>
				<Source><![CDATA[
    public void MCSAddToFileButton_clicked(FormControl _sender)
    {
        this.addFieldToFile();
    }

]]></Source>
			</Method>
			<Method>
				<Name>MCSAddToSubjectButton_clicked</Name>
				<Source><![CDATA[
    public void MCSAddToSubjectButton_clicked(FormControl _sender)
    {
        this.addFieldToSubject();
    }

]]></Source>
			</Method>
			<Method>
				<Name>MCSAddToMessageButton_clicked</Name>
				<Source><![CDATA[
    public void MCSAddToMessageButton_clicked(FormControl _sender)
    {
        this.addFieldToMessage();
    }

]]></Source>
			</Method>
			<Method>
				<Name>MCSFileListBox_selectionChange</Name>
				<Source><![CDATA[
    public int MCSFileListBox_selectionChange(FormListBoxControl _sender)
    {
        int ret;        
        this.setFileButtonAccess();        
        return ret;
    }

]]></Source>
			</Method>
			<Method>
				<Name>MCSEmailListBox_selectionChange</Name>
				<Source><![CDATA[
    public int MCSEmailListBox_selectionChange(FormListBoxControl _sender)
    {
        int ret;
        this.setEmailButtonAccess();
        return ret;
    }

]]></Source>
			</Method>
			<Method>
				<Name>MCSSendToEmailQueueBox_modified</Name>
				<Source><![CDATA[
    public boolean MCSSendToEmailQueueBox_modified(FormCheckBoxControl _sender)
    {
        this.enableDisableCC();
        return true;
    }

]]></Source>
			</Method>
			<Method>
				<Name>enableDisableCC</Name>
				<Source><![CDATA[
    private void enableDisableCC()
    {
        FormGroupControl ccGroup = this.control(this.controlId(formControlStr(SRSPrintDestinationSettingsForm,MailCCGroup)));
        
        if (ccGroup)
        {
            boolean isChecked = MCSSendToEmailQueueBox.checked();
            ccGroup.enabled(!isChecked);
        }
    }

]]></Source>
			</Method>
			<Method>
				<Name>addFieldToFile</Name>
				<Source><![CDATA[
    public void addFieldToFile()
    {
        str fText = FileName.text(); 

        fText += strFmt('%1',MCSFileListBox.getText(MCSFileListBox.selection()));
        FileName.text(fText);
    }

]]></Source>
			</Method>
			<Method>
				<Name>addFieldToSubject</Name>
				<Source><![CDATA[
    public void addFieldToSubject()
    {
        str fText = MailSubject.text();

        fText += strFmt('%1',MCSEmailListBox.getText(MCSEmailListBox.selection()));
        MailSubject.text(fText);
    }

]]></Source>
			</Method>
			<Method>
				<Name>addFieldToMessage</Name>
				<Source><![CDATA[
    public void addFieldToMessage()
    {
        var  editor = this.MCSMailBody as HTMLEditor;
        str fText = editor.parmHtmlContent();

        fText += strFmt('%1',MCSEmailListBox.getText(MCSEmailListBox.selection()));
        editor.parmHtmlContent(fText);
    }

]]></Source>
			</Method>
			<Method>
				<Name>setFileButtonAccess</Name>
				<Source><![CDATA[
    public void setFileButtonAccess()
    {
        str placeholder = MCSEmailListBox.getText(MCSFileListBox.selection());
        MCSAddToFileButton.enabled(this.isValidPlaceholder(placeholder));
    }

]]></Source>
			</Method>
			<Method>
				<Name>setEmailButtonAccess</Name>
				<Source><![CDATA[
    public void setEmailButtonAccess()
    {
        str placeholder = MCSEmailListBox.getText(MCSEmailListBox.selection());
        MCSAddToSubjectButton.enabled(this.isValidPlaceholder(placeholder));
        MCSAddToMessageButton.enabled(MCSAddToSubjectButton.enabled());
    }

]]></Source>
			</Method>
			<Method>
				<Name>isValidPlaceholder</Name>
				<Source><![CDATA[
    protected boolean isValidPlaceholder(str _placeholder)
    {
        return strStartsWith(_placeholder,'%');
    }

]]></Source>
			</Method>
			<Method>
				<Name>setMaps</Name>
				<Source><![CDATA[
    protected void setMaps()
    {
        void addToMaps(ListEnumerator _le)
        {
            if (_le)
            {
                while (_le.moveNext())
                {
                    MCSFileListBox.Add(_le.current());
                    MCSEmailListBox.Add(_le.current());
                }
            }
        }


        Map map = MCSSRSPrintDestinationTokensNone::initEmailMap();
        MapEnumerator me = map.getEnumerator();
        while (me.moveNext())
        {
            str tmp = strFmt('%%1%',me.currentKey());
            MCSFileListBox.Add(tmp);            
            MCSEmailListBox.Add(tmp);
        }

        ListEnumerator tableFieldsEnum;
        ListEnumerator reportParams;
        if (this.args().parm())
        {
            tableFieldsEnum = MCSEmailFieldsHelper::getTableFieldPlaceholders(MCSEmailFieldsHelper::getComdocJourTableId(MCSEmailFieldsHelper::getDocTypeFromParm(this.args().parm()))).getEnumerator();
            reportParams = MCSEmailFieldsHelper::mapKeysToList(MCSEmailFieldsHelper::getContractPlaceholders(MCSEmailFieldsHelper::getContractForDocType(MCSEmailFieldsHelper::getDocTypeFromParm(this.args().parm())))).getEnumerator();
        } 
        else if (this.args().parmObject() && this.args().parmObject() is SrsPrintMgmtController)
        {
            tableFieldsEnum = MCSEmailFieldsHelper::addTableFieldsForTable(MCSEmailFieldsHelper::getComDocJourTableFromController(this.args().parmObject())).getEnumerator();
            reportParams = MCSEmailFieldsHelper::getControllerPlaceholers(this.args().parmObject()).getEnumerator();
        }

        addToMaps(tableFieldsEnum);        
        addToMaps(reportParams);
    }

]]></Source>
			</Method>
		</Methods>
	</SourceCode>
</AxClass>