<?xml version="1.0" encoding="utf-8"?>
<AxClass xmlns:i="http://www.w3.org/2001/XMLSchema-instance">
	<Name>MCSSRSreportEmailDataContract_extension</Name>
	<SourceCode>
		<Declaration><![CDATA[
[ExtensionOf(classStr(SrsReportEMailDataContract))]
public final class MCSSRSreportEmailDataContract_extension
{
    #define.version(2)

    private  SysEmailId  emailId;
    public IdentifierName  designName;
    public boolean saveToQueue;
    public MCSSrsReportCategory reportCategory;

    #localmacro.currentList
        version,
        emailBody,        
        emailId,
        saveToQueue,
        reportCategory
    #endmacro

    
}
]]></Declaration>
		<Methods>
			<Method>
				<Name>parmEmailId</Name>
				<Source><![CDATA[
    SysEmailId parmEmailId(SysEmailId _emailId = emailId)
    {
        emailId = _emailId;
        return emailId;
    }

]]></Source>
			</Method>
			<Method>
				<Name>parmSaveToQueue</Name>
				<Source><![CDATA[
    boolean parmSaveToQueue(boolean _saveToQueue = saveToQueue)
    {
        saveToQueue = _saveToQueue;
        return saveToQueue;
    }

]]></Source>
			</Method>
			<Method>
				<Name>parmReportCategory</Name>
				<Source><![CDATA[
    MCSSrsReportCategory parmReportCategory(MCSSrsReportCategory _reportCategory = reportCategory)
    {
        reportCategory = _reportCategory;
        return reportCategory;
    }

]]></Source>
			</Method>
			<Method>
				<Name>pack</Name>
				<Source><![CDATA[
    public container pack()
    {
        int       version           = #version;        

        return [#currentList];
    }

]]></Source>
			</Method>
			<Method>
				<Name>unpack</Name>
				<Source><![CDATA[
    public boolean unpack(container _pack)
    {
        boolean   ret;
        int       version;
        
        if (typeOf(conPeek(_pack, 1)) == Types::Integer)
        {
            version = conPeek(_pack, 1);

            if (version == #version)
            {
                [#currentList] = _pack;
                ret = true;
            }
        }
        return ret;
    }

]]></Source>
			</Method>
			<Method>
				<Name>lastValueDataAreaId</Name>
				<Source><![CDATA[
    public dataAreaId lastValueDataAreaId()
    {
        return curext();
    }

]]></Source>
			</Method>
			<Method>
				<Name>lastValueDesignName</Name>
				<Source><![CDATA[
    public identifierName lastValueDesignName()
    {
        return designName;
    }

]]></Source>
			</Method>
			<Method>
				<Name>lastValueElementName</Name>
				<Source><![CDATA[
    public identifierName lastValueElementName()
    {
        return classId2Name(classIdGet(this));
    }

]]></Source>
			</Method>
			<Method>
				<Name>lastValueType</Name>
				<Source><![CDATA[
    public UtilElementType lastValueType()
    {
        return UtilElementType::Class;
    }

]]></Source>
			</Method>
			<Method>
				<Name>lastValueUserId</Name>
				<Source><![CDATA[
    public userId lastValueUserId()
    {
        return curUserId();
    }

]]></Source>
			</Method>
			<Method>
				<Name>initParmDefault</Name>
				<Source><![CDATA[
    public void initParmDefault()
    {

    }

]]></Source>
			</Method>
			<Method>
				<Name>saveLast</Name>
				<Source><![CDATA[
    public void saveLast(IdentifierName _reportName)
    {
        designName = _reportName;
        xSysLastValue::saveLast(this);
    }

]]></Source>
			</Method>
			<Method>
				<Name>getLast</Name>
				<Source><![CDATA[
    public void getLast(IdentifierName _reportName)
    {
        designName = _reportName;
        xSysLastValue::getLast(this);
    }

]]></Source>
			</Method>
		</Methods>
	</SourceCode>
</AxClass>