<?xml version="1.0" encoding="utf-8"?>
<AxClass xmlns:i="http://www.w3.org/2001/XMLSchema-instance">
	<Name>MCSSRSReportRunController_Extension</Name>
	<SourceCode>
		<Declaration><![CDATA[
[ExtensionOf(classStr(SrsReportRunController))]
public final class MCSSRSReportRunController_Extension 
{
    

    

}
]]></Declaration>
		<Methods>
			<Method>
				<Name>pack</Name>
				<Source><![CDATA[
    public container pack()
    {
        container ret = next pack();

        if (this.parmReportContract() && this.parmReportContract().parmPrintSettings())
        {
            SRSPrintDestinationSettings printSettingsLocal = this.parmReportContract().parmPrintSettings();
            SrsReportEMailDataContract emailContract = printSettingsLocal.parmEmailContract();

            emailContract.saveLast(this.parmReportName());
        }

        return ret;
    }

]]></Source>
			</Method>
			<Method>
				<Name>unpackEmailContract</Name>
				<Source><![CDATA[
    private void unpackEmailContract()
    {
        if (reportContract && reportContract.parmPrintSettings())
        {
            SRSPrintDestinationSettings printSettingsLocal = reportContract.parmPrintSettings();
            SrsReportEMailDataContract emailContract = printSettingsLocal.parmEmailContract();

            emailContract.getLast(this.parmReportName());

            printSettingsLocal.emailId(emailContract.parmEmailId());
            printSettingsLocal.emailBody(emailContract.parmBody());
            printSettingsLocal.sendToQueue(emailContract.parmSaveToQueue());
            printSettingsLocal.reportCategory(emailContract.parmReportCategory());
            reportContract.parmPrintSettings(printSettingsLocal);
        }
    }

]]></Source>
			</Method>
			<Method>
				<Name>unpack</Name>
				<Source><![CDATA[
    public boolean unpack(container packedState)
    {
        boolean ret = next unpack(packedState);       

        this.unpackEmailContract();

        return ret;        
    }

]]></Source>
			</Method>
		</Methods>
	</SourceCode>
</AxClass>