<?xml version="1.0" encoding="utf-8"?>
<AxClass xmlns:i="http://www.w3.org/2001/XMLSchema-instance">
	<Name>MCSSRSReportRunUtil_Extension</Name>
	<SourceCode>
		<Declaration><![CDATA[
[ExtensionOf(classStr(SrsReportRunUtil))]
public final class MCSSRSReportRunUtil_Extension
{
}
]]></Declaration>
		<Methods>
			<Method>
				<Name>showSettingsDialog</Name>
				<Source><![CDATA[
    public static boolean showSettingsDialog(SRSPrintDestinationSettings _settings, SrsPrintDestinationTokenType _tokenType, str _additionalParams)
    {
        #PrintMgmtSetup
        SrsPrintDestinationTokenType    tokenType = _tokenType;
        str additionalParams = _additionalParams;

        if (SrsReportRunUtil::isCalledFrom(classStr(BankPaymAdviceVendControllerV2)))
        {            
            tokenType = #SRSPrintDestinationTokenPrintMgmt;
            additionalParams = enum2Symbol(enumNum(PrintMgmtDocumentType), enum2int(PrintMgmtDocumentType::VendPaymAdvice));
        }

        boolean ret = next showSettingsDialog(_settings, tokenType, additionalParams);

        return ret;

    }

]]></Source>
			</Method>
			<Method>
				<Name>isCalledFrom</Name>
				<Source><![CDATA[
    public static boolean isCalledFrom(str _callingElementName)
    {
        container callstack = xSession::xppCallStack();
        boolean ret;
        for (int i = conLen(callstack) - 1; i > 1 ; i -=2)
        {
            str entry = conPeek(callstack,i);
        
            ret = strScan(entry, _callingElementName,1, strLen(entry)) > 0;
            if (ret)
            {
                break;
            }
                
        }
        return ret;
    }

]]></Source>
			</Method>
		</Methods>
	</SourceCode>
</AxClass>