<?xml version="1.0" encoding="utf-8"?>
<AxClass xmlns:i="http://www.w3.org/2001/XMLSchema-instance">
	<Name>MCSSysOutgoingEmailMessage_Extension</Name>
	<SourceCode>
		<Declaration><![CDATA[
[ExtensionOf(formStr(SysOutgoingEmailMessage))]
public final class MCSSysOutgoingEmailMessage_Extension
{
}
]]></Declaration>
		<Methods>
			<Method>
				<Name>init</Name>
				<Source><![CDATA[
    public void init()
    {
        next init();
        
        MCSAttachmentBox.text(this.outgoingEmail.attachmentFile());
        MCSButtonDownload.enabled(MCSAttachmentBox.text() != '');

        MCSButtonDownload.registerOverrideMethod(methodStr(FormButtonControl,clicked), methodStr(MCSSysOutgoingEmailMessage_Extension,MCSButtonDownload_clicked),this);
    }

]]></Source>
			</Method>
			<Method>
				<Name>MCSButtonDownload_clicked</Name>
				<Source><![CDATA[
    public int MCSButtonDownload_clicked(FormControl _sender)
    {

        if (this.MCSAttachmentBox.text())
        {
            SysOutgoingEmailData    emailData;

            select firstonly emailData
                where emailData.EmailItemId == this.outgoingEmail.EmailItemId &&
                emailData.EmailDataType == SysEmailDataType::Attachment;

            if (emailData)
            {
                Binary binary = Binary::constructFromContainer(emailData.data);
                File::SendFileToUser(binary.getMemoryStream(),emailData.FileName + emailData.FileExtension);
            }
        }        
        return  0;
    }

]]></Source>
			</Method>
		</Methods>
	</SourceCode>
</AxClass>