<?xml version="1.0" encoding="utf-8"?>
<AxClass xmlns:i="http://www.w3.org/2001/XMLSchema-instance">
	<Name>MCSTESTVendorExport</Name>
	<SourceCode>
		<Declaration><![CDATA[
internal final class MCSTESTVendorExport
{
}
]]></Declaration>
		<Methods>
			<Method>
				<Name>main</Name>
				<Source><![CDATA[
    /// <summary>
    /// Class entry point. The system will call this method when a designated menu 
    /// is selected or when execution starts and this class is set as the startup class.
    /// </summary>
    /// <param name = "_args">The specified arguments.</param>
    public static void main(Args _args)
    {
        VendVendorV2Staging VendVendorV2Staging ; 
        LedgerParameters ledgerParameters = LedgerParameters::find(); 

        select firstonly VendVendorV2Staging
            order by  VendVendorV2Staging.CreatedDateTime desc
            where VendVendorV2Staging.DefinitionGroup == ledgerParameters.MCSDMFVendorProject
            ;

        MCSConcurExportChanges::ExportVendorDetails(VendVendorV2Staging.ExecutionId,strMin(),true);
    }

]]></Source>
			</Method>
		</Methods>
	</SourceCode>
</AxClass>