<?xml version="1.0" encoding="utf-8"?>
<AxTableExtension xmlns:i="http://www.w3.org/2001/XMLSchema-instance">
	<Name>VendPaymModeTable.MicrochannelBankPayments</Name>
	<FieldGroupExtensions />
	<FieldGroups>
		<AxTableFieldGroup>
			<Name>MCSFileExport</Name>
			<Label>@MCSBankPayments:FileExport</Label>
			<Fields>
				<AxTableFieldGroupField>
					<DataField>MCSFileExportProfileId</DataField>
				</AxTableFieldGroupField>
			</Fields>
		</AxTableFieldGroup>
	</FieldGroups>
	<FieldModifications />
	<Fields>
		<AxTableField xmlns=""
			i:type="AxTableFieldString">
			<Name>MCSFileExportProfileId</Name>
			<ExtendedDataType>MCSFileExportProfileId</ExtendedDataType>
		</AxTableField>
	</Fields>
	<FullTextIndexes />
	<Indexes />
	<Mappings />
	<PropertyModifications />
	<RelationExtensions />
	<RelationModifications />
	<Relations>
		<AxTableRelation>
			<Name>MCSFileExportProfileTable</Name>
			<Cardinality>ZeroMore</Cardinality>
			<OnDelete>Restricted</OnDelete>
			<RelatedTable>MCSFileExportProfileTable</RelatedTable>
			<RelatedTableCardinality>ZeroOne</RelatedTableCardinality>
			<RelationshipType>Association</RelationshipType>
			<Constraints>
				<AxTableRelationConstraint xmlns=""
					i:type="AxTableRelationConstraintField">
					<Name>MCSFileExportProfileId</Name>
					<Field>MCSFileExportProfileId</Field>
					<RelatedField>ProfileId</RelatedField>
				</AxTableRelationConstraint>
			</Constraints>
		</AxTableRelation>
	</Relations>
</AxTableExtension>