<?xml version="1.0" encoding="utf-8"?>
<Diagnostics
  GenerationTime="2023-06-23T05:00:54.3812816+00:00">
  <Items>
    <Diagnostic>
      <DiagnosticType>ExternalReference</DiagnosticType>
      <Severity>Warning</Severity>
      <Path>dynamics://Reference/Microsoft.Dynamics___vices.PricingEngine</Path>
      <Moniker>AssemblyFileNotFound</Moniker>
      <Message>Assembly 'Microsoft.Dynamics.Commerce.Runtime.Entities.AttributeBasedPricing, Version=7.0.0.0, Culture=neutral, PublicKeyToken=31bf3856ad364e35' failed to load because it was not found.</Message>
    </Diagnostic>
    <Diagnostic>
      <DiagnosticType>Compile</DiagnosticType>
      <Severity>Warning</Severity>
      <Path>dynamics://Class/MCSSRSPrintDestinationSettingForm_Extension/Method/registerOverrideMethods</Path>
      <ElementType>Class Method</ElementType>
      <Moniker>NotCoCProtectedMethodInExtensionClass</Moniker>
      <Line>1</Line>
      <Column>1</Column>
      <EndLine>2</EndLine>
      <EndColumn>63</EndColumn>
      <Message>Can't define protected method registerOverrideMethods() in a final class MCSSRSPrintDestinationSettingForm_Extension. Only protected methods which are used in ChainOfCommand are allowed.</Message>
    </Diagnostic>
    <Diagnostic>
      <DiagnosticType>ExternalReference</DiagnosticType>
      <Severity>Warning</Severity>
      <Path>dynamics://Reference/Azure.Core</Path>
      <Moniker>AssemblyFileNotFound</Moniker>
      <Message>Assembly 'System.Memory.Data, Version=1.0.2.0, Culture=neutral, PublicKeyToken=cc7b13ffcd2ddd51' failed to load because it was not found.</Message>
    </Diagnostic>
    <Diagnostic>
      <DiagnosticType>Compile</DiagnosticType>
      <Severity>Warning</Severity>
      <Path>dynamics://Class/MCSSRSPrintDestinationSettingForm_Extension/Method/isValidPlaceholder</Path>
      <ElementType>Class Method</ElementType>
      <Moniker>NotCoCProtectedMethodInExtensionClass</Moniker>
      <Line>1</Line>
      <Column>1</Column>
      <EndLine>2</EndLine>
      <EndColumn>63</EndColumn>
      <Message>Can't define protected method isValidPlaceholder() in a final class MCSSRSPrintDestinationSettingForm_Extension. Only protected methods which are used in ChainOfCommand are allowed.</Message>
    </Diagnostic>
    <Diagnostic>
      <DiagnosticType>Compile</DiagnosticType>
      <Severity>Warning</Severity>
      <Path>dynamics://Class/MCSSRSPrintDestinationSettingForm_Extension/Method/setMaps</Path>
      <ElementType>Class Method</ElementType>
      <Moniker>NotCoCProtectedMethodInExtensionClass</Moniker>
      <Line>1</Line>
      <Column>1</Column>
      <EndLine>2</EndLine>
      <EndColumn>63</EndColumn>
      <Message>Can't define protected method setMaps() in a final class MCSSRSPrintDestinationSettingForm_Extension. Only protected methods which are used in ChainOfCommand are allowed.</Message>
    </Diagnostic>
    <Diagnostic>
      <DiagnosticType>Compile</DiagnosticType>
      <Severity>Warning</Severity>
      <Path>dynamics://Class/MCSSRSReportRunUtil_Extension/Method/showSettingsDialog</Path>
      <ElementType>Class Method</ElementType>
      <Moniker>ObsoleteEntityUsageWithReason</Moniker>
      <Line>10</Line>
      <Column>44</Column>
      <EndLine>10</EndLine>
      <EndColumn>77</EndColumn>
      <Message>'BankPaymAdviceVendPrint' is obsolete: ''This class is obsolete. Please use the BankPaymAdviceCustControllerV2 or BankPaymAdviceVendControllerV2 classes.''.</Message>
    </Diagnostic>
    <Diagnostic>
      <DiagnosticType>Compile</DiagnosticType>
      <Severity>Warning</Severity>
      <Path>dynamics://Class/MCSEmailFieldsHelper/Method/getDocTypeFromParm</Path>
      <ElementType>Class Method</ElementType>
      <Moniker>ExtensibleEnumInNumericalAssignment</Moniker>
      <Line>131</Line>
      <Column>17</Column>
      <EndLine>131</EndLine>
      <EndColumn>45</EndColumn>
      <Message>Assigning a numerical value to extensible enum 'Extensible Enumeration(PrintMgmtDocumentType)' will yield unexpected results. Extensible enum values are not deterministically assigned to a numerical value.</Message>
    </Diagnostic>
  </Items>
  <Aliases />
</Diagnostics>