<?xml version="1.0" encoding="utf-8"?>
<Diagnostics
  GenerationTime="2023-06-23T05:01:00.256622+00:00">
  <Items>
    <Diagnostic>
      <DiagnosticType>VisualStudioIntegration</DiagnosticType>
      <Severity>Informational</Severity>
      <Path>K:\AosService\PackagesLocalDirectory\bin\labelc.exe</Path>
      <Moniker>K:\AosService\PackagesLocalDirectory\bin\labelc.exe -metadata="K:\AosService\PackagesLocalDirectory" -output="K:\AosService\PackagesLocalDirectory\MCSReportsEmailing\Resources" -modelmodule="MCSReportsEmailing" </Moniker>
      <Message>K:\AosService\PackagesLocalDirectory\bin\labelc.exe -metadata="K:\AosService\PackagesLocalDirectory" -output="K:\AosService\PackagesLocalDirectory\MCSReportsEmailing\Resources" -modelmodule="MCSReportsEmailing" </Message>
    </Diagnostic>
    <Diagnostic>
      <DiagnosticType>Unspecified</DiagnosticType>
      <Severity>Informational</Severity>
      <Path>labelc.exe</Path>
      <Moniker>Starting label compilation...</Moniker>
      <Message>Starting label compilation...</Message>
    </Diagnostic>
    <Diagnostic>
      <DiagnosticType>Unspecified</DiagnosticType>
      <Severity>Informational</Severity>
      <Path>labelc.exe</Path>
      <Moniker>- Module name    </Moniker>
      <Message>MCSReportsEmailing</Message>
    </Diagnostic>
    <Diagnostic>
      <DiagnosticType>Unspecified</DiagnosticType>
      <Severity>Informational</Severity>
      <Path>labelc.exe</Path>
      <Moniker>- Metadata path  </Moniker>
      <Message>K:\AosService\PackagesLocalDirectory\</Message>
    </Diagnostic>
    <Diagnostic>
      <DiagnosticType>Unspecified</DiagnosticType>
      <Severity>Informational</Severity>
      <Path>labelc.exe</Path>
      <Moniker>- Output path    </Moniker>
      <Message>K:\AosService\PackagesLocalDirectory\MCSReportsEmailing\Resources\</Message>
    </Diagnostic>
    <Diagnostic>
      <DiagnosticType>Unspecified</DiagnosticType>
      <Severity>Informational</Severity>
      <Path>labelc.exe</Path>
      <Moniker>- Maximum DoP    </Moniker>
      <Message>0 (Logical Processors: 8)</Message>
    </Diagnostic>
    <Diagnostic>
      <DiagnosticType>Unspecified</DiagnosticType>
      <Severity>Informational</Severity>
      <Path>labelc.exe</Path>
      <Moniker>Compiling Primary Resource file for MCSReportsEmailing</Moniker>
      <Message>Compiling Primary Resource file for MCSReportsEmailing</Message>
    </Diagnostic>
    <Diagnostic>
      <DiagnosticType>Unspecified</DiagnosticType>
      <Severity>Informational</Severity>
      <Path>labelc.exe</Path>
      <Moniker>Generating Primary resource assembly for MCSReportsEmailing</Moniker>
      <Message>Generating Primary resource assembly for MCSReportsEmailing</Message>
    </Diagnostic>
    <Diagnostic>
      <DiagnosticType>Unspecified</DiagnosticType>
      <Severity>Informational</Severity>
      <Path>labelc.exe</Path>
      <Moniker>Compiling label file MCSReportsEmailing for language en-US</Moniker>
      <Message>Compiling label file MCSReportsEmailing for language en-US</Message>
    </Diagnostic>
    <Diagnostic>
      <DiagnosticType>Unspecified</DiagnosticType>
      <Severity>Informational</Severity>
      <Path>labelc.exe</Path>
      <Moniker>Generating satellite resource assembly for label file MCSReportsEmailing, language en-US</Moniker>
      <Message>Generating satellite resource assembly for label file MCSReportsEmailing, language en-US</Message>
    </Diagnostic>
    <Diagnostic>
      <DiagnosticType>Unspecified</DiagnosticType>
      <Severity>Informational</Severity>
      <Path>labelc.exe</Path>
      <Moniker>Done compiling 1 label files!</Moniker>
      <Message>Done compiling 1 label files!</Message>
    </Diagnostic>
    <Diagnostic>
      <DiagnosticType>Unspecified</DiagnosticType>
      <Severity>Informational</Severity>
      <Path>labelc.exe</Path>
      <Moniker>Completed label compilation in 3 seconds with exit code 0.</Moniker>
      <Message>Completed label compilation in 3 seconds with exit code 0.</Message>
    </Diagnostic>
  </Items>
  <Aliases />
</Diagnostics>