<?xml version="1.0" encoding="utf-8"?>
<AxFormExtension xmlns:i="http://www.w3.org/2001/XMLSchema-instance" xmlns="Microsoft.Dynamics.AX.Metadata.V6">
	<Name>AssetTable.HousingAustraliaExtensions</Name>
	<ControlModifications />
	<Controls>
		<AxFormExtensionControl xmlns="">
			<Name>Copyum2h4awq1</Name>
			<FormControl xmlns=""
				i:type="AxFormGroupControl">
				<Name>MCSUpdate</Name>
				<ElementPosition>1610612733</ElementPosition>
				<FilterExpression>%1</FilterExpression>
				<Type>Group</Type>
				<VerticalSpacing>-1</VerticalSpacing>
				<FormControlExtension
					i:nil="true" />
				<Controls>
					<AxFormControl xmlns=""
						i:type="AxFormStringControl">
						<Name>AssetTable_MCSVendInvoiceId</Name>
						<Type>String</Type>
						<FormControlExtension
							i:nil="true" />
						<DataField>MCSVendInvoiceId</DataField>
						<DataSource>AssetTable</DataSource>
					</AxFormControl>
					<AxFormControl xmlns=""
						i:type="AxFormStringControl">
						<Name>AssetTable_MCSVendAccount</Name>
						<Type>String</Type>
						<FormControlExtension
							i:nil="true" />
						<DataField>MCSVendAccount</DataField>
						<DataSource>AssetTable</DataSource>
					</AxFormControl>
					<AxFormControl xmlns=""
						i:type="AxFormStringControl">
						<Name>AssetTable_MCSPurchId</Name>
						<Type>String</Type>
						<FormControlExtension
							i:nil="true" />
						<DataField>MCSPurchId</DataField>
						<DataSource>AssetTable</DataSource>
					</AxFormControl>
				</Controls>
				<Caption>Additional information</Caption>
				<DataSource>AssetTable</DataSource>
			</FormControl>
			<Parent>TechInfo</Parent>
		</AxFormExtensionControl>
	</Controls>
	<DataSourceModifications />
	<DataSourceReferences />
	<DataSources />
	<Parts />
	<PropertyModifications />
</AxFormExtension>