<?xml version="1.0" encoding="utf-8"?>
<AxFormExtension xmlns:i="http://www.w3.org/2001/XMLSchema-instance" xmlns="Microsoft.Dynamics.AX.Metadata.V6">
	<Name>CustFreeInvoice.HousingAustraliaExtensions</Name>
	<ControlModifications />
	<Controls>
		<AxFormExtensionControl xmlns="">
			<Name>FormExtensionControldha1zynr1</Name>
			<FormControl xmlns=""
				i:type="AxFormGroupControl">
				<Name>MCSLMS</Name>
				<Type>Group</Type>
				<FormControlExtension
					i:nil="true" />
				<Controls>
					<AxFormControl xmlns=""
						i:type="AxFormStringControl">
						<Name>MCSLMS_MCSBillTo</Name>
						<Type>String</Type>
						<FormControlExtension
							i:nil="true" />
						<DataField>MCSBillTo</DataField>
						<DataSource>CustInvoiceLine</DataSource>
					</AxFormControl>
					<AxFormControl xmlns=""
						i:type="AxFormDateControl">
						<Name>MCSLMS_MCSFromDate</Name>
						<Type>Date</Type>
						<FormControlExtension
							i:nil="true" />
						<DataField>MCSFromDate</DataField>
						<DataSource>CustInvoiceLine</DataSource>
					</AxFormControl>
					<AxFormControl xmlns=""
						i:type="AxFormDateControl">
						<Name>MCSLMS_MCSToDate</Name>
						<Type>Date</Type>
						<FormControlExtension
							i:nil="true" />
						<DataField>MCSToDate</DataField>
						<DataSource>CustInvoiceLine</DataSource>
					</AxFormControl>
					<AxFormControl xmlns=""
						i:type="AxFormStringControl">
						<Name>MCSLMS_MCSReference</Name>
						<Type>String</Type>
						<FormControlExtension
							i:nil="true" />
						<DataField>MCSReference</DataField>
						<DataSource>CustInvoiceLine</DataSource>
					</AxFormControl>
					<AxFormControl xmlns=""
						i:type="AxFormStringControl">
						<Name>MCSLMS_MCSDescription</Name>
						<Type>String</Type>
						<FormControlExtension
							i:nil="true" />
						<DataField>MCSDescription</DataField>
						<DataSource>CustInvoiceLine</DataSource>
					</AxFormControl>
					<AxFormControl xmlns=""
						i:type="AxFormIntegerControl">
						<Name>MCSLMS_MCSDays</Name>
						<Type>Integer</Type>
						<FormControlExtension
							i:nil="true" />
						<DataField>MCSDays</DataField>
						<DataSource>CustInvoiceLine</DataSource>
					</AxFormControl>
					<AxFormControl xmlns=""
						i:type="AxFormStringControl">
						<Name>MCSLMS_MCSFeeReference</Name>
						<Type>String</Type>
						<FormControlExtension
							i:nil="true" />
						<DataField>MCSFeeReference</DataField>
						<DataSource>CustInvoiceLine</DataSource>
					</AxFormControl>
					<AxFormControl xmlns=""
						i:type="AxFormRealControl">
						<Name>MCSLMS_MCSRate</Name>
						<Type>Real</Type>
						<FormControlExtension
							i:nil="true" />
						<DataField>MCSRate</DataField>
						<DataSource>CustInvoiceLine</DataSource>
					</AxFormControl>
					<AxFormControl xmlns=""
						i:type="AxFormStringControl">
						<Name>MCSLMS_MCSDayYear</Name>
						<Type>String</Type>
						<FormControlExtension
							i:nil="true" />
						<DataField>MCSDayYear</DataField>
						<DataSource>CustInvoiceLine</DataSource>
					</AxFormControl>
					<AxFormControl xmlns=""
						i:type="AxFormRealControl">
						<Name>MCSLMS_MCSFacAmount</Name>
						<Type>Real</Type>
						<FormControlExtension
							i:nil="true" />
						<DataField>MCSFacAmount</DataField>
						<DataSource>CustInvoiceLine</DataSource>
					</AxFormControl>
					<AxFormControl xmlns=""
						i:type="AxFormRealControl">
						<Name>MCSLMS_MCSAmount</Name>
						<Type>Real</Type>
						<FormControlExtension
							i:nil="true" />
						<DataField>MCSAmount</DataField>
						<DataSource>CustInvoiceLine</DataSource>
					</AxFormControl>
				</Controls>
				<DataGroup>MCSLMS</DataGroup>
				<DataSource>CustInvoiceLine</DataSource>
			</FormControl>
			<Parent>CVInvoiceDetailsGeneralTabPage</Parent>
		</AxFormExtensionControl>
		<AxFormExtensionControl xmlns="">
			<Name>FormExtensionControlgov32opg1</Name>
			<FormControl xmlns=""
				i:type="AxFormStringControl">
				<Name>CustInvoiceTable_MCSCustRef</Name>
				<Type>String</Type>
				<FormControlExtension
					i:nil="true" />
				<DataField>MCSCustRef</DataField>
				<DataSource>CustInvoiceTable</DataSource>
			</FormControl>
			<Parent>CVHeaderFastTab</Parent>
		</AxFormExtensionControl>
		<AxFormExtensionControl xmlns="">
			<Name>FormExtensionControl3r4v02ie1</Name>
			<FormControl xmlns=""
				i:type="AxFormMenuFunctionButtonControl">
				<Name>MCSFreeTextInvoiceAddReport</Name>
				<Type>MenuFunctionButton</Type>
				<FormControlExtension
					i:nil="true" />
				<DataSource>CustInvoiceTable</DataSource>
				<MenuItemName>MCSFreeTextInvoiceAddReport</MenuItemName>
				<MenuItemType>Output</MenuItemType>
			</FormControl>
			<Parent>InvoiceDocument</Parent>
		</AxFormExtensionControl>
	</Controls>
	<DataSourceModifications />
	<DataSourceReferences />
	<DataSources />
	<Parts />
	<PropertyModifications />
</AxFormExtension>