<?xml version="1.0" encoding="utf-8"?>
<AxFormExtension xmlns:i="http://www.w3.org/2001/XMLSchema-instance" xmlns="Microsoft.Dynamics.AX.Metadata.V6">
	<Name>DimensionValueDetails.HousingAustraliaExtensions</Name>
	<ControlModifications />
	<Controls>
		<AxFormExtensionControl xmlns="">
			<Name>FormExtensionControlg3zpkh331</Name>
			<FormControl xmlns=""
				i:type="AxFormStringControl">
				<Name>DimensionAttributeValue_MCSTaxGroup</Name>
				<Type>String</Type>
				<FormControlExtension
					i:nil="true" />
				<DataField>MCSTaxGroup</DataField>
				<DataSource>DimensionAttributeValue</DataSource>
			</FormControl>
			<Parent>Administration</Parent>
		</AxFormExtensionControl>
		<AxFormExtensionControl xmlns="">
			<Name>FormExtensionControllm3xybm11</Name>
			<FormControl xmlns=""
				i:type="AxFormStringControl">
				<Name>DimensionAttributeValue_MCSTaxItemGroup</Name>
				<Type>String</Type>
				<FormControlExtension
					i:nil="true" />
				<DataField>MCSTaxItemGroup</DataField>
				<DataSource>DimensionAttributeValue</DataSource>
			</FormControl>
			<Parent>Administration</Parent>
		</AxFormExtensionControl>
	</Controls>
	<DataSourceModifications />
	<DataSourceReferences />
	<DataSources />
	<Parts />
	<PropertyModifications />
</AxFormExtension>