<?xml version="1.0" encoding="utf-8"?>
<AxFormExtension xmlns:i="http://www.w3.org/2001/XMLSchema-instance" xmlns="Microsoft.Dynamics.AX.Metadata.V6">
	<Name>LedgerJournalSetup.HousingAustraliaExtensions</Name>
	<ControlModifications />
	<Controls>
		<AxFormExtensionControl xmlns="">
			<Name>FormExtensionControlyditjbfi1</Name>
			<FormControl xmlns=""
				i:type="AxFormCheckBoxControl">
				<Name>LedgerJournalName_MCSValidateBU</Name>
				<Type>CheckBox</Type>
				<FormControlExtension
					i:nil="true" />
				<DataField>MCSValidateBU</DataField>
				<DataSource>LedgerJournalName</DataSource>
			</FormControl>
			<Parent>General</Parent>
		</AxFormExtensionControl>
	</Controls>
	<DataSourceModifications />
	<DataSourceReferences />
	<DataSources />
	<Parts />
	<PropertyModifications />
</AxFormExtension>