<?xml version="1.0" encoding="utf-8"?>
<AxFormExtension xmlns:i="http://www.w3.org/2001/XMLSchema-instance" xmlns="Microsoft.Dynamics.AX.Metadata.V6">
	<Name>LedgerJournalTable.HousingAustraliaExtensions</Name>
	<ControlModifications />
	<Controls>
		<AxFormExtensionControl xmlns="">
			<Name>FormExtensionControleigrox1m1</Name>
			<FormControl xmlns=""
				i:type="AxFormStringControl">
				<Name>LedgerJournalTable_MCSConcurFileName</Name>
				<Type>String</Type>
				<FormControlExtension
					i:nil="true" />
				<DataField>MCSConcurFileName</DataField>
				<DataSource>LedgerJournalTable</DataSource>
			</FormControl>
			<Parent>GridOverview</Parent>
		</AxFormExtensionControl>
		<AxFormExtensionControl xmlns="">
			<Name>FormExtensionControlhxm3sqaz1</Name>
			<FormControl xmlns=""
				i:type="AxFormCheckBoxControl">
				<Name>LedgerJournalTable_MCSConcur</Name>
				<Type>CheckBox</Type>
				<FormControlExtension
					i:nil="true" />
				<DataField>MCSConcur</DataField>
				<DataSource>LedgerJournalTable</DataSource>
			</FormControl>
			<Parent>GridOverview</Parent>
		</AxFormExtensionControl>
	</Controls>
	<DataSourceModifications />
	<DataSourceReferences />
	<DataSources />
	<Parts />
	<PropertyModifications />
</AxFormExtension>