<?xml version="1.0" encoding="utf-8"?>
<AxFormExtension xmlns:i="http://www.w3.org/2001/XMLSchema-instance" xmlns="Microsoft.Dynamics.AX.Metadata.V6">
	<Name>LedgerParameters.HousingAustraliaExtensions</Name>
	<ControlModifications />
	<Controls>
		<AxFormExtensionControl xmlns="">
			<Name>Copy1luljcbh1</Name>
			<FormControl xmlns=""
				i:type="AxFormTabPageControl">
				<Name>MCSIntegrations</Name>
				<ElementPosition>562436192</ElementPosition>
				<FilterExpression>%1</FilterExpression>
				<Pattern>FieldsFieldGroups</Pattern>
				<PatternVersion>1.1</PatternVersion>
				<Type>TabPage</Type>
				<VerticalSpacing>-1</VerticalSpacing>
				<FormControlExtension
					i:nil="true" />
				<Controls>
					<AxFormControl xmlns=""
						i:type="AxFormGroupControl">
						<Name>MCSPayroll</Name>
						<Type>Group</Type>
						<FormControlExtension
							i:nil="true" />
						<Controls>
							<AxFormControl xmlns=""
								i:type="AxFormStringControl">
								<Name>MCSPayroll_MCSPayrollTaxItemGroup</Name>
								<Type>String</Type>
								<FormControlExtension
									i:nil="true" />
								<DataField>MCSPayrollTaxItemGroup</DataField>
								<DataSource>LedgerParameters</DataSource>
							</AxFormControl>
							<AxFormControl xmlns=""
								i:type="AxFormStringControl">
								<Name>MCSPayroll_MCSPayrollTaxCode</Name>
								<Type>String</Type>
								<FormControlExtension
									i:nil="true" />
								<DataField>MCSPayrollTaxCode</DataField>
								<DataSource>LedgerParameters</DataSource>
							</AxFormControl>
						</Controls>
						<DataGroup>MCSPayroll</DataGroup>
						<DataSource>LedgerParameters</DataSource>
					</AxFormControl>
					<AxFormControl xmlns=""
						i:type="AxFormGroupControl">
						<Name>MCSLMS</Name>
						<Type>Group</Type>
						<FormControlExtension
							i:nil="true" />
						<Controls>
							<AxFormControl xmlns=""
								i:type="AxFormStringControl">
								<Name>MCSLMS_MCSMainAccountNum</Name>
								<Type>String</Type>
								<FormControlExtension
									i:nil="true" />
								<DataField>MCSMainAccountNum</DataField>
								<DataSource>LedgerParameters</DataSource>
							</AxFormControl>
							<AxFormControl xmlns=""
								i:type="AxFormIntegerControl">
								<Name>MCSLMS_MCSNumberOf</Name>
								<Type>Integer</Type>
								<FormControlExtension
									i:nil="true" />
								<DataField>MCSNumberOf</DataField>
								<DataSource>LedgerParameters</DataSource>
							</AxFormControl>
							<AxFormControl xmlns=""
								i:type="AxFormStringControl">
								<Name>MCSLMS_MCSTaxItemGroup</Name>
								<Type>String</Type>
								<FormControlExtension
									i:nil="true" />
								<DataField>MCSTaxItemGroup</DataField>
								<DataSource>LedgerParameters</DataSource>
							</AxFormControl>
							<AxFormControl xmlns=""
								i:type="AxFormStringControl">
								<Name>MCSLMS_MCSTaxCode</Name>
								<Type>String</Type>
								<FormControlExtension
									i:nil="true" />
								<DataField>MCSTaxCode</DataField>
								<DataSource>LedgerParameters</DataSource>
							</AxFormControl>
						</Controls>
						<DataGroup>MCSLMS</DataGroup>
						<DataSource>LedgerParameters</DataSource>
					</AxFormControl>
					<AxFormControl xmlns=""
						i:type="AxFormGroupControl">
						<Name>MCSconcur</Name>
						<Type>Group</Type>
						<FormControlExtension
							i:nil="true" />
						<Controls>
							<AxFormControl xmlns=""
								i:type="AxFormStringControl">
								<Name>MCSconcur_MCSJournalName</Name>
								<Type>String</Type>
								<FormControlExtension
									i:nil="true" />
								<DataField>MCSJournalName</DataField>
								<DataSource>LedgerParameters</DataSource>
							</AxFormControl>
							<AxFormControl xmlns=""
								i:type="AxFormStringControl">
								<Name>MCSconcur_MCSjournalNameExpense</Name>
								<Type>String</Type>
								<FormControlExtension
									i:nil="true" />
								<DataField>MCSjournalNameExpense</DataField>
								<DataSource>LedgerParameters</DataSource>
							</AxFormControl>
						</Controls>
						<DataGroup>MCSconcur</DataGroup>
						<DataSource>LedgerParameters</DataSource>
					</AxFormControl>
				</Controls>
				<AlignChild>No</AlignChild>
				<ColumnsMode>Fill</ColumnsMode>
				<Caption>MCS Integrations</Caption>
				<Scrollbars>Auto</Scrollbars>
			</FormControl>
			<Parent>LedgerTabFastTab</Parent>
		</AxFormExtensionControl>
	</Controls>
	<DataSourceModifications />
	<DataSourceReferences />
	<DataSources />
	<Parts />
	<PropertyModifications />
</AxFormExtension>