<?xml version="1.0" encoding="utf-8"?>
<AxFormExtension xmlns:i="http://www.w3.org/2001/XMLSchema-instance" xmlns="Microsoft.Dynamics.AX.Metadata.V6">
	<Name>SRSPrintDestinationSettingsForm.MCSExtension</Name>
	<ControlModifications />
	<Controls>
		<AxFormExtensionControl xmlns="">
			<Name>FormExtensionControlwlxnmrvw1</Name>
			<FormControl xmlns=""
				i:type="AxFormGroupControl">
				<Name>MCSSendToQueueGroup</Name>
				<Type>Group</Type>
				<FormControlExtension
					i:nil="true" />
				<Controls>
					<AxFormControl xmlns=""
						i:type="AxFormStringControl">
						<Name>MCSEmailTemplateId</Name>
						<AutoDeclaration>Yes</AutoDeclaration>
						<Type>String</Type>
						<FormControlExtension
							i:nil="true" />
						<ExtendedDataType>SysEmailId</ExtendedDataType>
					</AxFormControl>
					<AxFormControl xmlns=""
						i:type="AxFormCheckBoxControl">
						<Name>MCSSendToEmailQueueBox</Name>
						<AutoDeclaration>Yes</AutoDeclaration>
						<Type>CheckBox</Type>
						<FormControlExtension
							i:nil="true" />
						<Label>@MCSReportsEmailing:SendToEmaiQueue</Label>
					</AxFormControl>
					<AxFormControl xmlns=""
						i:type="AxFormStringControl">
						<Name>MCSSRSReportCategoryBox</Name>
						<AutoDeclaration>Yes</AutoDeclaration>
						<Type>String</Type>
						<FormControlExtension
							i:nil="true" />
						<ExtendedDataType>MCSSrsReportCategory</ExtendedDataType>
					</AxFormControl>
				</Controls>
				<ArrangeMethod>HorizontalRight</ArrangeMethod>
			</FormControl>
			<Parent>MailTab</Parent>
		</AxFormExtensionControl>
		<AxFormExtensionControl xmlns="">
			<Name>FormExtensionControl54zowba11</Name>
			<FormControl xmlns=""
				i:type="AxFormGroupControl">
				<Name>MCSFilePlaceholdersGroup</Name>
				<HeightMode>SizeToAvailable</HeightMode>
				<Type>Group</Type>
				<FormControlExtension
					i:nil="true" />
				<Controls>
					<AxFormControl xmlns=""
						i:type="AxFormListBoxControl">
						<Name>MCSFileListBox</Name>
						<AutoDeclaration>Yes</AutoDeclaration>
						<HeightMode>SizeToAvailable</HeightMode>
						<Type>ListBox</Type>
						<FormControlExtension
							i:nil="true" />
						<Items />
					</AxFormControl>
					<AxFormControl xmlns=""
						i:type="AxFormButtonControl">
						<Name>MCSAddToFileButton</Name>
						<AutoDeclaration>Yes</AutoDeclaration>
						<Type>Button</Type>
						<FormControlExtension
							i:nil="true" />
						<Text>@MCSReportsEmailing:AddtoFileName</Text>
					</AxFormControl>
				</Controls>
				<Caption>@MCSReportsEmailing:Placeholders</Caption>
				<FrameOptionButton>Hide</FrameOptionButton>
				<OptionValue>0</OptionValue>
			</FormControl>
			<Parent>FileTab</Parent>
		</AxFormExtensionControl>
		<AxFormExtensionControl xmlns="">
			<Name>FormExtensionControln2g2kcqg1</Name>
			<FormControl xmlns=""
				i:type="AxFormStaticTextControl">
				<Name>MCSMessageLabel</Name>
				<Type>StaticText</Type>
				<FormControlExtension
					i:nil="true" />
				<Text>@SYS14327</Text>
			</FormControl>
			<Parent>MailTab</Parent>
		</AxFormExtensionControl>
		<AxFormExtensionControl xmlns="">
			<Name>FormExtensionControl4qt3bh2z1</Name>
			<FormControl>
				<Name>MCSMailBody</Name>
				<AutoDeclaration>Yes</AutoDeclaration>
				<HeightMode>SizeToAvailable</HeightMode>
				<WidthMode>SizeToAvailable</WidthMode>
				<FormControlExtension>
					<Name>HTMLEditor</Name>
					<ExtensionComponents />
					<ExtensionProperties>
						<AxFormControlExtensionProperty>
							<Name>parmDataSourceName</Name>
							<Type>String</Type>
						</AxFormControlExtensionProperty>
						<AxFormControlExtensionProperty>
							<Name>parmDataFieldName</Name>
							<Type>String</Type>
						</AxFormControlExtensionProperty>
						<AxFormControlExtensionProperty>
							<Name>parmDataMethodName</Name>
							<Type>String</Type>
						</AxFormControlExtensionProperty>
					</ExtensionProperties>
				</FormControlExtension>
			</FormControl>
			<Parent>MailTab</Parent>
		</AxFormExtensionControl>
		<AxFormExtensionControl xmlns="">
			<Name>FormExtensionControlfldgylxg1</Name>
			<FormControl xmlns=""
				i:type="AxFormGroupControl">
				<Name>MCSEmailFieldsGroup</Name>
				<HeightMode>SizeToAvailable</HeightMode>
				<Type>Group</Type>
				<FormControlExtension
					i:nil="true" />
				<Controls>
					<AxFormControl xmlns=""
						i:type="AxFormListBoxControl">
						<Name>MCSEmailListBox</Name>
						<AutoDeclaration>Yes</AutoDeclaration>
						<HeightMode>SizeToAvailable</HeightMode>
						<Type>ListBox</Type>
						<FormControlExtension
							i:nil="true" />
						<Items />
					</AxFormControl>
					<AxFormControl xmlns=""
						i:type="AxFormGroupControl">
						<Name>MCSEmailFieldsButtonGroup</Name>
						<Type>Group</Type>
						<FormControlExtension
							i:nil="true" />
						<Controls>
							<AxFormControl xmlns=""
								i:type="AxFormButtonControl">
								<Name>MCSAddToSubjectButton</Name>
								<Type>Button</Type>
								<FormControlExtension
									i:nil="true" />
								<Text>@MCSReportsEmailing:AddToSubject</Text>
							</AxFormControl>
							<AxFormControl xmlns=""
								i:type="AxFormButtonControl">
								<Name>MCSAddToMessageButton</Name>
								<Type>Button</Type>
								<FormControlExtension
									i:nil="true" />
								<Text>@MCSReportsEmailing:AddtoMessage</Text>
							</AxFormControl>
						</Controls>
						<ArrangeMethod>HorizontalRight</ArrangeMethod>
					</AxFormControl>
				</Controls>
				<Caption>@MCSReportsEmailing:Placeholders</Caption>
				<FrameOptionButton>Hide</FrameOptionButton>
				<OptionValue>0</OptionValue>
			</FormControl>
			<Parent>MailTab</Parent>
		</AxFormExtensionControl>
	</Controls>
	<DataSourceModifications />
	<DataSourceReferences />
	<DataSources />
	<Parts />
	<PropertyModifications />
</AxFormExtension>