<?xml version="1.0" encoding="utf-8"?>
<AxFormExtension xmlns:i="http://www.w3.org/2001/XMLSchema-instance" xmlns="Microsoft.Dynamics.AX.Metadata.V6">
	<Name>SysOutgoingEmailMessage.MCSExtension</Name>
	<ControlModifications />
	<Controls>
		<AxFormExtensionControl xmlns="">
			<Name>FormExtensionControlqeml2lzy1</Name>
			<FormControl xmlns=""
				i:type="AxFormGroupControl">
				<Name>MCSGroupAttachment</Name>
				<Type>Group</Type>
				<FormControlExtension
					i:nil="true" />
				<Controls>
					<AxFormControl xmlns=""
						i:type="AxFormStringControl">
						<Name>MCSAttachmentBox</Name>
						<AllowEdit>No</AllowEdit>
						<AutoDeclaration>Yes</AutoDeclaration>
						<Type>String</Type>
						<FormControlExtension
							i:nil="true" />
						<ExtendedDataType>MCSAttachmentFile</ExtendedDataType>
						<LookupButton>Always</LookupButton>
					</AxFormControl>
					<AxFormControl xmlns=""
						i:type="AxFormButtonControl">
						<Name>MCSButtonDownload</Name>
						<AutoDeclaration>Yes</AutoDeclaration>
						<Type>Button</Type>
						<FormControlExtension
							i:nil="true" />
						<Text>@SYS106935</Text>
					</AxFormControl>
				</Controls>
				<ArrangeMethod>HorizontalRight</ArrangeMethod>
				<Columns>2</Columns>
				<Breakable>No</Breakable>
			</FormControl>
			<Parent>HTMLGroup</Parent>
		</AxFormExtensionControl>
	</Controls>
	<DataSources />
	<Parts />
	<PropertyModifications />
</AxFormExtension>