<?xml version="1.0" encoding="utf-8"?>
<AxFormExtension xmlns:i="http://www.w3.org/2001/XMLSchema-instance" xmlns="Microsoft.Dynamics.AX.Metadata.V6">
	<Name>SysOutgoingEmailTable.MCSExtension</Name>
	<ControlModifications />
	<Controls>
		<AxFormExtensionControl xmlns="">
			<Name>FormExtensionControlcxmixwsh1</Name>
			<FormControl xmlns=""
				i:type="AxFormStringControl">
				<Name>OutgoingEmail_MCSSRSReportCategory</Name>
				<Type>String</Type>
				<FormControlExtension
					i:nil="true" />
				<DataField>MCSSRSReportCategory</DataField>
				<DataSource>OutgoingEmail</DataSource>
			</FormControl>
			<Parent>Grid</Parent>
			<PositionType>AfterItem</PositionType>
			<PreviousSibling>OutgoingEmail_Origin</PreviousSibling>
		</AxFormExtensionControl>
	</Controls>
	<DataSources />
	<Parts />
	<PropertyModifications />
</AxFormExtension>