<?xml version="1.0" encoding="utf-8"?>
<AxFormExtension xmlns:i="http://www.w3.org/2001/XMLSchema-instance" xmlns="Microsoft.Dynamics.AX.Metadata.V6">
	<Name>VendTable.HousingAustraliaExtensions</Name>
	<ControlModifications />
	<Controls>
		<AxFormExtensionControl xmlns="">
			<Name>FormExtensionControl4ohkrsmf1</Name>
			<FormControl xmlns=""
				i:type="AxFormGroupControl">
				<Name>MCSConcur</Name>
				<Type>Group</Type>
				<FormControlExtension
					i:nil="true" />
				<Controls>
					<AxFormControl xmlns=""
						i:type="AxFormStringControl">
						<Name>MCSConcur_MCSRecordType</Name>
						<Type>String</Type>
						<FormControlExtension
							i:nil="true" />
						<DataField>MCSRecordType</DataField>
						<DataSource>VendTable</DataSource>
					</AxFormControl>
					<AxFormControl xmlns=""
						i:type="AxFormStringControl">
						<Name>MCSConcur_MCSDefaultExpenseType</Name>
						<Type>String</Type>
						<FormControlExtension
							i:nil="true" />
						<DataField>MCSDefaultExpenseType</DataField>
						<DataSource>VendTable</DataSource>
					</AxFormControl>
					<AxFormControl xmlns=""
						i:type="AxFormStringControl">
						<Name>MCSConcur_MSCDefaultEmployee</Name>
						<Type>String</Type>
						<FormControlExtension
							i:nil="true" />
						<DataField>MSCDefaultEmployee</DataField>
						<DataSource>VendTable</DataSource>
					</AxFormControl>
				</Controls>
				<DataGroup>MCSConcur</DataGroup>
				<DataSource>VendTable</DataSource>
			</FormControl>
			<Parent>TabSetup</Parent>
		</AxFormExtensionControl>
	</Controls>
	<DataSourceModifications />
	<DataSourceReferences />
	<DataSources />
	<Parts />
	<PropertyModifications />
</AxFormExtension>