<?xml version="1.0" encoding="utf-8"?>
<AxEnum xmlns:i="http://www.w3.org/2001/XMLSchema-instance">
	<Name>MCSGLImportFileType</Name>
	<Label>@SYS10194</Label>
	<EnumValues>
		<AxEnumValue>
			<Name>Payroll</Name>
			<Label>Payroll</Label>
		</AxEnumValue>
		<AxEnumValue>
			<Name>LMS</Name>
			<Label>LMS</Label>
			<Value>1</Value>
		</AxEnumValue>
		<AxEnumValue>
			<Name>Invoices</Name>
			<Label>Invoices</Label>
			<Value>2</Value>
		</AxEnumValue>
		<AxEnumValue>
			<Name>Expense</Name>
			<Label>Expense</Label>
			<Value>3</Value>
		</AxEnumValue>
	</EnumValues>
</AxEnum>