<?xml version="1.0" encoding="utf-8"?>
<AxEnum xmlns:i="http://www.w3.org/2001/XMLSchema-instance">
	<Name>MCSJournalType</Name>
	<Label>Journal type</Label>
	<UseEnumValue>No</UseEnumValue>
	<EnumValues>
		<AxEnumValue>
			<Name>GeneralJournal</Name>
			<Label>General journal</Label>
		</AxEnumValue>
		<AxEnumValue>
			<Name>FreeTextInvoice</Name>
			<Label>Free text invoice</Label>
			<Value>1</Value>
		</AxEnumValue>
	</EnumValues>
	<IsExtensible>true</IsExtensible>
</AxEnum>