<?xml version="1.0" encoding="utf-8"?>
<AxEnum xmlns:i="http://www.w3.org/2001/XMLSchema-instance">
	<Name>MCSOpenProcessed</Name>
	<Label>@SPS1236</Label>
	<EnumValues>
		<AxEnumValue>
			<Name>Ready</Name>
			<Label>@SYS11755</Label>
		</AxEnumValue>
		<AxEnumValue>
			<Name>Open</Name>
			<Label>@SYS80095</Label>
			<Value>1</Value>
		</AxEnumValue>
		<AxEnumValue>
			<Name>Processed</Name>
			<Label>@SYS93392</Label>
			<Value>2</Value>
		</AxEnumValue>
		<AxEnumValue>
			<Name>Error</Name>
			<Label>@SYS8500</Label>
			<Value>3</Value>
		</AxEnumValue>
	</EnumValues>
</AxEnum>