<?xml version="1.0" encoding="utf-8"?>
<AxEnum xmlns:i="http://www.w3.org/2001/XMLSchema-instance">
	<Name>MCSProfileType</Name>
	<Label>Profile Id</Label>
	<EnumValues>
		<AxEnumValue>
			<Name>None</Name>
		</AxEnumValue>
		<AxEnumValue>
			<Name>Invoices</Name>
			<Label>Invoices - IN</Label>
			<Value>1</Value>
		</AxEnumValue>
		<AxEnumValue>
			<Name>Expense</Name>
			<Label>Expense - IN</Label>
			<Value>2</Value>
		</AxEnumValue>
		<AxEnumValue>
			<Name>Vendor</Name>
			<Label>Vendor - Out</Label>
			<Value>3</Value>
		</AxEnumValue>
		<AxEnumValue>
			<Name>Payment</Name>
			<Label>Payment - Out</Label>
			<Value>4</Value>
		</AxEnumValue>
	</EnumValues>
</AxEnum>