<?xml version="1.0" encoding="utf-8"?>
<AxEdt xmlns:i="http://www.w3.org/2001/XMLSchema-instance" xmlns=""
	i:type="AxEdtString">
	<Name>MCSSrsReportCategory</Name>
	<Extends>Name</Extends>
	<Label>@MCSReportsEmailing:ReportCategory</Label>
	<ReferenceTable>MCSSrsReportCategoryTable</ReferenceTable>
	<ArrayElements />
	<Relations />
	<TableReferences>
		<AxEdtTableReference>
			<RelatedField>ReportCategory</RelatedField>
			<Table>MCSSrsReportCategoryTable</Table>
		</AxEdtTableReference>
	</TableReferences>
</AxEdt>