<?xml version="1.0" encoding="utf-8"?>
<AxMap xmlns:i="http://www.w3.org/2001/XMLSchema-instance">
	<Name>MCSGLImportLineMap</Name>
	<SourceCode>
		<Declaration><![CDATA[
public class MCSGLImportLineMap extends common
{

}

]]></Declaration>
		<Methods />
	</SourceCode>
	<SubscriberAccessLevel>
		<Read>Allow</Read>
	</SubscriberAccessLevel>
	<FieldGroups />
	<Fields>
		<AxMapBaseField xmlns=""
			i:type="AxMapFieldInt64">
			<Name>ImportTable</Name>
			<ExtendedDataType>RefRecId</ExtendedDataType>
		</AxMapBaseField>
		<AxMapBaseField xmlns=""
			i:type="AxMapFieldString">
			<Name>Notes</Name>
			<ExtendedDataType>NotesLine</ExtendedDataType>
		</AxMapBaseField>
	</Fields>
	<Mappings>
		<AxTableMapping>
			<MappingTable>MCSGLImportLineLMS</MappingTable>
			<Connections>
				<AxTableMappingConnection>
					<MapField>ImportTable</MapField>
					<MapFieldTo>ImportTable</MapFieldTo>
				</AxTableMappingConnection>
				<AxTableMappingConnection>
					<MapField>Notes</MapField>
					<MapFieldTo>Notes</MapFieldTo>
				</AxTableMappingConnection>
			</Connections>
		</AxTableMapping>
		<AxTableMapping>
			<MappingTable>MCSGLImportLinePayroll</MappingTable>
			<Connections>
				<AxTableMappingConnection>
					<MapField>ImportTable</MapField>
					<MapFieldTo>ImportTable</MapFieldTo>
				</AxTableMappingConnection>
				<AxTableMappingConnection>
					<MapField>Notes</MapField>
					<MapFieldTo>Notes</MapFieldTo>
				</AxTableMappingConnection>
			</Connections>
		</AxTableMapping>
		<AxTableMapping>
			<MappingTable>MCSGLImportLineInvoices</MappingTable>
			<Connections>
				<AxTableMappingConnection>
					<MapField>ImportTable</MapField>
					<MapFieldTo>ImportTable</MapFieldTo>
				</AxTableMappingConnection>
				<AxTableMappingConnection>
					<MapField>Notes</MapField>
					<MapFieldTo>Notes</MapFieldTo>
				</AxTableMappingConnection>
			</Connections>
		</AxTableMapping>
		<AxTableMapping>
			<MappingTable>MCSGLImportLineExpense</MappingTable>
			<Connections>
				<AxTableMappingConnection>
					<MapField>ImportTable</MapField>
					<MapFieldTo>ImportTable</MapFieldTo>
				</AxTableMappingConnection>
				<AxTableMappingConnection>
					<MapField>Notes</MapField>
					<MapFieldTo>Notes</MapFieldTo>
				</AxTableMappingConnection>
			</Connections>
		</AxTableMapping>
	</Mappings>
</AxMap>