<?xml version="1.0" encoding="utf-8"?>
<AxEdt xmlns:i="http://www.w3.org/2001/XMLSchema-instance" xmlns=""
	i:type="AxEdtString">
	<Name>MCSFileExportProfileId</Name>
	<Extends>Num</Extends>
	<Label>@MCSBankPayments:ExportProfileId</Label>
	<ReferenceTable>MCSFileExportProfileTable</ReferenceTable>
	<ArrayElements />
	<Relations />
	<TableReferences>
		<AxEdtTableReference>
			<RelatedField>ProfileId</RelatedField>
			<Table>MCSFileExportProfileTable</Table>
		</AxEdtTableReference>
	</TableReferences>
</AxEdt>