<?xml version="1.0" encoding="utf-8"?>
<AxFormExtension xmlns:i="http://www.w3.org/2001/XMLSchema-instance" xmlns="Microsoft.Dynamics.AX.Metadata.V6">
	<Name>VendPaymMode.MicrochannelBankPayments</Name>
	<ControlModifications />
	<Controls>
		<AxFormExtensionControl xmlns="">
			<Name>FormExtensionControlthomdmbl1</Name>
			<FormControl xmlns=""
				i:type="AxFormGroupControl">
				<Name>MCSFIleExport</Name>
				<Type>Group</Type>
				<FormControlExtension
					i:nil="true" />
				<Controls>
					<AxFormControl xmlns=""
						i:type="AxFormStringControl">
						<Name>MCRPayments_MCSFileExportProfileId</Name>
						<Type>String</Type>
						<FormControlExtension
							i:nil="true" />
						<DataField>MCSFileExportProfileId</DataField>
						<DataSource>VendPaymModeTable</DataSource>
					</AxFormControl>
				</Controls>
				<DataGroup>MCSFileExport</DataGroup>
				<DataSource>VendPaymModeTable</DataSource>
			</FormControl>
			<Parent>FileFormatsContent</Parent>
		</AxFormExtensionControl>
	</Controls>
	<DataSourceModifications />
	<DataSourceReferences />
	<DataSources />
	<Parts />
	<PropertyModifications />
</AxFormExtension>