<?xml version="1.0" encoding="utf-8"?>
<AxMenuItemAction xmlns:i="http://www.w3.org/2001/XMLSchema-instance" xmlns="Microsoft.Dynamics.AX.Metadata.V1">
	<Name>MCSGLImportFile_Expense</Name>
	<EnumParameter>Expense</EnumParameter>
	<EnumTypeParameter>MCSGLImportFileType</EnumTypeParameter>
	<Label>Concur Expense import</Label>
	<Object>MCSGLImportFile</Object>
	<ObjectType>Class</ObjectType>
	<SubscriberAccessLevel>
		<Read xmlns="">Allow</Read>
	</SubscriberAccessLevel>
</AxMenuItemAction>