<?xml version="1.0" encoding="utf-8"?>
<AxSecurityPrivilege xmlns:i="http://www.w3.org/2001/XMLSchema-instance">
	<Name>MCSConcurIntegrationExportEntityView</Name>
	<DataEntityPermissions>
		<AxSecurityDataEntityPermission>
			<Grant>
				<Read>Allow</Read>
			</Grant>
			<Name>MCSConcurIntegrationExportEntity</Name>
			<Fields />
			<Methods />
		</AxSecurityDataEntityPermission>
	</DataEntityPermissions>
	<DirectAccessPermissions />
	<EntryPoints />
	<FormControlOverrides />
</AxSecurityPrivilege>