<?xml version="1.0" encoding="utf-8"?>
<AxSecurityPrivilege xmlns:i="http://www.w3.org/2001/XMLSchema-instance">
	<Name>MCSDimensionEssentials</Name>
	<Description>@SYS327650</Description>
	<Label>@SYS327649</Label>
	<DataEntityPermissions>
		<AxSecurityDataEntityPermission>
			<Grant>
				<Read>Allow</Read>
			</Grant>
			<Name>DimensionSetEntity</Name>
			<Fields />
			<Methods>
				<AxSecurityDataEntityMethodPermission>
					<Grant>
						<Correct>Allow</Correct>
						<Create>Allow</Create>
						<Delete>Allow</Delete>
						<Invoke>Allow</Invoke>
						<Read>Allow</Read>
						<Update>Allow</Update>
					</Grant>
					<Name>getSetDisplayValue</Name>
				</AxSecurityDataEntityMethodPermission>
			</Methods>
		</AxSecurityDataEntityPermission>
		<AxSecurityDataEntityPermission>
			<Grant>
				<Read>Allow</Read>
			</Grant>
			<Name>DimensionCombinationEntity</Name>
			<Fields />
			<Methods>
				<AxSecurityDataEntityMethodPermission>
					<Grant>
						<Correct>Allow</Correct>
						<Create>Allow</Create>
						<Delete>Allow</Delete>
						<Invoke>Allow</Invoke>
						<Read>Allow</Read>
						<Update>Allow</Update>
					</Grant>
					<Name>getCombinationDisplayValue</Name>
				</AxSecurityDataEntityMethodPermission>
			</Methods>
		</AxSecurityDataEntityPermission>
		<AxSecurityDataEntityPermission>
			<Grant>
				<Read>Allow</Read>
			</Grant>
			<Name>DimAttributeMainAccountEntity</Name>
			<Fields />
			<Methods />
		</AxSecurityDataEntityPermission>
		<AxSecurityDataEntityPermission>
			<Grant>
				<Read>Allow</Read>
			</Grant>
			<Name>DimAttributeAssetTableEntity</Name>
			<Fields />
			<Methods />
		</AxSecurityDataEntityPermission>
		<AxSecurityDataEntityPermission>
			<Grant>
				<Read>Allow</Read>
			</Grant>
			<Name>DimAttributeBankAccountTableEntity</Name>
			<Fields />
			<Methods />
		</AxSecurityDataEntityPermission>
		<AxSecurityDataEntityPermission>
			<Grant>
				<Read>Allow</Read>
			</Grant>
			<Name>DimAttributeCustTableEntity</Name>
			<Fields />
			<Methods />
		</AxSecurityDataEntityPermission>
		<AxSecurityDataEntityPermission>
			<Grant>
				<Read>Allow</Read>
			</Grant>
			<Name>DimAttributeProjTableEntity</Name>
			<Fields />
			<Methods />
		</AxSecurityDataEntityPermission>
		<AxSecurityDataEntityPermission>
			<Grant>
				<Read>Allow</Read>
			</Grant>
			<Name>DimAttributeVendTableEntity</Name>
			<Fields />
			<Methods />
		</AxSecurityDataEntityPermission>
		<AxSecurityDataEntityPermission>
			<Grant>
				<Read>Allow</Read>
			</Grant>
			<Name>DimAttributeAgreementHeaderExt_RUEntity</Name>
			<Fields />
			<Methods />
		</AxSecurityDataEntityPermission>
		<AxSecurityDataEntityPermission>
			<Grant>
				<Read>Allow</Read>
			</Grant>
			<Name>DimAttributeAssetGroupEntity</Name>
			<Fields />
			<Methods />
		</AxSecurityDataEntityPermission>
		<AxSecurityDataEntityPermission>
			<Grant>
				<Read>Allow</Read>
			</Grant>
			<Name>DimAttributeCustGroupEntity</Name>
			<Fields />
			<Methods />
		</AxSecurityDataEntityPermission>
		<AxSecurityDataEntityPermission>
			<Grant>
				<Read>Allow</Read>
			</Grant>
			<Name>DimAttributeEmployeeTable_RUEntity</Name>
			<Fields />
			<Methods />
		</AxSecurityDataEntityPermission>
		<AxSecurityDataEntityPermission>
			<Grant>
				<Read>Allow</Read>
			</Grant>
			<Name>DimAttributeFiscalEstablishment_BREntity</Name>
			<Fields />
			<Methods />
		</AxSecurityDataEntityPermission>
		<AxSecurityDataEntityPermission>
			<Grant>
				<Read>Allow</Read>
			</Grant>
			<Name>DimAttributeInventItemGroupEntity</Name>
			<Fields />
			<Methods />
		</AxSecurityDataEntityPermission>
		<AxSecurityDataEntityPermission>
			<Grant>
				<Read>Allow</Read>
			</Grant>
			<Name>DimAttributeInventTableEntity</Name>
			<Fields />
			<Methods />
		</AxSecurityDataEntityPermission>
		<AxSecurityDataEntityPermission>
			<Grant>
				<Read>Allow</Read>
			</Grant>
			<Name>DimAttributeLedgerFund_PSNEntity</Name>
			<Fields />
			<Methods />
		</AxSecurityDataEntityPermission>
		<AxSecurityDataEntityPermission>
			<Grant>
				<Read>Allow</Read>
			</Grant>
			<Name>DimAttributeOMValueStreamEntity</Name>
			<Fields />
			<Methods />
		</AxSecurityDataEntityPermission>
		<AxSecurityDataEntityPermission>
			<Grant>
				<Read>Allow</Read>
			</Grant>
			<Name>DimAttributeProjGroupEntity</Name>
			<Fields />
			<Methods />
		</AxSecurityDataEntityPermission>
		<AxSecurityDataEntityPermission>
			<Grant>
				<Read>Allow</Read>
			</Grant>
			<Name>DimAttributeProjInvoiceTableEntity</Name>
			<Fields />
			<Methods />
		</AxSecurityDataEntityPermission>
		<AxSecurityDataEntityPermission>
			<Grant>
				<Read>Allow</Read>
			</Grant>
			<Name>DimAttributeRAssetTable_RUEntity</Name>
			<Fields />
			<Methods />
		</AxSecurityDataEntityPermission>
		<AxSecurityDataEntityPermission>
			<Grant>
				<Read>Allow</Read>
			</Grant>
			<Name>DimAttributeRCashTable_RUEntity</Name>
			<Fields />
			<Methods />
		</AxSecurityDataEntityPermission>
		<AxSecurityDataEntityPermission>
			<Grant>
				<Read>Allow</Read>
			</Grant>
			<Name>DimAttributeRDeferralsTable_RUEntity</Name>
			<Fields />
			<Methods />
		</AxSecurityDataEntityPermission>
		<AxSecurityDataEntityPermission>
			<Grant>
				<Read>Allow</Read>
			</Grant>
			<Name>DimAttributeRetailChannelEntity</Name>
			<Fields />
			<Methods />
		</AxSecurityDataEntityPermission>
		<AxSecurityDataEntityPermission>
			<Grant>
				<Read>Allow</Read>
			</Grant>
			<Name>DimAttributeRetailStoreEntity</Name>
			<Fields />
			<Methods />
		</AxSecurityDataEntityPermission>
		<AxSecurityDataEntityPermission>
			<Grant>
				<Read>Allow</Read>
			</Grant>
			<Name>DimAttributeRetailTerminalEntity</Name>
			<Fields />
			<Methods />
		</AxSecurityDataEntityPermission>
		<AxSecurityDataEntityPermission>
			<Grant>
				<Read>Allow</Read>
			</Grant>
			<Name>DimAttributeRTax25ProfitTable_RUEntity</Name>
			<Fields />
			<Methods />
		</AxSecurityDataEntityPermission>
		<AxSecurityDataEntityPermission>
			<Grant>
				<Read>Allow</Read>
			</Grant>
			<Name>DimAttributeSmmBusRelTableEntity</Name>
			<Fields />
			<Methods />
		</AxSecurityDataEntityPermission>
		<AxSecurityDataEntityPermission>
			<Grant>
				<Read>Allow</Read>
			</Grant>
			<Name>DimAttributeSmmCampaignTableEntity</Name>
			<Fields />
			<Methods />
		</AxSecurityDataEntityPermission>
		<AxSecurityDataEntityPermission>
			<Grant>
				<Read>Allow</Read>
			</Grant>
			<Name>DimAttributeTaxBranchEntity</Name>
			<Fields />
			<Methods />
		</AxSecurityDataEntityPermission>
		<AxSecurityDataEntityPermission>
			<Grant>
				<Read>Allow</Read>
			</Grant>
			<Name>DimAttributeTrvTravelTxtEntity</Name>
			<Fields />
			<Methods />
		</AxSecurityDataEntityPermission>
		<AxSecurityDataEntityPermission>
			<Grant>
				<Read>Allow</Read>
			</Grant>
			<Name>DimAttributeVendGroupEntity</Name>
			<Fields />
			<Methods />
		</AxSecurityDataEntityPermission>
		<AxSecurityDataEntityPermission>
			<Grant>
				<Read>Allow</Read>
			</Grant>
			<Name>DimAttributeWrkCtrResourceGroupEntity</Name>
			<Fields />
			<Methods />
		</AxSecurityDataEntityPermission>
		<AxSecurityDataEntityPermission>
			<Grant>
				<Read>Allow</Read>
			</Grant>
			<Name>DimAttributeWrkCtrTableEntity</Name>
			<Fields />
			<Methods />
		</AxSecurityDataEntityPermission>
		<AxSecurityDataEntityPermission>
			<Grant>
				<Read>Allow</Read>
			</Grant>
			<Name>DimAttributeOMDepartmentEntity</Name>
			<Fields />
			<Methods />
		</AxSecurityDataEntityPermission>
		<AxSecurityDataEntityPermission>
			<Grant>
				<Read>Allow</Read>
			</Grant>
			<Name>DimAttributeOMCostCenterEntity</Name>
			<Fields />
			<Methods />
		</AxSecurityDataEntityPermission>
		<AxSecurityDataEntityPermission>
			<Grant>
				<Read>Allow</Read>
			</Grant>
			<Name>DimAttributeOMBusinessUnitEntity</Name>
			<Fields />
			<Methods />
		</AxSecurityDataEntityPermission>
		<AxSecurityDataEntityPermission>
			<Grant>
				<Read>Allow</Read>
			</Grant>
			<Name>DimAttributeFinancialTagEntity</Name>
			<Fields />
			<Methods />
		</AxSecurityDataEntityPermission>
		<AxSecurityDataEntityPermission>
			<Grant>
				<Read>Allow</Read>
			</Grant>
			<Name>DimAttributeHCMWorkerEntity</Name>
			<Fields />
			<Methods />
		</AxSecurityDataEntityPermission>
		<AxSecurityDataEntityPermission>
			<Grant>
				<Read>Allow</Read>
			</Grant>
			<Name>DimAttributeCompanyInfoEntity</Name>
			<Fields />
			<Methods />
		</AxSecurityDataEntityPermission>
		<AxSecurityDataEntityPermission>
			<Grant>
				<Read>Allow</Read>
			</Grant>
			<Name>DimAttributeHCMJobEntity</Name>
			<Fields />
			<Methods />
		</AxSecurityDataEntityPermission>
		<AxSecurityDataEntityPermission>
			<Grant>
				<Read>Allow</Read>
			</Grant>
			<Name>DimAttributeHCMPositionEntity</Name>
			<Fields />
			<Methods />
		</AxSecurityDataEntityPermission>
		<AxSecurityDataEntityPermission>
			<Grant>
				<Correct>Allow</Correct>
				<Create>Allow</Create>
				<Delete>Allow</Delete>
				<Read>Allow</Read>
				<Update>Allow</Update>
			</Grant>
			<Name>MCSDimAttributeFinancialTagEntityProjects</Name>
			<Fields />
			<Methods />
		</AxSecurityDataEntityPermission>
	</DataEntityPermissions>
	<DirectAccessPermissions>
		<AxSecurityDataEntityReference>
			<Grant>
				<Read>Allow</Read>
			</Grant>
			<Name>BudgetControlDimensionAttribute</Name>
			<Fields />
		</AxSecurityDataEntityReference>
		<AxSecurityDataEntityReference>
			<Grant>
				<Read>Allow</Read>
			</Grant>
			<Name>BudgetControlMainAccount</Name>
			<Fields />
		</AxSecurityDataEntityReference>
		<AxSecurityDataEntityReference>
			<Grant>
				<Read>Allow</Read>
			</Grant>
			<Name>BudgetPrimaryLedgerDimensionAttribute</Name>
			<Fields />
		</AxSecurityDataEntityReference>
		<AxSecurityDataEntityReference>
			<Grant>
				<Read>Allow</Read>
			</Grant>
			<Name>CompanyInfo</Name>
			<Fields>
				<AxSecurityDataEntityFieldReference>
					<Name>Giro</Name>
					<Grant>
						<Correct>Deny</Correct>
						<Create>Deny</Create>
						<Delete>Deny</Delete>
						<Invoke>Deny</Invoke>
						<Read>Deny</Read>
						<Update>Deny</Update>
					</Grant>
				</AxSecurityDataEntityFieldReference>
				<AxSecurityDataEntityFieldReference>
					<Name>TAx1099RegNum</Name>
					<Grant>
						<Correct>Deny</Correct>
						<Create>Deny</Create>
						<Delete>Deny</Delete>
						<Invoke>Deny</Invoke>
						<Read>Deny</Read>
						<Update>Deny</Update>
					</Grant>
				</AxSecurityDataEntityFieldReference>
			</Fields>
		</AxSecurityDataEntityReference>
		<AxSecurityDataEntityReference>
			<Grant>
				<Read>Allow</Read>
			</Grant>
			<Name>DefaultDimensionView</Name>
			<Fields />
		</AxSecurityDataEntityReference>
		<AxSecurityDataEntityReference>
			<Grant>
				<Read>Allow</Read>
			</Grant>
			<Name>DimAttributeAgreementHeaderExt_RU</Name>
			<Fields />
		</AxSecurityDataEntityReference>
		<AxSecurityDataEntityReference>
			<Grant>
				<Read>Allow</Read>
			</Grant>
			<Name>DimAttributeAssetGroup</Name>
			<Fields />
		</AxSecurityDataEntityReference>
		<AxSecurityDataEntityReference>
			<Grant>
				<Read>Allow</Read>
			</Grant>
			<Name>DimAttributeAssetTable</Name>
			<Fields />
		</AxSecurityDataEntityReference>
		<AxSecurityDataEntityReference>
			<Grant>
				<Read>Allow</Read>
			</Grant>
			<Name>DimAttributeBankAccountTable</Name>
			<Fields />
		</AxSecurityDataEntityReference>
		<AxSecurityDataEntityReference>
			<Grant>
				<Read>Allow</Read>
			</Grant>
			<Name>DimAttributeCompanyInfo</Name>
			<Fields />
		</AxSecurityDataEntityReference>
		<AxSecurityDataEntityReference>
			<Grant>
				<Read>Allow</Read>
			</Grant>
			<Name>DimAttributeCustGroup</Name>
			<Fields />
		</AxSecurityDataEntityReference>
		<AxSecurityDataEntityReference>
			<Grant>
				<Read>Allow</Read>
			</Grant>
			<Name>DimAttributeCustTable</Name>
			<Fields />
		</AxSecurityDataEntityReference>
		<AxSecurityDataEntityReference>
			<Grant>
				<Read>Allow</Read>
			</Grant>
			<Name>DimAttributeEmployeeTable_RU</Name>
			<Fields />
		</AxSecurityDataEntityReference>
		<AxSecurityDataEntityReference>
			<Grant>
				<Read>Allow</Read>
			</Grant>
			<Name>DimAttributeFiscalEstablishment_BR</Name>
			<Fields />
		</AxSecurityDataEntityReference>
		<AxSecurityDataEntityReference>
			<Grant>
				<Read>Allow</Read>
			</Grant>
			<Name>DimAttributeHcmJob</Name>
			<Fields />
		</AxSecurityDataEntityReference>
		<AxSecurityDataEntityReference>
			<Grant>
				<Read>Allow</Read>
			</Grant>
			<Name>DimAttributeHcmPosition</Name>
			<Fields />
		</AxSecurityDataEntityReference>
		<AxSecurityDataEntityReference>
			<Grant>
				<Read>Allow</Read>
			</Grant>
			<Name>DimAttributeHcmWorker</Name>
			<Fields />
		</AxSecurityDataEntityReference>
		<AxSecurityDataEntityReference>
			<Grant>
				<Read>Allow</Read>
			</Grant>
			<Name>DimAttributeInventItemGroup</Name>
			<Fields />
		</AxSecurityDataEntityReference>
		<AxSecurityDataEntityReference>
			<Grant>
				<Read>Allow</Read>
			</Grant>
			<Name>DimAttributeInventTable</Name>
			<Fields />
		</AxSecurityDataEntityReference>
		<AxSecurityDataEntityReference>
			<Grant>
				<Read>Allow</Read>
			</Grant>
			<Name>DimAttributeLedgerFund_PSN</Name>
			<Fields />
		</AxSecurityDataEntityReference>
		<AxSecurityDataEntityReference>
			<Grant>
				<Read>Allow</Read>
			</Grant>
			<Name>DimAttributeMainAccount</Name>
			<Fields />
		</AxSecurityDataEntityReference>
		<AxSecurityDataEntityReference>
			<Grant>
				<Read>Allow</Read>
			</Grant>
			<Name>DimAttributeOMBusinessUnit</Name>
			<Fields />
		</AxSecurityDataEntityReference>
		<AxSecurityDataEntityReference>
			<Grant>
				<Read>Allow</Read>
			</Grant>
			<Name>DimAttributeOMCostCenter</Name>
			<Fields />
		</AxSecurityDataEntityReference>
		<AxSecurityDataEntityReference>
			<Grant>
				<Read>Allow</Read>
			</Grant>
			<Name>DimAttributeOMDepartment</Name>
			<Fields />
		</AxSecurityDataEntityReference>
		<AxSecurityDataEntityReference>
			<Grant>
				<Read>Allow</Read>
			</Grant>
			<Name>DimAttributeOMValueStream</Name>
			<Fields />
		</AxSecurityDataEntityReference>
		<AxSecurityDataEntityReference>
			<Grant>
				<Read>Allow</Read>
			</Grant>
			<Name>DimAttributeProjGroup</Name>
			<Fields />
		</AxSecurityDataEntityReference>
		<AxSecurityDataEntityReference>
			<Grant>
				<Read>Allow</Read>
			</Grant>
			<Name>DimAttributeProjInvoiceTable</Name>
			<Fields />
		</AxSecurityDataEntityReference>
		<AxSecurityDataEntityReference>
			<Grant>
				<Read>Allow</Read>
			</Grant>
			<Name>DimAttributeProjTable</Name>
			<Fields />
		</AxSecurityDataEntityReference>
		<AxSecurityDataEntityReference>
			<Grant>
				<Read>Allow</Read>
			</Grant>
			<Name>DimAttributeRAssetTable_RU</Name>
			<Fields />
		</AxSecurityDataEntityReference>
		<AxSecurityDataEntityReference>
			<Grant>
				<Read>Allow</Read>
			</Grant>
			<Name>DimAttributeRCashTable_RU</Name>
			<Fields />
		</AxSecurityDataEntityReference>
		<AxSecurityDataEntityReference>
			<Grant>
				<Read>Allow</Read>
			</Grant>
			<Name>DimAttributeRDeferralsTable_RU</Name>
			<Fields />
		</AxSecurityDataEntityReference>
		<AxSecurityDataEntityReference>
			<Grant>
				<Read>Allow</Read>
			</Grant>
			<Name>DimAttributeRetailChannel</Name>
			<Fields />
		</AxSecurityDataEntityReference>
		<AxSecurityDataEntityReference>
			<Grant>
				<Read>Allow</Read>
			</Grant>
			<Name>DimAttributeRetailStore</Name>
			<Fields />
		</AxSecurityDataEntityReference>
		<AxSecurityDataEntityReference>
			<Grant>
				<Read>Allow</Read>
			</Grant>
			<Name>DimAttributeRetailTerminal</Name>
			<Fields />
		</AxSecurityDataEntityReference>
		<AxSecurityDataEntityReference>
			<Grant>
				<Read>Allow</Read>
			</Grant>
			<Name>DimAttributeRTax25ProfitTable_RU</Name>
			<Fields />
		</AxSecurityDataEntityReference>
		<AxSecurityDataEntityReference>
			<Grant>
				<Read>Allow</Read>
			</Grant>
			<Name>DimAttributeSmmBusRelTable</Name>
			<Fields />
		</AxSecurityDataEntityReference>
		<AxSecurityDataEntityReference>
			<Grant>
				<Read>Allow</Read>
			</Grant>
			<Name>DimAttributeSmmCampaignTable</Name>
			<Fields />
		</AxSecurityDataEntityReference>
		<AxSecurityDataEntityReference>
			<Grant>
				<Read>Allow</Read>
			</Grant>
			<Name>DimAttributeTaxBranch</Name>
			<Fields />
		</AxSecurityDataEntityReference>
		<AxSecurityDataEntityReference>
			<Grant>
				<Read>Allow</Read>
			</Grant>
			<Name>DimAttributeTrvTravelTxt</Name>
			<Fields />
		</AxSecurityDataEntityReference>
		<AxSecurityDataEntityReference>
			<Grant>
				<Read>Allow</Read>
			</Grant>
			<Name>DimAttributeVendGroup</Name>
			<Fields />
		</AxSecurityDataEntityReference>
		<AxSecurityDataEntityReference>
			<Grant>
				<Read>Allow</Read>
			</Grant>
			<Name>DimAttributeVendTable</Name>
			<Fields />
		</AxSecurityDataEntityReference>
		<AxSecurityDataEntityReference>
			<Grant>
				<Read>Allow</Read>
			</Grant>
			<Name>DimAttributeWrkCtrResourceGroup</Name>
			<Fields />
		</AxSecurityDataEntityReference>
		<AxSecurityDataEntityReference>
			<Grant>
				<Read>Allow</Read>
			</Grant>
			<Name>DimAttributeWrkCtrTable</Name>
			<Fields />
		</AxSecurityDataEntityReference>
		<AxSecurityDataEntityReference>
			<Grant>
				<Read>Allow</Read>
			</Grant>
			<Name>DimAttrTranslFinancialTag</Name>
			<Fields />
		</AxSecurityDataEntityReference>
		<AxSecurityDataEntityReference>
			<Grant>
				<Read>Allow</Read>
			</Grant>
			<Name>DimAttrTranslInventTable</Name>
			<Fields />
		</AxSecurityDataEntityReference>
		<AxSecurityDataEntityReference>
			<Grant>
				<Read>Allow</Read>
			</Grant>
			<Name>DimAttrTranslMainAccount</Name>
			<Fields />
		</AxSecurityDataEntityReference>
		<AxSecurityDataEntityReference>
			<Grant>
				<Create>Allow</Create>
				<Read>Allow</Read>
				<Update>Allow</Update>
			</Grant>
			<Name>DimensionAlias</Name>
			<Fields />
		</AxSecurityDataEntityReference>
		<AxSecurityDataEntityReference>
			<Grant>
				<Create>Allow</Create>
				<Read>Allow</Read>
				<Update>Allow</Update>
			</Grant>
			<Name>DimensionAttribute</Name>
			<Fields />
		</AxSecurityDataEntityReference>
		<AxSecurityDataEntityReference>
			<Grant>
				<Read>Allow</Read>
			</Grant>
			<Name>DimensionAttributeDirCategory</Name>
			<Fields />
		</AxSecurityDataEntityReference>
		<AxSecurityDataEntityReference>
			<Grant>
				<Read>Allow</Read>
			</Grant>
			<Name>DimensionAttributeLevelTaxBranchView</Name>
			<Fields />
		</AxSecurityDataEntityReference>
		<AxSecurityDataEntityReference>
			<Grant>
				<Create>Allow</Create>
				<Read>Allow</Read>
				<Update>Allow</Update>
			</Grant>
			<Name>DimensionAttributeLevelValue</Name>
			<Fields />
		</AxSecurityDataEntityReference>
		<AxSecurityDataEntityReference>
			<Grant>
				<Read>Allow</Read>
			</Grant>
			<Name>DimensionAttributeLevelValueAllView</Name>
			<Fields />
		</AxSecurityDataEntityReference>
		<AxSecurityDataEntityReference>
			<Grant>
				<Read>Allow</Read>
			</Grant>
			<Name>DimensionAttributeLevelValueView</Name>
			<Fields />
		</AxSecurityDataEntityReference>
		<AxSecurityDataEntityReference>
			<Grant>
				<Create>Allow</Create>
				<Read>Allow</Read>
				<Update>Allow</Update>
			</Grant>
			<Name>DimensionAttributeSet</Name>
			<Fields />
		</AxSecurityDataEntityReference>
		<AxSecurityDataEntityReference>
			<Grant>
				<Create>Allow</Create>
				<Read>Allow</Read>
				<Update>Allow</Update>
			</Grant>
			<Name>DimensionAttributeSetItem</Name>
			<Fields />
		</AxSecurityDataEntityReference>
		<AxSecurityDataEntityReference>
			<Grant>
				<Read>Allow</Read>
			</Grant>
			<Name>DimensionAttributeTranslation</Name>
			<Fields />
		</AxSecurityDataEntityReference>
		<AxSecurityDataEntityReference>
			<Grant>
				<Create>Allow</Create>
				<Read>Allow</Read>
				<Update>Allow</Update>
			</Grant>
			<Name>DimensionAttributeValue</Name>
			<Fields />
		</AxSecurityDataEntityReference>
		<AxSecurityDataEntityReference>
			<Grant>
				<Create>Allow</Create>
				<Read>Allow</Read>
				<Update>Allow</Update>
			</Grant>
			<Name>DimensionAttributeValueCombination</Name>
			<Fields />
		</AxSecurityDataEntityReference>
		<AxSecurityDataEntityReference>
			<Grant>
				<Correct>Allow</Correct>
				<Create>Allow</Create>
				<Delete>Allow</Delete>
				<Invoke>Allow</Invoke>
				<Read>Allow</Read>
				<Update>Allow</Update>
			</Grant>
			<Name>DimensionAttributeValueCombinationStatus</Name>
			<Fields />
		</AxSecurityDataEntityReference>
		<AxSecurityDataEntityReference>
			<Grant>
				<Create>Allow</Create>
				<Read>Allow</Read>
				<Update>Allow</Update>
			</Grant>
			<Name>DimensionAttributeValueConsolidation</Name>
			<Fields />
		</AxSecurityDataEntityReference>
		<AxSecurityDataEntityReference>
			<Grant>
				<Create>Allow</Create>
				<Read>Allow</Read>
				<Update>Allow</Update>
			</Grant>
			<Name>DimensionAttributeValueFinancialStmt</Name>
			<Fields />
		</AxSecurityDataEntityReference>
		<AxSecurityDataEntityReference>
			<Grant>
				<Create>Allow</Create>
				<Read>Allow</Read>
				<Update>Allow</Update>
			</Grant>
			<Name>DimensionAttributeValueGroup</Name>
			<Fields />
		</AxSecurityDataEntityReference>
		<AxSecurityDataEntityReference>
			<Grant>
				<Create>Allow</Create>
				<Read>Allow</Read>
				<Update>Allow</Update>
			</Grant>
			<Name>DimensionAttributeValueGroupCombination</Name>
			<Fields />
		</AxSecurityDataEntityReference>
		<AxSecurityDataEntityReference>
			<Grant>
				<Correct>Allow</Correct>
				<Create>Allow</Create>
				<Delete>Allow</Delete>
				<Invoke>Allow</Invoke>
				<Read>Allow</Read>
				<Update>Allow</Update>
			</Grant>
			<Name>DimensionAttributeValueGroupStatus</Name>
			<Fields />
		</AxSecurityDataEntityReference>
		<AxSecurityDataEntityReference>
			<Grant>
				<Create>Allow</Create>
				<Read>Allow</Read>
				<Update>Allow</Update>
			</Grant>
			<Name>DimensionAttributeValueSet</Name>
			<Fields />
		</AxSecurityDataEntityReference>
		<AxSecurityDataEntityReference>
			<Grant>
				<Create>Allow</Create>
				<Read>Allow</Read>
				<Update>Allow</Update>
			</Grant>
			<Name>DimensionAttributeValueSetItem</Name>
			<Fields />
		</AxSecurityDataEntityReference>
		<AxSecurityDataEntityReference>
			<Grant>
				<Read>Allow</Read>
			</Grant>
			<Name>DimensionAttributeValueSetItemView</Name>
			<Fields />
		</AxSecurityDataEntityReference>
		<AxSecurityDataEntityReference>
			<Grant>
				<Read>Allow</Read>
			</Grant>
			<Name>DimensionAttributeValueSetTaxBranchView</Name>
			<Fields />
		</AxSecurityDataEntityReference>
		<AxSecurityDataEntityReference>
			<Grant>
				<Create>Allow</Create>
				<Read>Allow</Read>
				<Update>Allow</Update>
			</Grant>
			<Name>DimensionAttributeValueTotallingCriteria</Name>
			<Fields />
		</AxSecurityDataEntityReference>
		<AxSecurityDataEntityReference>
			<Grant>
				<Read>Allow</Read>
			</Grant>
			<Name>DimensionAttrValueCOAOverride</Name>
			<Fields />
		</AxSecurityDataEntityReference>
		<AxSecurityDataEntityReference>
			<Grant>
				<Read>Allow</Read>
			</Grant>
			<Name>DimensionAttrValueLedgerOverride</Name>
			<Fields />
		</AxSecurityDataEntityReference>
		<AxSecurityDataEntityReference>
			<Grant>
				<Read>Allow</Read>
			</Grant>
			<Name>DimensionConstraintNode</Name>
			<Fields />
		</AxSecurityDataEntityReference>
		<AxSecurityDataEntityReference>
			<Grant>
				<Read>Allow</Read>
			</Grant>
			<Name>DimensionConstraintNodeCriteria</Name>
			<Fields />
		</AxSecurityDataEntityReference>
		<AxSecurityDataEntityReference>
			<Grant>
				<Read>Allow</Read>
			</Grant>
			<Name>DimensionConstraintTree</Name>
			<Fields />
		</AxSecurityDataEntityReference>
		<AxSecurityDataEntityReference>
			<Grant>
				<Create>Allow</Create>
				<Read>Allow</Read>
				<Update>Allow</Update>
			</Grant>
			<Name>DimensionFinancialTag</Name>
			<Fields />
		</AxSecurityDataEntityReference>
		<AxSecurityDataEntityReference>
			<Grant>
				<Read>Allow</Read>
			</Grant>
			<Name>DimensionFocusBalance</Name>
			<Fields />
		</AxSecurityDataEntityReference>
		<AxSecurityDataEntityReference>
			<Grant>
				<Read>Allow</Read>
			</Grant>
			<Name>DimensionFocusBalanceCalculationView</Name>
			<Fields />
		</AxSecurityDataEntityReference>
		<AxSecurityDataEntityReference>
			<Grant>
				<Read>Allow</Read>
			</Grant>
			<Name>DimensionFocusBalanceTmp</Name>
			<Fields />
		</AxSecurityDataEntityReference>
		<AxSecurityDataEntityReference>
			<Grant>
				<Read>Allow</Read>
			</Grant>
			<Name>DimensionFocusLedgerDimensionReference</Name>
			<Fields />
		</AxSecurityDataEntityReference>
		<AxSecurityDataEntityReference>
			<Grant>
				<Read>Allow</Read>
			</Grant>
			<Name>DimensionFocusUnprocessedTransactions</Name>
			<Fields />
		</AxSecurityDataEntityReference>
		<AxSecurityDataEntityReference>
			<Grant>
				<Read>Allow</Read>
			</Grant>
			<Name>DimensionHierarchy</Name>
			<Fields />
		</AxSecurityDataEntityReference>
		<AxSecurityDataEntityReference>
			<Grant>
				<Read>Allow</Read>
			</Grant>
			<Name>DimensionHierarchyLevel</Name>
			<Fields />
		</AxSecurityDataEntityReference>
		<AxSecurityDataEntityReference>
			<Grant>
				<Read>Allow</Read>
			</Grant>
			<Name>DimensionHierarchyLevelView</Name>
			<Fields />
		</AxSecurityDataEntityReference>
		<AxSecurityDataEntityReference>
			<Grant>
				<Read>Allow</Read>
			</Grant>
			<Name>DimensionRelationshipConstraint</Name>
			<Fields />
		</AxSecurityDataEntityReference>
		<AxSecurityDataEntityReference>
			<Grant>
				<Read>Allow</Read>
			</Grant>
			<Name>DimensionRule</Name>
			<Fields />
		</AxSecurityDataEntityReference>
		<AxSecurityDataEntityReference>
			<Grant>
				<Read>Allow</Read>
			</Grant>
			<Name>DimensionRuleAppliedHierarchy</Name>
			<Fields />
		</AxSecurityDataEntityReference>
		<AxSecurityDataEntityReference>
			<Grant>
				<Read>Allow</Read>
			</Grant>
			<Name>DimensionRuleCriteria</Name>
			<Fields />
		</AxSecurityDataEntityReference>
		<AxSecurityDataEntityReference>
			<Grant>
				<Read>Allow</Read>
			</Grant>
			<Name>DimensionRules</Name>
			<Fields />
		</AxSecurityDataEntityReference>
		<AxSecurityDataEntityReference>
			<Grant>
				<Read>Allow</Read>
			</Grant>
			<Name>DimensionSynchronize</Name>
			<Fields />
		</AxSecurityDataEntityReference>
		<AxSecurityDataEntityReference>
			<Grant>
				<Read>Allow</Read>
			</Grant>
			<Name>DimensionSynchronizeAccountStructure</Name>
			<Fields />
		</AxSecurityDataEntityReference>
		<AxSecurityDataEntityReference>
			<Grant>
				<Read>Allow</Read>
			</Grant>
			<Name>DimensionSynchronizeLedger</Name>
			<Fields />
		</AxSecurityDataEntityReference>
		<AxSecurityDataEntityReference>
			<Grant>
				<Correct>Allow</Correct>
				<Create>Allow</Create>
				<Delete>Allow</Delete>
				<Invoke>Allow</Invoke>
				<Read>Allow</Read>
				<Update>Allow</Update>
			</Grant>
			<Name>DimensionValueGroupJournalControlStatus</Name>
			<Fields />
		</AxSecurityDataEntityReference>
		<AxSecurityDataEntityReference>
			<Grant>
				<Read>Allow</Read>
			</Grant>
			<Name>DirPartyRelationship</Name>
			<Fields />
		</AxSecurityDataEntityReference>
		<AxSecurityDataEntityReference>
			<Grant>
				<Read>Allow</Read>
			</Grant>
			<Name>FinancialTagCategory</Name>
			<Fields />
		</AxSecurityDataEntityReference>
		<AxSecurityDataEntityReference>
			<Grant>
				<Read>Allow</Read>
			</Grant>
			<Name>GeneralJournalEntry</Name>
			<Fields />
		</AxSecurityDataEntityReference>
		<AxSecurityDataEntityReference>
			<Grant>
				<Read>Allow</Read>
			</Grant>
			<Name>HcmWorker</Name>
			<Fields />
		</AxSecurityDataEntityReference>
		<AxSecurityDataEntityReference>
			<Grant>
				<Read>Allow</Read>
			</Grant>
			<Name>Ledger</Name>
			<Fields />
		</AxSecurityDataEntityReference>
		<AxSecurityDataEntityReference>
			<Grant>
				<Read>Allow</Read>
			</Grant>
			<Name>LedgerChartOfAccounts</Name>
			<Fields />
		</AxSecurityDataEntityReference>
		<AxSecurityDataEntityReference>
			<Grant>
				<Read>Allow</Read>
			</Grant>
			<Name>LedgerStructure</Name>
			<Fields />
		</AxSecurityDataEntityReference>
		<AxSecurityDataEntityReference>
			<Grant>
				<Create>Allow</Create>
				<Read>Allow</Read>
				<Update>Allow</Update>
			</Grant>
			<Name>MainAccount</Name>
			<Fields />
		</AxSecurityDataEntityReference>
		<AxSecurityDataEntityReference>
			<Grant>
				<Read>Allow</Read>
			</Grant>
			<Name>MainAccountCategory</Name>
			<Fields />
		</AxSecurityDataEntityReference>
		<AxSecurityDataEntityReference>
			<Grant>
				<Read>Allow</Read>
			</Grant>
			<Name>MainAccountConsolidateAccount</Name>
			<Fields />
		</AxSecurityDataEntityReference>
		<AxSecurityDataEntityReference>
			<Grant>
				<Read>Allow</Read>
			</Grant>
			<Name>MainAccountControlCurrencyCode</Name>
			<Fields />
		</AxSecurityDataEntityReference>
		<AxSecurityDataEntityReference>
			<Grant>
				<Create>Allow</Create>
				<Read>Allow</Read>
				<Update>Allow</Update>
			</Grant>
			<Name>MainAccountControlPosting</Name>
			<Fields />
		</AxSecurityDataEntityReference>
		<AxSecurityDataEntityReference>
			<Grant>
				<Read>Allow</Read>
			</Grant>
			<Name>MainAccountControlTaxCode</Name>
			<Fields />
		</AxSecurityDataEntityReference>
		<AxSecurityDataEntityReference>
			<Grant>
				<Read>Allow</Read>
			</Grant>
			<Name>MainAccountControlUser</Name>
			<Fields />
		</AxSecurityDataEntityReference>
		<AxSecurityDataEntityReference>
			<Grant>
				<Read>Allow</Read>
			</Grant>
			<Name>MainAccountLegalEntity</Name>
			<Fields />
		</AxSecurityDataEntityReference>
		<AxSecurityDataEntityReference>
			<Grant>
				<Read>Allow</Read>
			</Grant>
			<Name>MainAccountSeparateBalance</Name>
			<Fields />
		</AxSecurityDataEntityReference>
		<AxSecurityDataEntityReference>
			<Grant>
				<Read>Allow</Read>
			</Grant>
			<Name>MainAccountTemplate</Name>
			<Fields />
		</AxSecurityDataEntityReference>
		<AxSecurityDataEntityReference>
			<Grant>
				<Read>Allow</Read>
			</Grant>
			<Name>OMExplodedOrganizationSecurityGraph</Name>
			<Fields />
		</AxSecurityDataEntityReference>
		<AxSecurityDataEntityReference>
			<Grant>
				<Create>Allow</Create>
				<Read>Allow</Read>
				<Update>Allow</Update>
			</Grant>
			<Name>TmpAccountSum</Name>
			<Fields />
		</AxSecurityDataEntityReference>
		<AxSecurityDataEntityReference>
			<Grant>
				<Read>Allow</Read>
			</Grant>
			<Name>DimAttributeFinancialTag</Name>
			<Fields>
				<AxSecurityDataEntityFieldReference>
					<Name>Key</Name>
				</AxSecurityDataEntityFieldReference>
				<AxSecurityDataEntityFieldReference>
					<Name>Name</Name>
				</AxSecurityDataEntityFieldReference>
				<AxSecurityDataEntityFieldReference>
					<Name>Value</Name>
				</AxSecurityDataEntityFieldReference>
			</Fields>
		</AxSecurityDataEntityReference>
		<AxSecurityDataEntityReference>
			<Grant>
				<Read>Allow</Read>
			</Grant>
			<Name>GeneralLedgerBalance</Name>
			<Fields />
		</AxSecurityDataEntityReference>
		<AxSecurityDataEntityReference>
			<Grant>
				<Read>Allow</Read>
			</Grant>
			<Name>GeneralLedgerBalanceReportingDimension</Name>
			<Fields />
		</AxSecurityDataEntityReference>
		<AxSecurityDataEntityReference>
			<Grant>
				<Read>Allow</Read>
			</Grant>
			<Name>GeneralLedgerBalanceReportingDimensionReference</Name>
			<Fields />
		</AxSecurityDataEntityReference>
		<AxSecurityDataEntityReference>
			<Grant>
				<Read>Allow</Read>
			</Grant>
			<Name>GeneralLedgerBalanceUnprocessedTransactions</Name>
			<Fields />
		</AxSecurityDataEntityReference>
		<AxSecurityDataEntityReference>
			<Grant>
				<Read>Allow</Read>
			</Grant>
			<Name>GeneralLedgerBalanceDimensionHierarchyState</Name>
			<Fields />
		</AxSecurityDataEntityReference>
	</DirectAccessPermissions>
	<EntryPoints>
		<AxSecurityEntryPointReference>
			<Name>DimensionCombinationPreviewPart</Name>
			<Grant>
				<Read>Allow</Read>
			</Grant>
			<ObjectName>DimensionCombinationPreviewPart</ObjectName>
			<ObjectType>MenuItemDisplay</ObjectType>
			<Forms>
				<AxSecurityEntryPointReferenceForm>
					<Name>DimensionCombinationPreviewPart</Name>
					<Controls />
					<DataSources />
				</AxSecurityEntryPointReferenceForm>
			</Forms>
		</AxSecurityEntryPointReference>
	</EntryPoints>
	<FormControlOverrides />
</AxSecurityPrivilege>