<?xml version="1.0" encoding="utf-8"?>
<AxTable xmlns:i="http://www.w3.org/2001/XMLSchema-instance">
	<Name>MCSCustomerMappingTable</Name>
	<SourceCode>
		<Declaration><![CDATA[
public class MCSCustomerMappingTable extends common
{
}
]]></Declaration>
		<Methods />
	</SourceCode>
	<Label>CRM and D365 customer mapping</Label>
	<SubscriberAccessLevel>
		<Read>Allow</Read>
	</SubscriberAccessLevel>
	<TitleField1>AccountNum</TitleField1>
	<TitleField2>cpcustom1</TitleField2>
	<AllowRowVersionChangeTracking>Yes</AllowRowVersionChangeTracking>
	<PrimaryIndex>UniqueIdx</PrimaryIndex>
	<DeleteActions />
	<FieldGroups>
		<AxTableFieldGroup>
			<Name>AutoReport</Name>
			<Fields />
		</AxTableFieldGroup>
		<AxTableFieldGroup>
			<Name>AutoLookup</Name>
			<Fields />
		</AxTableFieldGroup>
		<AxTableFieldGroup>
			<Name>AutoIdentification</Name>
			<AutoPopulate>Yes</AutoPopulate>
			<Fields />
		</AxTableFieldGroup>
		<AxTableFieldGroup>
			<Name>AutoSummary</Name>
			<Fields />
		</AxTableFieldGroup>
		<AxTableFieldGroup>
			<Name>AutoBrowse</Name>
			<Fields />
		</AxTableFieldGroup>
		<AxTableFieldGroup>
			<Name>Overview</Name>
			<Fields>
				<AxTableFieldGroupField>
					<DataField>cpcustom1</DataField>
				</AxTableFieldGroupField>
				<AxTableFieldGroupField>
					<DataField>AccountNum</DataField>
				</AxTableFieldGroupField>
			</Fields>
		</AxTableFieldGroup>
	</FieldGroups>
	<Fields>
		<AxTableField xmlns=""
			i:type="AxTableFieldString">
			<Name>cpcustom1</Name>
			<AllowEdit>No</AllowEdit>
			<ExtendedDataType>Str60</ExtendedDataType>
			<IgnoreEDTRelation>Yes</IgnoreEDTRelation>
			<Label>cpcustom1</Label>
			<Mandatory>Yes</Mandatory>
		</AxTableField>
		<AxTableField xmlns=""
			i:type="AxTableFieldString">
			<Name>AccountNum</Name>
			<AllowEdit>No</AllowEdit>
			<AssetClassification>Customer Content </AssetClassification>
			<ExtendedDataType>CustAccount</ExtendedDataType>
			<Mandatory>Yes</Mandatory>
		</AxTableField>
	</Fields>
	<FullTextIndexes />
	<Indexes>
		<AxTableIndex>
			<Name>UniqueIdx</Name>
			<Fields>
				<AxTableIndexField>
					<DataField>cpcustom1</DataField>
				</AxTableIndexField>
			</Fields>
		</AxTableIndex>
	</Indexes>
	<Mappings />
	<Relations>
		<AxTableRelation xmlns=""
			i:type="AxTableRelationForeignKey">
			<Name>OrderCustomer</Name>
			<Cardinality>ZeroMore</Cardinality>
			<EDTRelation>Yes</EDTRelation>
			<OnDelete>Restricted</OnDelete>
			<RelatedTable>CustTable</RelatedTable>
			<RelatedTableCardinality>ExactlyOne</RelatedTableCardinality>
			<RelatedTableRole>OrderCustomer</RelatedTableRole>
			<RelationshipType>Association</RelationshipType>
			<Role>SalesTable</Role>
			<UseDefaultRoleNames>No</UseDefaultRoleNames>
			<Constraints>
				<AxTableRelationConstraint xmlns=""
					i:type="AxTableRelationConstraintField">
					<Name>AccountNum</Name>
					<SourceEDT>CustAccount</SourceEDT>
					<Field>AccountNum</Field>
					<RelatedField>AccountNum</RelatedField>
				</AxTableRelationConstraint>
			</Constraints>
			<Index>AccountIdx</Index>
		</AxTableRelation>
	</Relations>
	<StateMachines />
</AxTable>