<?xml version="1.0" encoding="utf-8"?>
<AxTable xmlns:i="http://www.w3.org/2001/XMLSchema-instance">
	<Name>MCSConcurIntegrationExportStaging</Name>
	<SourceCode>
		<Methods />
	</SourceCode>
	<ConfigurationKey>DMF</ConfigurationKey>
	<DeveloperDocumentation>@DMF:StagingDeveloperDocumentation</DeveloperDocumentation>
	<FormRef>DMFQuickImportEnhanced</FormRef>
	<Label>@SYS67126</Label>
	<TableGroup>Staging</TableGroup>
	<TitleField1>DefinitionGroupName</TitleField1>
	<TitleField2>Description</TitleField2>
	<PrimaryIndex>StagingIdx</PrimaryIndex>
	<ReplacementKey>StagingIdx</ReplacementKey>
	<SaveDataPerCompany>No</SaveDataPerCompany>
	<DeleteActions />
	<FieldGroups>
		<AxTableFieldGroup>
			<Name>AutoReport</Name>
			<IsSystemGenerated>Yes</IsSystemGenerated>
			<Fields />
		</AxTableFieldGroup>
		<AxTableFieldGroup>
			<Name>AutoLookup</Name>
			<IsSystemGenerated>Yes</IsSystemGenerated>
			<Fields />
		</AxTableFieldGroup>
		<AxTableFieldGroup>
			<Name>AutoIdentification</Name>
			<AutoPopulate>Yes</AutoPopulate>
			<IsSystemGenerated>Yes</IsSystemGenerated>
			<Fields />
		</AxTableFieldGroup>
		<AxTableFieldGroup>
			<Name>AutoSummary</Name>
			<IsSystemGenerated>Yes</IsSystemGenerated>
			<Fields />
		</AxTableFieldGroup>
		<AxTableFieldGroup>
			<Name>AutoBrowse</Name>
			<IsSystemGenerated>Yes</IsSystemGenerated>
			<Fields />
		</AxTableFieldGroup>
		<AxTableFieldGroup>
			<Name>ExtensionList</Name>
			<IsSystemGenerated>Yes</IsSystemGenerated>
			<Label>@DMF:StagingExtensionGroup</Label>
			<Fields>
				<AxTableFieldGroupField>
					<DataField>DefinitionGroup</DataField>
				</AxTableFieldGroupField>
				<AxTableFieldGroupField>
					<DataField>IsSelected</DataField>
				</AxTableFieldGroupField>
				<AxTableFieldGroupField>
					<DataField>TransferStatus</DataField>
				</AxTableFieldGroupField>
				<AxTableFieldGroupField>
					<DataField>ExecutionId</DataField>
				</AxTableFieldGroupField>
			</Fields>
		</AxTableFieldGroup>
	</FieldGroups>
	<Fields>
		<AxTableField xmlns=""
			i:type="AxTableFieldString">
			<Name>DefinitionGroup</Name>
			<AllowEdit>No</AllowEdit>
			<ExtendedDataType>DMFDefinitionGroupName</ExtendedDataType>
			<IsSystemGenerated>Yes</IsSystemGenerated>
			<Mandatory>Yes</Mandatory>
			<StringSize>60</StringSize>
		</AxTableField>
		<AxTableField xmlns=""
			i:type="AxTableFieldString">
			<Name>ExecutionId</Name>
			<AllowEdit>No</AllowEdit>
			<ExtendedDataType>DMFExecutionId</ExtendedDataType>
			<IsSystemGenerated>Yes</IsSystemGenerated>
			<Mandatory>Yes</Mandatory>
			<StringSize>90</StringSize>
		</AxTableField>
		<AxTableField xmlns=""
			i:type="AxTableFieldEnum">
			<Name>IsSelected</Name>
			<ExtendedDataType>DMFIsSelected</ExtendedDataType>
			<IsSystemGenerated>Yes</IsSystemGenerated>
			<EnumType>NoYes</EnumType>
		</AxTableField>
		<AxTableField xmlns=""
			i:type="AxTableFieldEnum">
			<Name>TransferStatus</Name>
			<IsSystemGenerated>Yes</IsSystemGenerated>
			<EnumType>DMFTransferStatus</EnumType>
		</AxTableField>
		<AxTableField xmlns=""
			i:type="AxTableFieldEnum">
			<Name>Adapter</Name>
			<AllowEdit>No</AllowEdit>
			<AllowEditOnCreate>No</AllowEditOnCreate>
			<IsSystemGenerated>Yes</IsSystemGenerated>
			<EnumType>DMFAdapter</EnumType>
		</AxTableField>
		<AxTableField xmlns=""
			i:type="AxTableFieldEnum">
			<Name>CompareType</Name>
			<AllowEdit>No</AllowEdit>
			<AllowEditOnCreate>No</AllowEditOnCreate>
			<IsSystemGenerated>Yes</IsSystemGenerated>
			<EnumType>DMFCompare</EnumType>
		</AxTableField>
		<AxTableField xmlns=""
			i:type="AxTableFieldString">
			<Name>DefinitionGroupName</Name>
			<AllowEdit>No</AllowEdit>
			<ExtendedDataType>DMFDefinitionGroupName</ExtendedDataType>
			<IsSystemGenerated>Yes</IsSystemGenerated>
			<Label>@SYS10874</Label>
			<Mandatory>Yes</Mandatory>
		</AxTableField>
		<AxTableField xmlns=""
			i:type="AxTableFieldString">
			<Name>Description</Name>
			<ExtendedDataType>Description</ExtendedDataType>
			<IsSystemGenerated>Yes</IsSystemGenerated>
		</AxTableField>
		<AxTableField xmlns=""
			i:type="AxTableFieldEnum">
			<Name>OperationType</Name>
			<AllowEdit>No</AllowEdit>
			<IsSystemGenerated>Yes</IsSystemGenerated>
			<Label>@ApplicationFoundation:DMFOperationType</Label>
			<EnumType>DMFOperationType</EnumType>
		</AxTableField>
		<AxTableField xmlns=""
			i:type="AxTableFieldEnum">
			<Name>GenerateDataPackage</Name>
			<ExtendedDataType>NoYesId</ExtendedDataType>
			<IsSystemGenerated>Yes</IsSystemGenerated>
			<Label>@ApplicationFoundation:DMFConfirmDataPackageExport</Label>
			<EnumType>NoYes</EnumType>
		</AxTableField>
		<AxTableField xmlns=""
			i:type="AxTableFieldEnum">
			<Name>TruncateEntityData</Name>
			<ExtendedDataType>NoYesId</ExtendedDataType>
			<IsSystemGenerated>Yes</IsSystemGenerated>
			<EnumType>NoYes</EnumType>
		</AxTableField>
		<AxTableField xmlns=""
			i:type="AxTableFieldEnum">
			<Name>ProjectCategory</Name>
			<IsSystemGenerated>Yes</IsSystemGenerated>
			<EnumType>DMFProjectCategory</EnumType>
		</AxTableField>
		<AxTableField xmlns=""
			i:type="AxTableFieldGuid">
			<Name>DefinitionGroupId</Name>
			<IsSystemGenerated>Yes</IsSystemGenerated>
			<Label>@DMF1998</Label>
		</AxTableField>
		<AxTableField xmlns=""
			i:type="AxTableFieldEnum">
			<Name>SingleUse</Name>
			<ExtendedDataType>DMFSingleUseDefinitionGroup</ExtendedDataType>
			<IsSystemGenerated>Yes</IsSystemGenerated>
			<EnumType>NoYes</EnumType>
		</AxTableField>
	</Fields>
	<FullTextIndexes />
	<Indexes>
		<AxTableIndex>
			<Name>StagingIdx</Name>
			<AlternateKey>Yes</AlternateKey>
			<IsSystemGenerated>Yes</IsSystemGenerated>
			<Fields>
				<AxTableIndexField>
					<DataField>DefinitionGroup</DataField>
				</AxTableIndexField>
				<AxTableIndexField>
					<DataField>ExecutionId</DataField>
				</AxTableIndexField>
				<AxTableIndexField>
					<DataField>DefinitionGroupName</DataField>
				</AxTableIndexField>
			</Fields>
		</AxTableIndex>
	</Indexes>
	<Mappings />
	<Relations>
		<AxTableRelation xmlns=""
			i:type="AxTableRelationForeignKey">
			<Name>DataEntity</Name>
			<Cardinality>ExactlyOne</Cardinality>
			<EntityRelationshipRole>@DMF:StagingToDataEntityRelationshipRole</EntityRelationshipRole>
			<IsSystemGenerated>Yes</IsSystemGenerated>
			<RelatedTable>MCSConcurIntegrationExportEntity</RelatedTable>
			<RelatedTableCardinality>ZeroOne</RelatedTableCardinality>
			<RelationshipType>Link</RelationshipType>
			<Validate>No</Validate>
			<Constraints>
				<AxTableRelationConstraint xmlns=""
					i:type="AxTableRelationConstraintField">
					<Name>DefinitionGroupName</Name>
					<Field>DefinitionGroupName</Field>
					<RelatedField>DefinitionGroupName</RelatedField>
				</AxTableRelationConstraint>
			</Constraints>
		</AxTableRelation>
	</Relations>
	<StateMachines />
</AxTable>