<?xml version="1.0" encoding="utf-8"?>
<AxTable xmlns:i="http://www.w3.org/2001/XMLSchema-instance">
	<Name>MCSFileExportProfileTable</Name>
	<SourceCode>
		<Declaration><![CDATA[
public class MCSFileExportProfileTable extends common
{
}
]]></Declaration>
		<Methods>
			<Method>
				<Name>find</Name>
				<Source><![CDATA[
    public static MCSFileExportProfileTable find(MCSProfileType _profileId, boolean _forupdate = false)
    {
        MCSFileExportProfileTable mcsFileExportProfileTable;

        if (_profileId)
        {
            mcsFileExportProfileTable.selectForUpdate(_forupdate);

            select firstonly mcsFileExportProfileTable
                where mcsFileExportProfileTable.ProfileType == _profileId;
        }

        return mcsFileExportProfileTable;
    }

]]></Source>
			</Method>
			<Method>
				<Name>findbyFile</Name>
				<Source><![CDATA[
    public static MCSFileExportProfileTable findbyFile(MCSGLImportFileType _fileType, boolean _forupdate = false)
    {
        MCSFileExportProfileTable mcsFileExportProfileTable;
        MCSProfileType           profileType = MCSProfileType::None;

        switch(_fileType)
        {
            case MCSGLImportFileType::Invoices :
                profileType = MCSProfileType::Invoices; 
                break;
            case MCSGLImportFileType::Expense :
                profileType = MCSProfileType::Expense;
                break;

        }


        mcsFileExportProfileTable.selectForUpdate(_forupdate);

        select firstonly mcsFileExportProfileTable
            where mcsFileExportProfileTable.ProfileType == profileType;

        return mcsFileExportProfileTable;
    }

]]></Source>
			</Method>
			<Method>
				<Name>getPublicKeyStream</Name>
				<Source><![CDATA[
    public System.IO.Stream getPublicKeyStream()
    {
        Binary bin = Binary::constructFromContainer(this.PublicKey);
        return bin.getMemoryStream();
    }

]]></Source>
			</Method>
			<Method>
				<Name>getPrivateKeyStream</Name>
				<Source><![CDATA[
    public System.IO.Stream getPrivateKeyStream()
    {
        Binary bin = Binary::constructFromContainer(this.PrivateKey);
        return bin.getMemoryStream();
    }

]]></Source>
			</Method>
			<Method>
				<Name>isEncrypted</Name>
				<Source><![CDATA[
    [SysClientCacheDataMethod(true)]
    public display MCSEncryptedFile isEncrypted()
    {
        return conLen(this.PublicKey) ? NoYes::Yes : NoYes::No;
    }

]]></Source>
			</Method>
			<Method>
				<Name>isSigned</Name>
				<Source><![CDATA[
    [SysClientCacheDataMethod(true)]
    public display MCSSignedFile isSigned()
    {
        return conLen(this.PrivateKey) ? NoYes::Yes : NoYes::No;
    }

]]></Source>
			</Method>
		</Methods>
	</SourceCode>
	<FormRef>MCSFileExportProfile</FormRef>
	<Label>@MCSBankPayments:FileExportProfile</Label>
	<SubscriberAccessLevel>
		<Read>Allow</Read>
	</SubscriberAccessLevel>
	<TitleField1>ProfileType</TitleField1>
	<TitleField2>Description</TitleField2>
	<CacheLookup>Found</CacheLookup>
	<ClusteredIndex>ProfileIdIdx</ClusteredIndex>
	<PrimaryIndex>ProfileIdIdx</PrimaryIndex>
	<ReplacementKey>ProfileIdIdx</ReplacementKey>
	<DeleteActions />
	<FieldGroups>
		<AxTableFieldGroup>
			<Name>AutoReport</Name>
			<Fields>
				<AxTableFieldGroupField>
					<DataField>Description</DataField>
				</AxTableFieldGroupField>
				<AxTableFieldGroupField>
					<DataField>ExportLocation</DataField>
				</AxTableFieldGroupField>
			</Fields>
		</AxTableFieldGroup>
		<AxTableFieldGroup>
			<Name>AutoLookup</Name>
			<Fields />
		</AxTableFieldGroup>
		<AxTableFieldGroup>
			<Name>AutoIdentification</Name>
			<AutoPopulate>Yes</AutoPopulate>
			<Fields>
				<AxTableFieldGroupField>
					<DataField>ProfileType</DataField>
				</AxTableFieldGroupField>
			</Fields>
		</AxTableFieldGroup>
		<AxTableFieldGroup>
			<Name>AutoSummary</Name>
			<Fields />
		</AxTableFieldGroup>
		<AxTableFieldGroup>
			<Name>AutoBrowse</Name>
			<Fields />
		</AxTableFieldGroup>
		<AxTableFieldGroup>
			<Name>Encryption</Name>
			<Label>Encryption</Label>
			<Fields>
				<AxTableFieldGroupField>
					<DataField>Passphrase</DataField>
				</AxTableFieldGroupField>
			</Fields>
		</AxTableFieldGroup>
	</FieldGroups>
	<Fields>
		<AxTableField xmlns=""
			i:type="AxTableFieldString">
			<Name>Description</Name>
			<ExtendedDataType>Description</ExtendedDataType>
		</AxTableField>
		<AxTableField xmlns=""
			i:type="AxTableFieldString">
			<Name>ExportLocation</Name>
			<ExtendedDataType>FilePath</ExtendedDataType>
			<Label>Location</Label>
		</AxTableField>
		<AxTableField xmlns=""
			i:type="AxTableFieldString">
			<Name>Passphrase</Name>
			<ExtendedDataType>MCSPGPPassPhrase</ExtendedDataType>
			<Label>Passphrase</Label>
			<Visible>No</Visible>
		</AxTableField>
		<AxTableField xmlns=""
			i:type="AxTableFieldContainer">
			<Name>PrivateKey</Name>
			<ExtendedDataType>MCSKeyContainer</ExtendedDataType>
			<Label>Private Key</Label>
		</AxTableField>
		<AxTableField xmlns=""
			i:type="AxTableFieldContainer">
			<Name>PublicKey</Name>
			<ExtendedDataType>MCSKeyContainer</ExtendedDataType>
			<Label>Public key</Label>
		</AxTableField>
		<AxTableField xmlns=""
			i:type="AxTableFieldEnum">
			<Name>ProfileType</Name>
			<EnumType>MCSProfileType</EnumType>
		</AxTableField>
	</Fields>
	<FullTextIndexes />
	<Indexes>
		<AxTableIndex>
			<Name>ProfileIdIdx</Name>
			<AlternateKey>Yes</AlternateKey>
			<Fields>
				<AxTableIndexField>
					<DataField>ProfileType</DataField>
				</AxTableIndexField>
			</Fields>
		</AxTableIndex>
	</Indexes>
	<Mappings />
	<Relations />
	<StateMachines />
</AxTable>