<?xml version="1.0" encoding="utf-8"?>
<AxTable xmlns:i="http://www.w3.org/2001/XMLSchema-instance">
	<Name>MCSGLImportLineLMS</Name>
	<SourceCode>
		<Declaration><![CDATA[
public class MCSGLImportLineLMS extends common
{
    #MCSGLImport
}
]]></Declaration>
		<Methods>
			<Method>
				<Name>validateRecords</Name>
				<Source><![CDATA[
    public static void validateRecords(RecId _importTableRecId, boolean _clearExisting = false)
    {
        MCSGLImportLineLMS      importLine;
        MCSCustomerMappingTable customerMapping; 

        if (_importTableRecId)
        {
            ttsbegin;
            update_recordset importLine
                setting Notes = ''
                where importLine.ImportTable == _importTableRecId;

            update_recordset importLine setting Notes = "@MCS:AmountMissing"
                where !importLine.Notes && importLine.ImportTable == _importTableRecId &&
                !importLine.MainAccountNum;

            update_recordset importLine setting Notes = "Invalid Trans date"
                where !importLine.Notes && importLine.ImportTable == _importTableRecId &&
                !importLine.TransDate;

            update_recordset importLine setting Notes = "Invalid Due date"
                where !importLine.Notes && importLine.ImportTable == _importTableRecId &&
                !importLine.DueDate;

            update_recordset importLine setting Notes = "Invalid Amount"
                where !importLine.Notes && importLine.ImportTable == _importTableRecId &&
                !importLine.Amount;

            update_recordset importLine setting Notes = "Invalid Tax code"
                where !importLine.Notes && importLine.ImportTable == _importTableRecId &&
                !importLine.TaxCode;

            update_recordset importLine setting Notes = "Invalid Tax Item code"
                where !importLine.Notes && importLine.ImportTable == _importTableRecId &&
                !importLine.TaxItemGroup;

            //update_recordset importLine setting Notes = "Invalid default dimensions code"
            //    where !importLine.Notes && importLine.ImportTable == _importTableRecId &&
            //    !importLine.DefaultDimension;

            update_recordset importLine setting Notes = "Invalid customer mapping"
                where importLine.ImportTable == _importTableRecId &&
                !importLine.Notes
                notexists join customerMapping
                where customerMapping.cpcustom1 == importLine.BillTo;
            ttscommit;
        }
    }

]]></Source>
			</Method>
			<Method>
				<Name>displayInvoiceNumber</Name>
				<Source><![CDATA[
    public display str displayInvoiceNumber(MCSGLImportLineLMS _ImportJournal)
    {
        return _ImportJournal.custInvoiceTable().InvoiceId == "" ? "@SYS11670" : _ImportJournal.custInvoiceTable().InvoiceId;
    }

]]></Source>
			</Method>
			<Method>
				<Name>custInvoiceTable</Name>
				<Source><![CDATA[
    public display CustInvoiceTable custInvoiceTable(boolean _forupdate = false)
    {
        CustInvoiceTable custInvoiceTable;
        if (this.CustInvoiceTable)
        {
            custInvoiceTable = CustInvoiceTable::findRecId(this.CustInvoiceTable, _forupdate);
        }
        return custInvoiceTable;
    }

]]></Source>
			</Method>
		</Methods>
	</SourceCode>
	<Label>LMS Integrtaion</Label>
	<SubscriberAccessLevel>
		<Read>Allow</Read>
	</SubscriberAccessLevel>
	<TableGroup>WorksheetLine</TableGroup>
	<TitleField1>LineNumber</TitleField1>
	<TitleField2>CustInvoiceLines</TitleField2>
	<CacheLookup>NotInTTS</CacheLookup>
	<ClusteredIndex>MCSPOSImportTableIdx</ClusteredIndex>
	<DeleteActions />
	<FieldGroups>
		<AxTableFieldGroup>
			<Name>AutoReport</Name>
			<Fields>
				<AxTableFieldGroupField>
					<DataField>LineNumber</DataField>
				</AxTableFieldGroupField>
			</Fields>
		</AxTableFieldGroup>
		<AxTableFieldGroup>
			<Name>AutoLookup</Name>
			<Fields />
		</AxTableFieldGroup>
		<AxTableFieldGroup>
			<Name>AutoIdentification</Name>
			<AutoPopulate>Yes</AutoPopulate>
			<Fields />
		</AxTableFieldGroup>
		<AxTableFieldGroup>
			<Name>AutoSummary</Name>
			<Fields />
		</AxTableFieldGroup>
		<AxTableFieldGroup>
			<Name>AutoBrowse</Name>
			<Fields />
		</AxTableFieldGroup>
		<AxTableFieldGroup>
			<Name>Identification</Name>
			<Label>@SYS5711</Label>
			<Fields>
				<AxTableFieldGroupField>
					<DataField>ImportTable</DataField>
				</AxTableFieldGroupField>
				<AxTableFieldGroupField>
					<DataField>LineNumber</DataField>
				</AxTableFieldGroupField>
			</Fields>
		</AxTableFieldGroup>
		<AxTableFieldGroup>
			<Name>ImportFields</Name>
			<Label>@MCS:ImportFields</Label>
			<Fields>
				<AxTableFieldGroupField>
					<DataField>InvoiceNumber</DataField>
				</AxTableFieldGroupField>
				<AxTableFieldGroupField>
					<DataField>InvoiceDate</DataField>
				</AxTableFieldGroupField>
				<AxTableFieldGroupField>
					<DataField>DueDate</DataField>
				</AxTableFieldGroupField>
				<AxTableFieldGroupField>
					<DataField>DescriptionHeader</DataField>
				</AxTableFieldGroupField>
				<AxTableFieldGroupField>
					<DataField>BillTo</DataField>
				</AxTableFieldGroupField>
				<AxTableFieldGroupField>
					<DataField>Reference</DataField>
				</AxTableFieldGroupField>
				<AxTableFieldGroupField>
					<DataField>ToDate</DataField>
				</AxTableFieldGroupField>
				<AxTableFieldGroupField>
					<DataField>FromDate</DataField>
				</AxTableFieldGroupField>
				<AxTableFieldGroupField>
					<DataField>Description</DataField>
				</AxTableFieldGroupField>
				<AxTableFieldGroupField>
					<DataField>FeeBased</DataField>
				</AxTableFieldGroupField>
				<AxTableFieldGroupField>
					<DataField>Days</DataField>
				</AxTableFieldGroupField>
				<AxTableFieldGroupField>
					<DataField>Rate</DataField>
				</AxTableFieldGroupField>
				<AxTableFieldGroupField>
					<DataField>DayYear</DataField>
				</AxTableFieldGroupField>
				<AxTableFieldGroupField>
					<DataField>FacilityAmount</DataField>
				</AxTableFieldGroupField>
				<AxTableFieldGroupField>
					<DataField>Amount</DataField>
				</AxTableFieldGroupField>
			</Fields>
		</AxTableFieldGroup>
		<AxTableFieldGroup>
			<Name>Overview</Name>
			<Label>@SYS34991</Label>
			<Fields>
				<AxTableFieldGroupField>
					<DataField>LineNumber</DataField>
				</AxTableFieldGroupField>
				<AxTableFieldGroupField>
					<DataField>MainAccountNum</DataField>
				</AxTableFieldGroupField>
				<AxTableFieldGroupField>
					<DataField>AccountNum</DataField>
				</AxTableFieldGroupField>
				<AxTableFieldGroupField>
					<DataField>TransDate</DataField>
				</AxTableFieldGroupField>
				<AxTableFieldGroupField>
					<DataField>InvoiceNumber</DataField>
				</AxTableFieldGroupField>
				<AxTableFieldGroupField>
					<DataField>InvoiceDate</DataField>
				</AxTableFieldGroupField>
				<AxTableFieldGroupField>
					<DataField>DueDate</DataField>
				</AxTableFieldGroupField>
				<AxTableFieldGroupField>
					<DataField>DescriptionHeader</DataField>
				</AxTableFieldGroupField>
				<AxTableFieldGroupField>
					<DataField>BillTo</DataField>
				</AxTableFieldGroupField>
				<AxTableFieldGroupField>
					<DataField>Reference</DataField>
				</AxTableFieldGroupField>
				<AxTableFieldGroupField>
					<DataField>ToDate</DataField>
				</AxTableFieldGroupField>
				<AxTableFieldGroupField>
					<DataField>FromDate</DataField>
				</AxTableFieldGroupField>
				<AxTableFieldGroupField>
					<DataField>Days</DataField>
				</AxTableFieldGroupField>
				<AxTableFieldGroupField>
					<DataField>DayYear</DataField>
				</AxTableFieldGroupField>
				<AxTableFieldGroupField>
					<DataField>Rate</DataField>
				</AxTableFieldGroupField>
				<AxTableFieldGroupField>
					<DataField>Description</DataField>
				</AxTableFieldGroupField>
				<AxTableFieldGroupField>
					<DataField>FeeBased</DataField>
				</AxTableFieldGroupField>
				<AxTableFieldGroupField>
					<DataField>Amount</DataField>
				</AxTableFieldGroupField>
				<AxTableFieldGroupField>
					<DataField>FacilityAmount</DataField>
				</AxTableFieldGroupField>
			</Fields>
		</AxTableFieldGroup>
		<AxTableFieldGroup>
			<Name>DetailsLMS</Name>
			<Label>LMS Details</Label>
			<Fields />
		</AxTableFieldGroup>
	</FieldGroups>
	<Fields>
		<AxTableField xmlns=""
			i:type="AxTableFieldInt64">
			<Name>ImportTable</Name>
			<ExtendedDataType>RefRecId</ExtendedDataType>
		</AxTableField>
		<AxTableField xmlns=""
			i:type="AxTableFieldInt">
			<Name>LineNumber</Name>
			<ExtendedDataType>Counter</ExtendedDataType>
			<Label>@SYS9367</Label>
		</AxTableField>
		<AxTableField xmlns=""
			i:type="AxTableFieldString">
			<Name>Notes</Name>
			<ExtendedDataType>NotesLine</ExtendedDataType>
			<Label>@MCS:ErrorText</Label>
		</AxTableField>
		<AxTableField xmlns=""
			i:type="AxTableFieldString">
			<Name>entity</Name>
			<ExtendedDataType>Str60</ExtendedDataType>
			<IgnoreEDTRelation>Yes</IgnoreEDTRelation>
			<Label>entity_en</Label>
		</AxTableField>
		<AxTableField xmlns=""
			i:type="AxTableFieldString">
			<Name>InvoiceNumber</Name>
			<ExtendedDataType>Str60</ExtendedDataType>
			<IgnoreEDTRelation>Yes</IgnoreEDTRelation>
			<Label>Invoice Number</Label>
		</AxTableField>
		<AxTableField xmlns=""
			i:type="AxTableFieldString">
			<Name>InvoiceDate</Name>
			<ExtendedDataType>Str60</ExtendedDataType>
			<IgnoreEDTRelation>Yes</IgnoreEDTRelation>
			<Label>Invoice Date</Label>
		</AxTableField>
		<AxTableField xmlns=""
			i:type="AxTableFieldString">
			<Name>BillTo</Name>
			<ExtendedDataType>Str60</ExtendedDataType>
			<IgnoreEDTRelation>Yes</IgnoreEDTRelation>
			<Label>Bill To</Label>
		</AxTableField>
		<AxTableField xmlns=""
			i:type="AxTableFieldString">
			<Name>DescriptionHeader</Name>
			<ExtendedDataType>Str60</ExtendedDataType>
			<IgnoreEDTRelation>Yes</IgnoreEDTRelation>
			<Label>Description Header</Label>
		</AxTableField>
		<AxTableField xmlns=""
			i:type="AxTableFieldInt64">
			<Name>CustInvoiceLines</Name>
			<ExtendedDataType>RefRecId</ExtendedDataType>
			<IgnoreEDTRelation>Yes</IgnoreEDTRelation>
		</AxTableField>
		<AxTableField xmlns=""
			i:type="AxTableFieldDate">
			<Name>TransDate</Name>
			<ExtendedDataType>TransDate</ExtendedDataType>
			<IgnoreEDTRelation>Yes</IgnoreEDTRelation>
		</AxTableField>
		<AxTableField xmlns=""
			i:type="AxTableFieldString">
			<Name>AccountNum</Name>
			<AllowEdit>No</AllowEdit>
			<AssetClassification>Customer Content </AssetClassification>
			<ExtendedDataType>CustAccount</ExtendedDataType>
			<Mandatory>Yes</Mandatory>
		</AxTableField>
		<AxTableField xmlns=""
			i:type="AxTableFieldString">
			<Name>MainAccountNum</Name>
			<ExtendedDataType>MainAccountNum</ExtendedDataType>
			<IgnoreEDTRelation>Yes</IgnoreEDTRelation>
		</AxTableField>
		<AxTableField xmlns=""
			i:type="AxTableFieldInt64">
			<Name>DefaultDimension</Name>
			<AssetClassification>Customer Content</AssetClassification>
			<ExtendedDataType>LedgerDefaultDimensionValueSet</ExtendedDataType>
			<SysSharingType>Never</SysSharingType>
		</AxTableField>
		<AxTableField xmlns=""
			i:type="AxTableFieldString">
			<Name>TaxItemGroup</Name>
			<AssetClassification>Customer Content</AssetClassification>
			<ExtendedDataType>TaxGroupJournal</ExtendedDataType>
			<Label>@SYS21932</Label>
		</AxTableField>
		<AxTableField xmlns=""
			i:type="AxTableFieldString">
			<Name>TaxCode</Name>
			<AssetClassification>Customer Content</AssetClassification>
			<ExtendedDataType>TaxCode</ExtendedDataType>
		</AxTableField>
		<AxTableField xmlns=""
			i:type="AxTableFieldDate">
			<Name>DueDate</Name>
			<ExtendedDataType>TransDate</ExtendedDataType>
			<IgnoreEDTRelation>Yes</IgnoreEDTRelation>
			<Label>Due Date</Label>
		</AxTableField>
		<AxTableField xmlns=""
			i:type="AxTableFieldInt64">
			<Name>CustInvoiceTable</Name>
			<ExtendedDataType>RefRecId</ExtendedDataType>
			<IgnoreEDTRelation>Yes</IgnoreEDTRelation>
		</AxTableField>
		<AxTableField xmlns=""
			i:type="AxTableFieldDate">
			<Name>FromDate</Name>
			<ExtendedDataType>FromDate</ExtendedDataType>
			<IgnoreEDTRelation>Yes</IgnoreEDTRelation>
			<Label>From</Label>
		</AxTableField>
		<AxTableField xmlns=""
			i:type="AxTableFieldDate">
			<Name>ToDate</Name>
			<ExtendedDataType>ToDate</ExtendedDataType>
			<IgnoreEDTRelation>Yes</IgnoreEDTRelation>
			<Label>To</Label>
		</AxTableField>
		<AxTableField xmlns=""
			i:type="AxTableFieldString">
			<Name>Reference</Name>
			<ExtendedDataType>Str60</ExtendedDataType>
			<IgnoreEDTRelation>Yes</IgnoreEDTRelation>
			<Label>Reference</Label>
		</AxTableField>
		<AxTableField xmlns=""
			i:type="AxTableFieldString">
			<Name>Description</Name>
			<ExtendedDataType>Str60</ExtendedDataType>
			<IgnoreEDTRelation>Yes</IgnoreEDTRelation>
			<Label>Description</Label>
		</AxTableField>
		<AxTableField xmlns=""
			i:type="AxTableFieldString">
			<Name>FeeBased</Name>
			<ExtendedDataType>Str60</ExtendedDataType>
			<IgnoreEDTRelation>Yes</IgnoreEDTRelation>
			<Label>Fee Based on</Label>
		</AxTableField>
		<AxTableField xmlns=""
			i:type="AxTableFieldReal">
			<Name>Rate</Name>
			<ExtendedDataType>PriceUnit</ExtendedDataType>
			<IgnoreEDTRelation>Yes</IgnoreEDTRelation>
			<Label>Rate%</Label>
		</AxTableField>
		<AxTableField xmlns=""
			i:type="AxTableFieldString">
			<Name>DayYear</Name>
			<ExtendedDataType>Str60</ExtendedDataType>
			<IgnoreEDTRelation>Yes</IgnoreEDTRelation>
			<Label>Days/Year</Label>
		</AxTableField>
		<AxTableField xmlns=""
			i:type="AxTableFieldReal">
			<Name>FacilityAmount</Name>
			<ExtendedDataType>Amount</ExtendedDataType>
			<IgnoreEDTRelation>Yes</IgnoreEDTRelation>
			<Label>Facility Amount</Label>
		</AxTableField>
		<AxTableField xmlns=""
			i:type="AxTableFieldReal">
			<Name>Amount</Name>
			<ExtendedDataType>Amount</ExtendedDataType>
			<IgnoreEDTRelation>Yes</IgnoreEDTRelation>
			<Label>Amount</Label>
		</AxTableField>
		<AxTableField xmlns=""
			i:type="AxTableFieldString">
			<Name>Days</Name>
			<ExtendedDataType>Str60</ExtendedDataType>
			<IgnoreEDTRelation>Yes</IgnoreEDTRelation>
			<Label>Days</Label>
		</AxTableField>
	</Fields>
	<FullTextIndexes />
	<Indexes>
		<AxTableIndex>
			<Name>MCSPOSImportTableIdx</Name>
			<AllowDuplicates>Yes</AllowDuplicates>
			<Fields>
				<AxTableIndexField>
					<DataField>ImportTable</DataField>
				</AxTableIndexField>
				<AxTableIndexField>
					<DataField>LineNumber</DataField>
				</AxTableIndexField>
			</Fields>
		</AxTableIndex>
	</Indexes>
	<Mappings />
	<Relations>
		<AxTableRelation xmlns=""
			i:type="AxTableRelationForeignKey">
			<Name>MCSGLImportTable</Name>
			<Cardinality>ZeroMore</Cardinality>
			<OnDelete>Cascade</OnDelete>
			<RelatedTable>MCSGLImportTable</RelatedTable>
			<RelatedTableCardinality>ExactlyOne</RelatedTableCardinality>
			<RelatedTableRole>GLImportMainAccount</RelatedTableRole>
			<RelationshipType>Association</RelationshipType>
			<Role>GLImportMainAccount</Role>
			<UseDefaultRoleNames>No</UseDefaultRoleNames>
			<Constraints>
				<AxTableRelationConstraint xmlns=""
					i:type="AxTableRelationConstraintField">
					<Name>ImportTable</Name>
					<Field>ImportTable</Field>
					<RelatedField>RecId</RelatedField>
				</AxTableRelationConstraint>
				<AxTableRelationConstraint xmlns=""
					i:type="AxTableRelationConstraintRelatedFixed">
					<Name>FileType</Name>
					<RelatedField>FileType</RelatedField>
					<ValueStr>MCSGLImportFileType::LMS</ValueStr>
				</AxTableRelationConstraint>
			</Constraints>
			<Index>RecId</Index>
		</AxTableRelation>
		<AxTableRelation xmlns=""
			i:type="AxTableRelationForeignKey">
			<Name>CustInvoiceLine</Name>
			<Cardinality>ZeroMore</Cardinality>
			<EDTRelation>Yes</EDTRelation>
			<RelatedTable>CustInvoiceLine</RelatedTable>
			<RelatedTableCardinality>ExactlyOne</RelatedTableCardinality>
			<RelatedTableRole>CustInvoiceLine</RelatedTableRole>
			<RelationshipType>Association</RelationshipType>
			<Constraints>
				<AxTableRelationConstraint xmlns=""
					i:type="AxTableRelationConstraintField">
					<Name>CustInvoiceLines</Name>
					<Field>CustInvoiceLines</Field>
					<RelatedField>RecId</RelatedField>
				</AxTableRelationConstraint>
			</Constraints>
		</AxTableRelation>
	</Relations>
	<StateMachines />
</AxTable>