<?xml version="1.0" encoding="utf-8"?>
<AxTable xmlns:i="http://www.w3.org/2001/XMLSchema-instance">
	<Name>MCSGLImportLineExpense</Name>
	<SourceCode>
		<Declaration><![CDATA[
public class MCSGLImportLineExpense extends common
{
    #MCSGLImport

}
]]></Declaration>
		<Methods>
			<Method>
				<Name>validateRecords</Name>
				<Source><![CDATA[
    public static void validateRecords(RecId _importTableRecId, boolean _clearExisting = false)
    {
        MCSGLImportLineExpense importLine;

        if (_importTableRecId)
        {
            ttsbegin;
            update_recordset importLine
                setting Notes = ''
                where importLine.ImportTable == _importTableRecId;

            vendTable vendTable;
            update_recordset importLine setting Notes = "Invalid vendor account"
                where !importLine.Notes && importLine.ImportTable == _importTableRecId
                notexists join vendTable
                where vendTable.AccountNum == importLine.AccountNum;

            MainAccount mainAccount;
            update_recordset importLine setting Notes = "@MCS:InvalidLEdgerAccount"
                where !importLine.Notes && importLine.ImportTable == _importTableRecId 
                notexists join mainAccount
                where mainAccount.MainAccountId == importLine.MainAccountNum;

            DimAttributeOMBusinessUnit      dimAttributeOMBusinessUnit;

            update_recordset importLine setting Notes = "@MCS:InvalidBusinesUnit"
                where importLine.ImportTable == _importTableRecId &&
                !importLine.Notes 
                notexists join DimAttributeOMBusinessUnit
                where dimAttributeOMBusinessUnit.Value == importLine.BusinessUnit;

            DimAttributeOMCostCenter      DimAttributeOMCostCenter;

            update_recordset importLine setting Notes = "Invalid cost center"
                where importLine.ImportTable == _importTableRecId &&
                !importLine.Notes 
                notexists join DimAttributeOMCostCenter
                where DimAttributeOMCostCenter.Value == importLine.CostCenter;
            
            update_recordset importLine setting Notes = "Debit and credit cannot be zero"
                where importLine.ImportTable == _importTableRecId &&
                !importLine.Notes &&
                !importLine.Credit && !importLine.Debit; 

            DimensionAttributeValue     DimensionAttributeValue;
            DimensionAttribute          DimensionAttribute;

            update_recordset importLine setting Notes = "Invalid Product_Project_Code "
                where importLine.ImportTable == _importTableRecId &&
                    !importLine.Notes 
                    notexists join DimensionAttributeValue
                    where DimensionAttributeValue.DisplayValue == importLine.Product_Project_Code
                    exists join  DimensionAttribute
                    where DimensionAttribute.RecId == DimensionAttributeValue.DimensionAttribute
                    && DimensionAttribute.Name == 'Product_Project_Code';

            
            ttscommit;
        }
    }

]]></Source>
			</Method>
		</Methods>
	</SourceCode>
	<Label>Concur Expense Integrations</Label>
	<SubscriberAccessLevel>
		<Read>Allow</Read>
	</SubscriberAccessLevel>
	<TableGroup>WorksheetLine</TableGroup>
	<TitleField1>LineNumber</TitleField1>
	<TitleField2>AccountNum</TitleField2>
	<CacheLookup>NotInTTS</CacheLookup>
	<ClusteredIndex>MCSPOSImportTableIdx</ClusteredIndex>
	<DeleteActions />
	<FieldGroups>
		<AxTableFieldGroup>
			<Name>AutoReport</Name>
			<Fields>
				<AxTableFieldGroupField>
					<DataField>LineNumber</DataField>
				</AxTableFieldGroupField>
			</Fields>
		</AxTableFieldGroup>
		<AxTableFieldGroup>
			<Name>AutoLookup</Name>
			<Fields />
		</AxTableFieldGroup>
		<AxTableFieldGroup>
			<Name>AutoIdentification</Name>
			<AutoPopulate>Yes</AutoPopulate>
			<Fields />
		</AxTableFieldGroup>
		<AxTableFieldGroup>
			<Name>AutoSummary</Name>
			<Fields />
		</AxTableFieldGroup>
		<AxTableFieldGroup>
			<Name>AutoBrowse</Name>
			<Fields />
		</AxTableFieldGroup>
		<AxTableFieldGroup>
			<Name>Identification</Name>
			<Label>@SYS5711</Label>
			<Fields>
				<AxTableFieldGroupField>
					<DataField>ImportTable</DataField>
				</AxTableFieldGroupField>
				<AxTableFieldGroupField>
					<DataField>LineNumber</DataField>
				</AxTableFieldGroupField>
			</Fields>
		</AxTableFieldGroup>
		<AxTableFieldGroup>
			<Name>ImportFields</Name>
			<Label>@MCS:ImportFields</Label>
			<Fields>
				<AxTableFieldGroupField>
					<DataField>Debit</DataField>
				</AxTableFieldGroupField>
				<AxTableFieldGroupField>
					<DataField>Credit</DataField>
				</AxTableFieldGroupField>
				<AxTableFieldGroupField>
					<DataField>AccountNum</DataField>
				</AxTableFieldGroupField>
				<AxTableFieldGroupField>
					<DataField>InvoiceDate</DataField>
				</AxTableFieldGroupField>
				<AxTableFieldGroupField>
					<DataField>InvoiceReceivedDate</DataField>
				</AxTableFieldGroupField>
				<AxTableFieldGroupField>
					<DataField>InvoiceId</DataField>
				</AxTableFieldGroupField>
				<AxTableFieldGroupField>
					<DataField>MainAccountNum</DataField>
				</AxTableFieldGroupField>
				<AxTableFieldGroupField>
					<DataField>BusinessUnit</DataField>
				</AxTableFieldGroupField>
				<AxTableFieldGroupField>
					<DataField>Product_Project_Code</DataField>
				</AxTableFieldGroupField>
				<AxTableFieldGroupField>
					<DataField>CostCenter</DataField>
				</AxTableFieldGroupField>
				<AxTableFieldGroupField>
					<DataField>LineDescription</DataField>
				</AxTableFieldGroupField>
				<AxTableFieldGroupField>
					<DataField>TaxGroup</DataField>
				</AxTableFieldGroupField>
				<AxTableFieldGroupField>
					<DataField>TaxItemGroup</DataField>
				</AxTableFieldGroupField>
			</Fields>
		</AxTableFieldGroup>
		<AxTableFieldGroup>
			<Name>Overview</Name>
			<Label>@SYS34991</Label>
			<Fields>
				<AxTableFieldGroupField>
					<DataField>LineNumber</DataField>
				</AxTableFieldGroupField>
				<AxTableFieldGroupField>
					<DataField>TransDate</DataField>
				</AxTableFieldGroupField>
				<AxTableFieldGroupField>
					<DataField>AccountNum</DataField>
				</AxTableFieldGroupField>
				<AxTableFieldGroupField>
					<DataField>InvoiceId</DataField>
				</AxTableFieldGroupField>
				<AxTableFieldGroupField>
					<DataField>InvoiceDate</DataField>
				</AxTableFieldGroupField>
				<AxTableFieldGroupField>
					<DataField>LineDescription</DataField>
				</AxTableFieldGroupField>
				<AxTableFieldGroupField>
					<DataField>Credit</DataField>
				</AxTableFieldGroupField>
				<AxTableFieldGroupField>
					<DataField>Debit</DataField>
				</AxTableFieldGroupField>
				<AxTableFieldGroupField>
					<DataField>MainAccountNum</DataField>
				</AxTableFieldGroupField>
				<AxTableFieldGroupField>
					<DataField>CostCenter</DataField>
				</AxTableFieldGroupField>
				<AxTableFieldGroupField>
					<DataField>BusinessUnit</DataField>
				</AxTableFieldGroupField>
				<AxTableFieldGroupField>
					<DataField>Product_Project_Code</DataField>
				</AxTableFieldGroupField>
				<AxTableFieldGroupField>
					<DataField>TaxGroup</DataField>
				</AxTableFieldGroupField>
				<AxTableFieldGroupField>
					<DataField>TaxItemGroup</DataField>
				</AxTableFieldGroupField>
			</Fields>
		</AxTableFieldGroup>
	</FieldGroups>
	<Fields>
		<AxTableField xmlns=""
			i:type="AxTableFieldInt64">
			<Name>ImportTable</Name>
			<ExtendedDataType>RefRecId</ExtendedDataType>
		</AxTableField>
		<AxTableField xmlns=""
			i:type="AxTableFieldInt">
			<Name>LineNumber</Name>
			<ExtendedDataType>Counter</ExtendedDataType>
			<Label>@SYS9367</Label>
		</AxTableField>
		<AxTableField xmlns=""
			i:type="AxTableFieldString">
			<Name>Notes</Name>
			<ExtendedDataType>NotesLine</ExtendedDataType>
			<Label>@MCS:ErrorText</Label>
		</AxTableField>
		<AxTableField xmlns=""
			i:type="AxTableFieldString">
			<Name>BusinessUnit</Name>
			<ExtendedDataType>OMOperatingUnitNumber</ExtendedDataType>
			<Label>Programm_Unit</Label>
		</AxTableField>
		<AxTableField xmlns=""
			i:type="AxTableFieldString">
			<Name>AccountNum</Name>
			<ExtendedDataType>Description</ExtendedDataType>
			<IgnoreEDTRelation>Yes</IgnoreEDTRelation>
			<Label>Account Number</Label>
		</AxTableField>
		<AxTableField xmlns=""
			i:type="AxTableFieldString">
			<Name>InvoiceId</Name>
			<ExtendedDataType>Description</ExtendedDataType>
			<IgnoreEDTRelation>Yes</IgnoreEDTRelation>
			<Label>Expense Id</Label>
		</AxTableField>
		<AxTableField xmlns=""
			i:type="AxTableFieldReal">
			<Name>Debit</Name>
			<ExtendedDataType>Amount</ExtendedDataType>
			<IgnoreEDTRelation>Yes</IgnoreEDTRelation>
			<Label>Debit</Label>
		</AxTableField>
		<AxTableField xmlns=""
			i:type="AxTableFieldReal">
			<Name>Credit</Name>
			<ExtendedDataType>Amount</ExtendedDataType>
			<IgnoreEDTRelation>Yes</IgnoreEDTRelation>
			<Label>Credit</Label>
		</AxTableField>
		<AxTableField xmlns=""
			i:type="AxTableFieldReal">
			<Name>Amount</Name>
			<ExtendedDataType>Amount</ExtendedDataType>
			<IgnoreEDTRelation>Yes</IgnoreEDTRelation>
			<Label>Amount</Label>
		</AxTableField>
		<AxTableField xmlns=""
			i:type="AxTableFieldString">
			<Name>MainAccountNum</Name>
			<ExtendedDataType>MainAccountNum</ExtendedDataType>
			<IgnoreEDTRelation>Yes</IgnoreEDTRelation>
		</AxTableField>
		<AxTableField xmlns=""
			i:type="AxTableFieldString">
			<Name>CostCenter</Name>
			<ExtendedDataType>OMOperatingUnitNumber</ExtendedDataType>
			<IgnoreEDTRelation>Yes</IgnoreEDTRelation>
			<Label>Cost centres</Label>
		</AxTableField>
		<AxTableField xmlns=""
			i:type="AxTableFieldString">
			<Name>Product_Project_Code</Name>
			<ExtendedDataType>OMOperatingUnitNumber</ExtendedDataType>
			<IgnoreEDTRelation>Yes</IgnoreEDTRelation>
			<Label>Product_Project_Code</Label>
		</AxTableField>
		<AxTableField xmlns=""
			i:type="AxTableFieldDate">
			<Name>TransDate</Name>
			<ExtendedDataType>TransDate</ExtendedDataType>
			<Label>Transaction Date</Label>
		</AxTableField>
		<AxTableField xmlns=""
			i:type="AxTableFieldString">
			<Name>journaltype</Name>
			<ExtendedDataType>String10</ExtendedDataType>
			<IgnoreEDTRelation>Yes</IgnoreEDTRelation>
			<Label>Jrnl Type</Label>
		</AxTableField>
		<AxTableField xmlns=""
			i:type="AxTableFieldDate">
			<Name>InvoiceDate</Name>
			<ExtendedDataType>TransDate</ExtendedDataType>
			<Label>Expense date</Label>
		</AxTableField>
		<AxTableField xmlns=""
			i:type="AxTableFieldDate">
			<Name>InvoiceReceivedDate</Name>
			<ExtendedDataType>TransDate</ExtendedDataType>
			<Label>Invoice received date</Label>
		</AxTableField>
		<AxTableField xmlns=""
			i:type="AxTableFieldString">
			<Name>LineDescription</Name>
			<ExtendedDataType>Description</ExtendedDataType>
			<IgnoreEDTRelation>Yes</IgnoreEDTRelation>
			<Label>Description</Label>
		</AxTableField>
		<AxTableField xmlns=""
			i:type="AxTableFieldString">
			<Name>TaxGroup</Name>
			<AssetClassification>Customer Content</AssetClassification>
			<ExtendedDataType>TaxGroupJournal</ExtendedDataType>
		</AxTableField>
		<AxTableField xmlns=""
			i:type="AxTableFieldString">
			<Name>TaxItemGroup</Name>
			<AssetClassification>Customer Content</AssetClassification>
			<ExtendedDataType>TaxGroupJournal</ExtendedDataType>
			<Label>@SYS21932</Label>
		</AxTableField>
	</Fields>
	<FullTextIndexes />
	<Indexes>
		<AxTableIndex>
			<Name>MCSPOSImportTableIdx</Name>
			<AllowDuplicates>Yes</AllowDuplicates>
			<Fields>
				<AxTableIndexField>
					<DataField>ImportTable</DataField>
				</AxTableIndexField>
				<AxTableIndexField>
					<DataField>LineNumber</DataField>
				</AxTableIndexField>
			</Fields>
		</AxTableIndex>
	</Indexes>
	<Mappings />
	<Relations>
		<AxTableRelation xmlns=""
			i:type="AxTableRelationForeignKey">
			<Name>MCSGLImportTable</Name>
			<Cardinality>ZeroMore</Cardinality>
			<OnDelete>Cascade</OnDelete>
			<RelatedTable>MCSGLImportTable</RelatedTable>
			<RelatedTableCardinality>ExactlyOne</RelatedTableCardinality>
			<RelatedTableRole>GLImportMainAccount</RelatedTableRole>
			<RelationshipType>Association</RelationshipType>
			<Role>GLImportMainAccount</Role>
			<UseDefaultRoleNames>No</UseDefaultRoleNames>
			<Constraints>
				<AxTableRelationConstraint xmlns=""
					i:type="AxTableRelationConstraintField">
					<Name>ImportTable</Name>
					<Field>ImportTable</Field>
					<RelatedField>RecId</RelatedField>
				</AxTableRelationConstraint>
				<AxTableRelationConstraint xmlns=""
					i:type="AxTableRelationConstraintRelatedFixed">
					<Name>FileType</Name>
					<RelatedField>FileType</RelatedField>
					<ValueStr>MCSGLImportFileType::Expense</ValueStr>
				</AxTableRelationConstraint>
			</Constraints>
			<Index>RecId</Index>
		</AxTableRelation>
	</Relations>
	<StateMachines />
</AxTable>