<?xml version="1.0" encoding="utf-8"?>
<AxTable xmlns:i="http://www.w3.org/2001/XMLSchema-instance">
	<Name>MCSGLImportJournals</Name>
	<SourceCode>
		<Declaration><![CDATA[
public class MCSGLImportJournals extends common
{


}
]]></Declaration>
		<Methods>
			<Method>
				<Name>find</Name>
				<Source><![CDATA[
    public static MCSGLImportJournals find(RefRecId _importTable, DataAreaId _company, LedgerjournalId _journalId, boolean _forupdate = false)
    {
        MCSGLImportJournals MCSGLImportJournals;
        if (_importTable && _company && _journalId)
        {
            MCSGLImportJournals.selectForUpdate(_forupdate);

            select firstonly MCSGLImportJournals
                where MCSGLImportJournals.ImportTable == _importTable &&
                MCSGLImportJournals.Company == _company &&
                MCSGLImportJournals.LedgerJournalId == _journalId;
        }
        return MCSGLImportJournals;
    }

]]></Source>
			</Method>
			<Method>
				<Name>ledgerJournalTable</Name>
				<Source><![CDATA[
    public LedgerJournalTable ledgerJournalTable()
    {
        LedgerJournalTable ret;
        if (this.LedgerJournalId && this.Company)
        {
            container cmp = [this.Company];

            
            select crosscompany : cmp ret
                where ret.DataAreaId == this.Company &&
                ret.JournalNum == this.LedgerJournalId;
        }
        return ret;
    }

]]></Source>
			</Method>
			<Method>
				<Name>isPosted</Name>
				<Source><![CDATA[
    [SysClientCacheDataMethod(true)]
    public display Posted isPosted()
    {
        return this.ledgerJournalTable().Posted;
    }

]]></Source>
			</Method>
			<Method>
				<Name>journalTpe</Name>
				<Source><![CDATA[
    [SysClientCacheDataMethod(true)]
    public display LedgerJournalType journalTpe()
    {
        return this.ledgerJournalTable().JournalType;
    }

]]></Source>
			</Method>
		</Methods>
	</SourceCode>
	<Label>@MCS:ImportJournals</Label>
	<SubscriberAccessLevel>
		<Read>Allow</Read>
	</SubscriberAccessLevel>
	<TableGroup>WorksheetLine</TableGroup>
	<TitleField1>Company</TitleField1>
	<TitleField2>LedgerJournalId</TitleField2>
	<CacheLookup>Found</CacheLookup>
	<ClusteredIndex>MCSGLImportTableIdx</ClusteredIndex>
	<PrimaryIndex>MCSGLImportTableIdx</PrimaryIndex>
	<ReplacementKey>MCSGLImportTableIdx</ReplacementKey>
	<SaveDataPerCompany>No</SaveDataPerCompany>
	<DeleteActions />
	<FieldGroups>
		<AxTableFieldGroup>
			<Name>AutoReport</Name>
			<Fields />
		</AxTableFieldGroup>
		<AxTableFieldGroup>
			<Name>AutoLookup</Name>
			<Fields />
		</AxTableFieldGroup>
		<AxTableFieldGroup>
			<Name>AutoIdentification</Name>
			<AutoPopulate>Yes</AutoPopulate>
			<Fields>
				<AxTableFieldGroupField>
					<DataField>ImportTable</DataField>
				</AxTableFieldGroupField>
				<AxTableFieldGroupField>
					<DataField>Company</DataField>
				</AxTableFieldGroupField>
				<AxTableFieldGroupField>
					<DataField>LedgerJournalId</DataField>
				</AxTableFieldGroupField>
			</Fields>
		</AxTableFieldGroup>
		<AxTableFieldGroup>
			<Name>AutoSummary</Name>
			<Fields />
		</AxTableFieldGroup>
		<AxTableFieldGroup>
			<Name>AutoBrowse</Name>
			<Fields />
		</AxTableFieldGroup>
	</FieldGroups>
	<Fields>
		<AxTableField xmlns=""
			i:type="AxTableFieldInt64">
			<Name>ImportTable</Name>
			<ExtendedDataType>RefRecId</ExtendedDataType>
			<Mandatory>Yes</Mandatory>
		</AxTableField>
		<AxTableField xmlns=""
			i:type="AxTableFieldString">
			<Name>LedgerJournalId</Name>
			<ExtendedDataType>LedgerJournalId</ExtendedDataType>
		</AxTableField>
		<AxTableField xmlns=""
			i:type="AxTableFieldString">
			<Name>Company</Name>
			<ExtendedDataType>SelectableDataArea</ExtendedDataType>
		</AxTableField>
	</Fields>
	<FullTextIndexes />
	<Indexes>
		<AxTableIndex>
			<Name>MCSGLImportTableIdx</Name>
			<AlternateKey>Yes</AlternateKey>
			<Fields>
				<AxTableIndexField>
					<DataField>ImportTable</DataField>
				</AxTableIndexField>
				<AxTableIndexField>
					<DataField>Company</DataField>
				</AxTableIndexField>
				<AxTableIndexField>
					<DataField>LedgerJournalId</DataField>
				</AxTableIndexField>
			</Fields>
		</AxTableIndex>
	</Indexes>
	<Mappings />
	<Relations>
		<AxTableRelation xmlns=""
			i:type="AxTableRelationForeignKey">
			<Name>MCSGLImportTable</Name>
			<Cardinality>ExactlyOne</Cardinality>
			<OnDelete>Cascade</OnDelete>
			<RelatedTable>MCSGLImportTable</RelatedTable>
			<RelatedTableCardinality>ExactlyOne</RelatedTableCardinality>
			<RelationshipType>Association</RelationshipType>
			<Role>MCSGLImportTable</Role>
			<Constraints>
				<AxTableRelationConstraint xmlns=""
					i:type="AxTableRelationConstraintField">
					<Name>ImportTable</Name>
					<Field>ImportTable</Field>
					<RelatedField>RecId</RelatedField>
				</AxTableRelationConstraint>
			</Constraints>
			<Index>RecId</Index>
		</AxTableRelation>
		<AxTableRelation>
			<Name>LedgerJournalTable</Name>
			<Cardinality>ZeroMore</Cardinality>
			<OnDelete>Cascade</OnDelete>
			<RelatedTable>LedgerJournalTable</RelatedTable>
			<RelatedTableCardinality>ZeroOne</RelatedTableCardinality>
			<RelatedTableRole>LedgerJournalTable</RelatedTableRole>
			<RelationshipType>Association</RelationshipType>
			<Role>LedgerJournalTable</Role>
			<Constraints>
				<AxTableRelationConstraint xmlns=""
					i:type="AxTableRelationConstraintField">
					<Name>LedgerJournalId</Name>
					<Field>LedgerJournalId</Field>
					<RelatedField>JournalNum</RelatedField>
				</AxTableRelationConstraint>
				<AxTableRelationConstraint xmlns=""
					i:type="AxTableRelationConstraintField">
					<Name>Company</Name>
					<Field>Company</Field>
					<RelatedField>DataAreaId</RelatedField>
				</AxTableRelationConstraint>
			</Constraints>
		</AxTableRelation>
	</Relations>
	<StateMachines />
</AxTable>