<?xml version="1.0" encoding="utf-8"?>
<AxTable xmlns:i="http://www.w3.org/2001/XMLSchema-instance">
	<Name>MCSGLImportTable</Name>
	<SourceCode>
		<Declaration><![CDATA[
public class MCSGLImportTable extends common
{

}
]]></Declaration>
		<Methods>
			<Method>
				<Name>findRecId</Name>
				<Source><![CDATA[
    public static MCSGLImportTable findRecId(RefRecId _recId, boolean _forupdate = false)
    {
        MCSGLImportTable importTable;

        if (_recId)
        {
            importTable.selectForUpdate(_forupdate);

            select firstonly importTable
                where importTable.RecId == _recId;
        }

        return importTable;
    }

]]></Source>
			</Method>
			<Method>
				<Name>findFileId</Name>
				<Source><![CDATA[
    public static MCSGLImportTable findFileId(str _fileId, boolean _forupdate = false)
    {
        MCSGLImportTable importTable;

        if (_fileId)
        {
            importTable.selectForUpdate(_forupdate);

            select firstonly importTable
                where importTable.FileId == _fileId;
                
        }

        return importTable;
    }

]]></Source>
			</Method>
			<Method>
				<Name>errorCount</Name>
				<Source><![CDATA[
    [SysClientCacheDataMethod(true)]
    public display MCSErrorCount errorCount()
    {
        MCSErrorCount ret;
        MCSGLImportLineMap lineMap =  this.getLineMapInstance();
        
        select count(RecId) from lineMap 
            where lineMap.ImportTable == this.RecId &&
            lineMap.Notes;
        
        ret = lineMap.RecId;
        
        return ret;
    }

]]></Source>
			</Method>
			<Method>
				<Name>totalCredit</Name>
				<Source><![CDATA[
    [SysClientCacheDataMethod(true)]
    public display Amount totalCredit()
    {
        Amount ret;
        MCSGLImportLinePayroll lineMap;
        
        select Sum(Credit) from lineMap
            where lineMap.ImportTable == this.RecId;
        
        ret = lineMap.Credit;
        
        return ret;
    }

]]></Source>
			</Method>
			<Method>
				<Name>totaldebit</Name>
				<Source><![CDATA[
    [SysClientCacheDataMethod(true)]
    public display Amount totaldebit()
    {
        Amount ret;
        MCSGLImportLinePayroll lineMap;
        
        select Sum(debit) from lineMap
            where lineMap.ImportTable == this.RecId;
        
        ret = lineMap.debit;
        
        return ret;
    }

]]></Source>
			</Method>
			<Method>
				<Name>totalCreditINV</Name>
				<Source><![CDATA[
    [SysClientCacheDataMethod(true)]
    public display Amount totalCreditINV()
    {
        Amount ret;
        MCSGLImportLineInvoices lineMap;
        
        select Sum(Credit) from lineMap
            where lineMap.ImportTable == this.RecId;
        
        ret = lineMap.Credit;
        
        return ret;
    }

]]></Source>
			</Method>
			<Method>
				<Name>totaldebitINv</Name>
				<Source><![CDATA[
    [SysClientCacheDataMethod(true)]
    public display Amount totaldebitINv()
    {
        Amount ret;
        MCSGLImportLineInvoices lineMap;
        
        select Sum(debit) from lineMap
            where lineMap.ImportTable == this.RecId;
        
        ret = lineMap.debit;
        
        return ret;
    }

]]></Source>
			</Method>
			<Method>
				<Name>totalCreditExp</Name>
				<Source><![CDATA[
    [SysClientCacheDataMethod(true)]
    public display Amount totalCreditExp()
    {
        Amount ret;
        MCSGLImportLineExpense lineMap;
        
        select Sum(Credit) from lineMap
            where lineMap.ImportTable == this.RecId;
        
        ret = lineMap.Credit;
        
        return ret;
    }

]]></Source>
			</Method>
			<Method>
				<Name>totaldebitExp</Name>
				<Source><![CDATA[
    [SysClientCacheDataMethod(true)]
    public display Amount totaldebitExp()
    {
        Amount ret;
        MCSGLImportLineExpense lineMap;
        
        select Sum(debit) from lineMap
            where lineMap.ImportTable == this.RecId;
        
        ret = lineMap.debit;
        
        return ret;
    }

]]></Source>
			</Method>
			<Method>
				<Name>lineCount</Name>
				<Source><![CDATA[
    [SysClientCacheDataMethod(true)]
    public display MCSLineCount lineCount()
    {
        MCSLineCount ret;
        MCSGLImportLineMap lineMap =  this.getLineMapInstance();
        
        select count(RecId) from lineMap
            where lineMap.ImportTable == this.RecId
            && lineMap.Notes;
        
        ret = lineMap.RecId;
        
        return ret;
    }

]]></Source>
			</Method>
			<Method>
				<Name>getLineMapInstance</Name>
				<Source><![CDATA[
    public MCSGLImportLineMap getLineMapInstance()
    {
        MCSGLImportLineMap ret;
        switch (this.FileType)
        {
            case MCSGLImportFileType::LMS :
                MCSGLImportLineLMS importLineLMS;
                ret = importLineLMS;
                break;
                break;
            case MCSGLImportFileType::Payroll :
                MCSGLImportLinePayroll  importLinePayroll;
                ret = importLinePayroll; 
                break;

            case MCSGLImportFileType::Invoices :
                MCSGLImportLineInvoices  importLineInvoices;
                ret = importLineInvoices;
                break;

            case MCSGLImportFileType::Expense :
                MCSGLImportLineExpense  importLineExpense;
                ret = importLineExpense;
                break;

        }
        return ret;
    }

]]></Source>
			</Method>
			<Method>
				<Name>journalsCreatedCount</Name>
				<Source><![CDATA[
    [SysClientCacheDataMethod(true)]
    public display MCSNumJournalsCreated journalsCreatedCount()
    {
        MCSNumJournalsCreated ret;

        MCSGLImportJournals importJournals;

        select count(RecId) from importJournals
            where importJournals.ImportTable == this.RecId;
    
        ret = importJournals.RecId;
        
        return ret;
    }

]]></Source>
			</Method>
			<Method>
				<Name>journalsPostedCount</Name>
				<Source><![CDATA[
    [SysClientCacheDataMethod(true)]
    public display MCSNumPostedJournals journalsPostedCount()
    {
        MCSNumPostedJournals ret;

        MCSGLImportJournals importJournals;
        LedgerJournalTable  ledgerjournalTable;

        select crosscompany count(RecId) from importJournals
            where importJournals.ImportTable == this.RecId
            join TableId from ledgerjournalTable
                where ledgerjournalTable.DataAreaId == importJournals.Company &&
            ledgerjournalTable.JournalNum == importJournals.LedgerJournalId &&
            ledgerjournalTable.Posted == NoYes::Yes;
    
        ret = importJournals.RecId;

        return ret;
    }

]]></Source>
			</Method>
			<Method>
				<Name>validateLines</Name>
				<Source><![CDATA[
    public void validateLines(boolean _clearExisting = false)
    {
        switch (this.FileType)
        {
            case MCSGLImportFileType::LMS :
                MCSGLImportLineLMS::validateRecords(this.RecId, _clearExisting);
                break;

            case MCSGLImportFileType::Payroll :
                MCSGLImportLinePayroll::validateRecords(this.RecId, _clearExisting);
                break;

            case MCSGLImportFileType::Invoices :
                MCSGLImportLineInvoices::validateRecords(this.RecId, _clearExisting);
                break;

            case MCSGLImportFileType::Expense :
                MCSGLImportLineExpense::validateRecords(this.RecId, _clearExisting);
                break;
        }
    }

]]></Source>
			</Method>
			<Method>
				<Name>isExcelFile</Name>
				<Source><![CDATA[
    public boolean isExcelFile()
    {
        boolean ret;
        #File

        Filename fPath, fName, fExt;

        [fPath, fName, fExt] = fileNameSplit(this.FileName);

        
        if (strLwr(fExt) == #xls || strLwr(fExt) == #xlsx)
        {
            ret = true;
        }
        
        return ret;

    }

]]></Source>
			</Method>
			<Method>
				<Name>filterStatusToRangeFilter</Name>
				<Source><![CDATA[
    public static str filterStatusToRangeFilter(MCSOpenProcessedAll _filterValue)
    {
        str ret;

        switch (_filterValue)
        {

            case MCSOpenProcessedAll::Ready :
                ret = queryValue(MCSOpenProcessed::Ready);
                break;
            case MCSOpenProcessedAll::Open :
                ret =  queryValue(MCSOpenProcessed::Open);
                break;
            case MCSOpenProcessedAll::Processed :
                ret =  queryValue(MCSOpenProcessed::Processed);
                break;
            case MCSOpenProcessedAll::Error :
                ret = queryValue(MCSOpenProcessed::Error);
                break;
        }
        return ret;
    }

]]></Source>
			</Method>
			<Method>
				<Name>showLog</Name>
				<Source><![CDATA[
    public void showLog()
    {
        infolog.import(this.Info);       
    }

]]></Source>
			</Method>
			<Method>
				<Name>insert</Name>
				<Source><![CDATA[
    /// <summary>
    ///
    /// </summary>
    public void insert()
    {
        super();
    }

]]></Source>
			</Method>
		</Methods>
	</SourceCode>
	<Label>@MCS:GLImportFiles</Label>
	<SubscriberAccessLevel>
		<Read>Allow</Read>
	</SubscriberAccessLevel>
	<TitleField1>FileName</TitleField1>
	<TitleField2>FileType</TitleField2>
	<CacheLookup>Found</CacheLookup>
	<ClusteredIndex>CreatedDateIdx</ClusteredIndex>
	<CreatedBy>Yes</CreatedBy>
	<CreatedDateTime>Yes</CreatedDateTime>
	<PrimaryIndex>FileIdIdx</PrimaryIndex>
	<ReplacementKey>FileIdIdx</ReplacementKey>
	<DeleteActions />
	<FieldGroups>
		<AxTableFieldGroup>
			<Name>AutoReport</Name>
			<Fields>
				<AxTableFieldGroupField>
					<DataField>FileId</DataField>
				</AxTableFieldGroupField>
				<AxTableFieldGroupField>
					<DataField>FileType</DataField>
				</AxTableFieldGroupField>
				<AxTableFieldGroupField>
					<DataField>FileName</DataField>
				</AxTableFieldGroupField>
				<AxTableFieldGroupField>
					<DataField>FileCategory</DataField>
				</AxTableFieldGroupField>
				<AxTableFieldGroupField>
					<DataField>Status</DataField>
				</AxTableFieldGroupField>
				<AxTableFieldGroupField>
					<DataField>TransDate</DataField>
				</AxTableFieldGroupField>
			</Fields>
		</AxTableFieldGroup>
		<AxTableFieldGroup>
			<Name>AutoLookup</Name>
			<Fields />
		</AxTableFieldGroup>
		<AxTableFieldGroup>
			<Name>AutoIdentification</Name>
			<AutoPopulate>Yes</AutoPopulate>
			<Fields>
				<AxTableFieldGroupField>
					<DataField>FileId</DataField>
				</AxTableFieldGroupField>
				<AxTableFieldGroupField>
					<DataField>FileName</DataField>
				</AxTableFieldGroupField>
			</Fields>
		</AxTableFieldGroup>
		<AxTableFieldGroup>
			<Name>AutoSummary</Name>
			<Fields />
		</AxTableFieldGroup>
		<AxTableFieldGroup>
			<Name>AutoBrowse</Name>
			<Fields />
		</AxTableFieldGroup>
		<AxTableFieldGroup>
			<Name>Log</Name>
			<Label>@SYS2515</Label>
			<Fields>
				<AxTableFieldGroupField>
					<DataField>Log</DataField>
				</AxTableFieldGroupField>
			</Fields>
		</AxTableFieldGroup>
	</FieldGroups>
	<Fields>
		<AxTableField xmlns=""
			i:type="AxTableFieldString">
			<Name>FileId</Name>
			<AllowEdit>No</AllowEdit>
			<ExtendedDataType>MCSGLImportFileId</ExtendedDataType>
			<Mandatory>Yes</Mandatory>
		</AxTableField>
		<AxTableField xmlns=""
			i:type="AxTableFieldString">
			<Name>FileName</Name>
			<ExtendedDataType>FileName</ExtendedDataType>
		</AxTableField>
		<AxTableField xmlns=""
			i:type="AxTableFieldString">
			<Name>FileCategory</Name>
			<ExtendedDataType>SharedServiceUnitURL</ExtendedDataType>
		</AxTableField>
		<AxTableField xmlns=""
			i:type="AxTableFieldEnum">
			<Name>FileType</Name>
			<EnumType>MCSGLImportFileType</EnumType>
		</AxTableField>
		<AxTableField xmlns=""
			i:type="AxTableFieldEnum">
			<Name>Status</Name>
			<EnumType>MCSOpenProcessed</EnumType>
		</AxTableField>
		<AxTableField xmlns=""
			i:type="AxTableFieldString">
			<Name>Log</Name>
			<AssetClassification>Customer Content</AssetClassification>
			<ExtendedDataType>Notes</ExtendedDataType>
		</AxTableField>
		<AxTableField xmlns=""
			i:type="AxTableFieldDate">
			<Name>TransDate</Name>
			<ExtendedDataType>TransDate</ExtendedDataType>
		</AxTableField>
		<AxTableField xmlns=""
			i:type="AxTableFieldContainer">
			<Name>Info</Name>
			<AssetClassification>Customer Content</AssetClassification>
			<ExtendedDataType>InfologData</ExtendedDataType>
			<Visible>No</Visible>
		</AxTableField>
	</Fields>
	<FullTextIndexes />
	<Indexes>
		<AxTableIndex>
			<Name>FileIdIdx</Name>
			<AlternateKey>Yes</AlternateKey>
			<Fields>
				<AxTableIndexField>
					<DataField>FileId</DataField>
				</AxTableIndexField>
				<AxTableIndexField>
					<DataField>FileName</DataField>
				</AxTableIndexField>
			</Fields>
		</AxTableIndex>
		<AxTableIndex>
			<Name>CreatedDateIdx</Name>
			<AllowDuplicates>Yes</AllowDuplicates>
			<Fields>
				<AxTableIndexField>
					<DataField>CreatedDateTime</DataField>
				</AxTableIndexField>
			</Fields>
		</AxTableIndex>
		<AxTableIndex>
			<Name>FileTypeIdx</Name>
			<AllowDuplicates>Yes</AllowDuplicates>
			<Fields>
				<AxTableIndexField>
					<DataField>FileType</DataField>
				</AxTableIndexField>
			</Fields>
		</AxTableIndex>
		<AxTableIndex>
			<Name>StatusIdx</Name>
			<AllowDuplicates>Yes</AllowDuplicates>
			<Fields>
				<AxTableIndexField>
					<DataField>Status</DataField>
				</AxTableIndexField>
			</Fields>
		</AxTableIndex>
		<AxTableIndex>
			<Name>FileNameTypeIdx</Name>
			<Fields>
				<AxTableIndexField>
					<DataField>FileName</DataField>
				</AxTableIndexField>
				<AxTableIndexField>
					<DataField>FileType</DataField>
				</AxTableIndexField>
			</Fields>
		</AxTableIndex>
	</Indexes>
	<Mappings />
	<Relations />
	<StateMachines />
</AxTable>