<?xml version="1.0" encoding="utf-8"?>
<AxTable xmlns:i="http://www.w3.org/2001/XMLSchema-instance">
	<Name>MCSLMSAccountMapping</Name>
	<SourceCode>
		<Declaration><![CDATA[
public class MCSLMSAccountMapping extends common
{
}
]]></Declaration>
		<Methods />
	</SourceCode>
	<FormRef>MCSLMSAccountMapping</FormRef>
	<Label>CRM and Main Account Mapping</Label>
	<SubscriberAccessLevel>
		<Read>Allow</Read>
	</SubscriberAccessLevel>
	<TitleField1>MainAccountNum</TitleField1>
	<TitleField2>Description</TitleField2>
	<AllowRowVersionChangeTracking>Yes</AllowRowVersionChangeTracking>
	<PrimaryIndex>UniqueIdx</PrimaryIndex>
	<DeleteActions />
	<FieldGroups>
		<AxTableFieldGroup>
			<Name>AutoReport</Name>
			<Fields />
		</AxTableFieldGroup>
		<AxTableFieldGroup>
			<Name>AutoLookup</Name>
			<Fields />
		</AxTableFieldGroup>
		<AxTableFieldGroup>
			<Name>AutoIdentification</Name>
			<AutoPopulate>Yes</AutoPopulate>
			<Fields />
		</AxTableFieldGroup>
		<AxTableFieldGroup>
			<Name>AutoSummary</Name>
			<Fields />
		</AxTableFieldGroup>
		<AxTableFieldGroup>
			<Name>AutoBrowse</Name>
			<Fields />
		</AxTableFieldGroup>
		<AxTableFieldGroup>
			<Name>Overview</Name>
			<Fields>
				<AxTableFieldGroupField>
					<DataField>Description</DataField>
				</AxTableFieldGroupField>
				<AxTableFieldGroupField>
					<DataField>MainAccountNum</DataField>
				</AxTableFieldGroupField>
				<AxTableFieldGroupField>
					<DataField>TaxCode</DataField>
				</AxTableFieldGroupField>
				<AxTableFieldGroupField>
					<DataField>TaxItemGroup</DataField>
				</AxTableFieldGroupField>
			</Fields>
		</AxTableFieldGroup>
	</FieldGroups>
	<Fields>
		<AxTableField xmlns=""
			i:type="AxTableFieldString">
			<Name>TaxItemGroup</Name>
			<AssetClassification>Customer Content</AssetClassification>
			<ExtendedDataType>TaxGroupJournal</ExtendedDataType>
			<Label>@SYS21932</Label>
		</AxTableField>
		<AxTableField xmlns=""
			i:type="AxTableFieldString">
			<Name>MainAccountNum</Name>
			<ExtendedDataType>MainAccountNum</ExtendedDataType>
			<IgnoreEDTRelation>Yes</IgnoreEDTRelation>
			<Mandatory>Yes</Mandatory>
		</AxTableField>
		<AxTableField xmlns=""
			i:type="AxTableFieldString">
			<Name>TaxCode</Name>
			<AssetClassification>Customer Content</AssetClassification>
			<ExtendedDataType>TaxCode</ExtendedDataType>
		</AxTableField>
		<AxTableField xmlns=""
			i:type="AxTableFieldString">
			<Name>Description</Name>
			<AllowEdit>No</AllowEdit>
			<ExtendedDataType>Name</ExtendedDataType>
			<IgnoreEDTRelation>Yes</IgnoreEDTRelation>
			<Label>Description</Label>
			<Mandatory>Yes</Mandatory>
		</AxTableField>
	</Fields>
	<FullTextIndexes />
	<Indexes>
		<AxTableIndex>
			<Name>UniqueIdx</Name>
			<Fields>
				<AxTableIndexField>
					<DataField>Description</DataField>
				</AxTableIndexField>
			</Fields>
		</AxTableIndex>
	</Indexes>
	<Mappings />
	<Relations>
		<AxTableRelation xmlns=""
			i:type="AxTableRelationForeignKey">
			<Name>MCSLMSMainAccount</Name>
			<Cardinality>ZeroMore</Cardinality>
			<OnDelete>Restricted</OnDelete>
			<RelatedTable>MainAccount</RelatedTable>
			<RelatedTableCardinality>ZeroOne</RelatedTableCardinality>
			<RelationshipType>Association</RelationshipType>
			<Constraints>
				<AxTableRelationConstraint xmlns=""
					i:type="AxTableRelationConstraintField">
					<Name>MainAccountNum</Name>
					<Field>MainAccountNum</Field>
					<RelatedField>MainAccountId</RelatedField>
				</AxTableRelationConstraint>
			</Constraints>
		</AxTableRelation>
		<AxTableRelation xmlns=""
			i:type="AxTableRelationForeignKey">
			<Name>TaxItemGroupHeadingLMS</Name>
			<Cardinality>ZeroMore</Cardinality>
			<RelatedTable>TaxItemGroupHeading</RelatedTable>
			<RelatedTableCardinality>ZeroOne</RelatedTableCardinality>
			<RelationshipType>Association</RelationshipType>
			<Constraints>
				<AxTableRelationConstraint xmlns=""
					i:type="AxTableRelationConstraintField">
					<Name>TaxItemGroup</Name>
					<SourceEDT>TaxItemGroup</SourceEDT>
					<Field>TaxItemGroup</Field>
					<RelatedField>TaxItemGroup</RelatedField>
				</AxTableRelationConstraint>
			</Constraints>
			<Index>TaxItemGroupIdx</Index>
		</AxTableRelation>
		<AxTableRelation xmlns=""
			i:type="AxTableRelationForeignKey">
			<Name>MCSSTaxGroupHeadingLMS</Name>
			<Cardinality>ZeroMore</Cardinality>
			<EDTRelation>Yes</EDTRelation>
			<RelatedTable>TaxGroupHeading</RelatedTable>
			<RelatedTableCardinality>ZeroOne</RelatedTableCardinality>
			<RelationshipType>Association</RelationshipType>
			<Constraints>
				<AxTableRelationConstraint xmlns=""
					i:type="AxTableRelationConstraintField">
					<Name>TaxCode</Name>
					<SourceEDT>TaxGroup</SourceEDT>
					<Field>TaxCode</Field>
					<RelatedField>TaxGroup</RelatedField>
				</AxTableRelationConstraint>
			</Constraints>
			<Index>TaxGroupIdx</Index>
		</AxTableRelation>
	</Relations>
	<StateMachines />
</AxTable>