<?xml version="1.0" encoding="utf-8"?>
<AxTable xmlns:i="http://www.w3.org/2001/XMLSchema-instance">
	<Name>MCSSrsReportCategoryTable</Name>
	<SourceCode>
		<Declaration><![CDATA[
public class MCSSrsReportCategoryTable extends common
{
}
]]></Declaration>
		<Methods />
	</SourceCode>
	<DeveloperDocumentation>@MCSReportsEmailing:ReportCategoriesDevHelp</DeveloperDocumentation>
	<FormRef>MCSSRSReportCategory</FormRef>
	<Label>@MCSReportsEmailing:ReportCategories</Label>
	<SubscriberAccessLevel>
		<Read>Allow</Read>
	</SubscriberAccessLevel>
	<TableGroup>Group</TableGroup>
	<TitleField1>ReportCategory</TitleField1>
	<CacheLookup>Found</CacheLookup>
	<ClusteredIndex>ReportCategoryIdx</ClusteredIndex>
	<PrimaryIndex>ReportCategoryIdx</PrimaryIndex>
	<SaveDataPerCompany>No</SaveDataPerCompany>
	<DeleteActions />
	<FieldGroups>
		<AxTableFieldGroup>
			<Name>AutoReport</Name>
			<Fields>
				<AxTableFieldGroupField>
					<DataField>ReportCategory</DataField>
				</AxTableFieldGroupField>
			</Fields>
		</AxTableFieldGroup>
		<AxTableFieldGroup>
			<Name>AutoLookup</Name>
			<Fields />
		</AxTableFieldGroup>
		<AxTableFieldGroup>
			<Name>AutoIdentification</Name>
			<AutoPopulate>Yes</AutoPopulate>
			<Fields />
		</AxTableFieldGroup>
		<AxTableFieldGroup>
			<Name>AutoSummary</Name>
			<Fields />
		</AxTableFieldGroup>
		<AxTableFieldGroup>
			<Name>AutoBrowse</Name>
			<Fields />
		</AxTableFieldGroup>
	</FieldGroups>
	<Fields>
		<AxTableField xmlns=""
			i:type="AxTableFieldString">
			<Name>ReportCategory</Name>
			<AllowEdit>No</AllowEdit>
			<ExtendedDataType>MCSSrsReportCategory</ExtendedDataType>
			<Mandatory>Yes</Mandatory>
		</AxTableField>
	</Fields>
	<FullTextIndexes />
	<Indexes>
		<AxTableIndex>
			<Name>ReportCategoryIdx</Name>
			<AlternateKey>Yes</AlternateKey>
			<Fields>
				<AxTableIndexField>
					<DataField>ReportCategory</DataField>
				</AxTableIndexField>
			</Fields>
		</AxTableIndex>
	</Indexes>
	<Mappings />
	<Relations />
	<StateMachines />
</AxTable>