<?xml version="1.0" encoding="utf-8"?>
<AxClass xmlns:i="http://www.w3.org/2001/XMLSchema-instance">
	<Name>MCSCustVendSumForPaym_Extension</Name>
	<SourceCode>
		<Declaration><![CDATA[
[ExtensionOf(classStr(CustVendSumForPaym))]
final class MCSCustVendSumForPaym_Extension
{
}
]]></Declaration>
		<Methods>
			<Method>
				<Name>construct</Name>
				<Source><![CDATA[
    static CustVendSumForPaym construct(LedgerJournalId  _ledgerJournalId)
    {
        CustVendSumForPaym ret = next construct(_ledgerJournalId);

        LedgerJournalTable ledgerJournalTable = LedgerJournalTable::find(_ledgerJournalId);

        if (ledgerJournalTable.JournalType == LedgerJournalType::Payment)
        {
            ret = new MCSVendSumForPaym(); 
            ret.getLast();
            ret.parmLedgerJournalId(_ledgerJournalId);
            ret.updateQuery();
        }
        return ret;
    }

]]></Source>
			</Method>
		</Methods>
	</SourceCode>
</AxClass>