<?xml version="1.0" encoding="utf-8"?>
<AxClass xmlns:i="http://www.w3.org/2001/XMLSchema-instance">
	<Name>MCSFileExportProfileUploadPrivateKey</Name>
	<SourceCode>
		<Declaration><![CDATA[
class MCSFileExportProfileUploadPrivateKey extends RunBase
{
    Filename                fileNamePrivate;
 
    DialogRunbase           baseDialog;
    FileUploadBuild         dialogFileUploadPrivate;
    FileUpload              fileUploadPrivate;

    MCSPGPPassPhrase        passphrase;
    DialogField             dialogPassPhrase;

    public MCSFileExportProfileTable   callerRecord;
   
}
]]></Declaration>
		<Methods>
			<Method>
				<Name>canRunInNewSession</Name>
				<Source><![CDATA[
    protected boolean canRunInNewSession()
    {    
        return false;
    }

]]></Source>
			</Method>
			<Method>
				<Name>dialog</Name>
				<Source><![CDATA[
    public Object dialog()
    {
        fileNamePrivate = '';
        

        baseDialog = super();
        
        dialogPassPhrase = baseDialog.addField(extendedTypeStr(MCSPGPPassPhrase));

        
        DialogGroup dialogGroup = baseDialog.addGroup(this.fileUploadGroupName());

        FormBuildControl formBuildControl = baseDialog.formBuildDesign().control(dialogGroup.name());
        dialogFileUploadPrivate = formBuildControl.addControlEx(classstr(FileUpload), 'FileUploadPrivate');
        dialogFileUploadPrivate.style(FileUploadStyle::MinimalWithFilename);
        dialogFileUploadPrivate.baseFileUploadStrategyClassName(classstr(FileUploadTemporaryStorageStrategy));
        dialogFileUploadPrivate.fileNameLabel("@MCSBankPayments:PrivateKeyFile");

        return baseDialog;
    }

]]></Source>
			</Method>
			<Method>
				<Name>getFromDialog</Name>
				<Source><![CDATA[
    public boolean getFromDialog()
    {
        boolean ret;

        ret = super();

        passphrase = dialogPassPhrase.value();

        return ret;
    }

]]></Source>
			</Method>
			<Method>
				<Name>fileUploadGroupName</Name>
				<Source><![CDATA[
    protected str fileUploadGroupName()
    {
        return "@SYS309953";
    }

]]></Source>
			</Method>
			<Method>
				<Name>description</Name>
				<Source><![CDATA[
    public static Description description()
    {
        return "@MCSBankPayments:PrivateKeyFile";
    }

]]></Source>
			</Method>
			<Method>
				<Name>dialogPostRun</Name>
				<Source><![CDATA[
    public void dialogPostRun(DialogRunbase _dialog)
    {
        fileUploadPrivate = _dialog.formRun().control(_dialog.formRun().controlId('FileUploadPrivate'));
        fileUploadPrivate.notifyUploadCompleted += eventhandler(this.uploadCompletedPublic);


        this.setDialogOkButtonEnabled(_dialog, false);
    }

]]></Source>
			</Method>
			<Method>
				<Name>uploadCompletedPublic</Name>
				<Source><![CDATA[
    public void uploadCompletedPublic()
    {
        fileNamePrivate = fileUploadPrivate.fileName();
        
        FileUploadTemporaryStorageResult fileUploadResults = fileUploadPrivate.getFileUploadResult();
        

        this.setDialogOkButtonEnabled(baseDialog, fileNamePrivate != '');
        fileUploadPrivate.notifyUploadCompleted -= eventhandler(this.UploadCompletedPublic);
    }

]]></Source>
			</Method>
			<Method>
				<Name>setDialogOkButtonEnabled</Name>
				<Source><![CDATA[
    protected void setDialogOkButtonEnabled(DialogRunbase _dialog, boolean _isEnabled)
    {
        FormControl okButtonControl = _dialog.formRun().control(_dialog.formRun().controlId('OkButton'));

        if (okButtonControl)
        {
            okButtonControl.enabled(_isEnabled);
        }
    }

]]></Source>
			</Method>
			<Method>
				<Name>run</Name>
				<Source><![CDATA[
    public void run()
    {
        if (fileNamePrivate)
        {
            Binary privBinary = Binary::constructFromMemoryStream(fileUploadPrivate.getUploadedFile());
            

            MCSPGPFileSign::readSigningSecretKey(privBinary.getMemoryStream());

            callerRecord.PrivateKey = privBinary.getContainer();
            callerRecord.Passphrase = passphrase;
        }
        ttsbegin;        
        if (callerRecord)
        {
            callerRecord.update();
        }
        else
        {
            callerRecord.insert();
        }
        ttscommit;
        info("@MCSBankPayments:KeyUploadCompleted");
    }

]]></Source>
			</Method>
			<Method>
				<Name>main</Name>
				<Source><![CDATA[
    public static void main(Args _args)
    {
        MCSFileExportProfileUploadPrivateKey    uploadKey = new MCSFileExportProfileUploadPrivateKey();

        if(!_args.record() || _args.record().TableId != tableNum(MCSFileExportProfileTable))
        {
            throw error(error::missingRecord(funcName()));
        }

        uploadKey.callerRecord = _args.record();

        if (uploadKey.prompt())
        {
            uploadKey.runOperation();
        }

    }

]]></Source>
			</Method>
		</Methods>
	</SourceCode>
</AxClass>