<?xml version="1.0" encoding="utf-8"?>
<AxClass xmlns:i="http://www.w3.org/2001/XMLSchema-instance">
	<Name>MCSPGPEncryptDecrypt</Name>
	<SourceCode>
		<Declaration><![CDATA[
Using Org.BouncyCastle.Bcpg;
Using Org.BouncyCastle.Bcpg.OpenPgp;
Using Org.BouncyCastle.Bcpg.Sig;
Using Org.BouncyCastle.Crypto;
Using Org.BouncyCastle.Crypto.Generators;
Using Org.BouncyCastle.Crypto.Parameters;
Using Org.BouncyCastle.Math;
Using Org.BouncyCastle.Security;

class MCSPGPEncryptDecrypt
{


}
]]></Declaration>
		<Methods>
			<Method>
				<Name>ReadPublicKey</Name>
				<Source><![CDATA[
    public static PgpPublicKey ReadPublicKey(System.IO.Stream inputStream)
    {
        PgpPublicKey k;
        try
        {
            inputStream = PgpUtilities::GetDecoderStream(inputStream);
            PgpPublicKeyRingBundle pgpPub = new PgpPublicKeyRingBundle(inputStream);
        
            System.Collections.IEnumerator  keyRingEnum =  pgpPub.GetKeyRings().GetEnumerator();

            while (keyRingEnum.MoveNext())
        
            {
                PgpPublicKeyRing kRing = keyRingEnum.get_Current();

                System.Collections.IEnumerator  pubKeysEnum = kRing.GetPublicKeys().GetEnumerator();

                while (pubKeysEnum.MoveNext())
                {
                    k = pubKeysEnum.get_Current();
                    if (k.IsEncryptionKey)
                    {
                        return k;
                    }
                }
            
            }        
        }
        catch
        {
            exceptionTextFallThrough();
            throw error("@MCSBankPayments:PublicKeyNotFound");
        }

        if (!k)
        {
            throw error("@MCSBankPayments:PublicKeyNotFound");
        }
        return k;
    }

]]></Source>
			</Method>
			<Method>
				<Name>FindSecretKey</Name>
				<Source><![CDATA[
    private static PgpPrivateKey FindSecretKey(PgpSecretKeyRingBundle pgpSec, int64 keyId, System.Char[] pass)
    {
        PgpSecretKey pgpSecKey = pgpSec.GetSecretKey(keyId);
        if (pgpSecKey == null)
        {
            return null;
        }
        return pgpSecKey.ExtractPrivateKey(pass);
    }

]]></Source>
			</Method>
			<Method>
				<Name>DecryptFile</Name>
				<Source><![CDATA[
    private static System.IO.Stream DecryptFile(System.IO.Stream inputStream, System.IO.Stream keyIn, System.Char[] passwd)
    {

        inputStream = PgpUtilities::GetDecoderStream(inputStream);
        
        PgpObjectFactory pgpF = new PgpObjectFactory(inputStream);
        PgpEncryptedDataList enc;
        PgpObject o = pgpF.NextPgpObject();
        //
        // the first object might be a PGP marker packet.
        //
        if (o is PgpEncryptedDataList)
        {
            enc = o as PgpEncryptedDataList;
        }
        else
        {
            enc = pgpF.NextPgpObject();
        }

        //
        // find the secret key
        //
        PgpPrivateKey sKey = null;
        PgpPublicKeyEncryptedData pbe = null;
        PgpSecretKeyRingBundle pgpSec = new PgpSecretKeyRingBundle(PgpUtilities::GetDecoderStream(keyIn));

        System.Collections.IEnumerator pkedEnum = enc.GetEncryptedDataObjects().GetEnumerator();

        while (pkedEnum.MoveNext())
        {
            PgpPublicKeyEncryptedData pked = pkedEnum.get_Current();

            sKey = MCSPGPEncryptDecrypt::FindSecretKey(pgpSec, pked.KeyId, passwd);
            if (sKey != null)
            {
                pbe = pked;
                break;
            }
        }

        if (sKey == null)
        {
            throw error("@MCSBankPayments:SecretKeyNotFound");
        }

        System.IO.Stream clear = pbe.GetDataStream(sKey);
        PgpObjectFactory plainFact = new PgpObjectFactory(clear);
        PgpObject message = plainFact.NextPgpObject();
        if (message is PgpCompressedData)
        {
            PgpCompressedData cData = message as PgpCompressedData;
            PgpObjectFactory pgpFact = new PgpObjectFactory(cData.GetDataStream());
            message = pgpFact.NextPgpObject();
        }

        if (message is PgpLiteralData)
        {
            PgpLiteralData ld = message as PgpLiteralData;
            System.IO.Stream unc = ld.GetInputStream();
            
            return unc;
        }
        else if (message is PgpOnePassSignatureList)
        {
            throw error("@MCSBankPayments:EncrypMsgDataError");
        }
        else
        {
            throw error("@MCSBankPayments:MessageTypeError");
        }
    }

]]></Source>
			</Method>
			<Method>
				<Name>EncryptFile</Name>
				<Source><![CDATA[
    private static void EncryptFile(System.IO.Stream outputStream, PgpPublicKey encKey, boolean armor, boolean withIntegrityCheck, str fileName)
    {
        if (armor)
        {
            outputStream = new ArmoredOutputStream(outputStream);
        }

        System.IO.MemoryStream bOut = new System.IO.MemoryStream();
        PgpCompressedDataGenerator comData = new PgpCompressedDataGenerator(CompressionAlgorithmTag::Zip);
        System.Char binaryChar = System.Char::Parse('b');
        
        System.IO.FileInfo fInfo = new System.IO.FileInfo(fileName);

        PgpUtilities::WriteFileToLiteralData(
                comData.Open(bOut),
                binaryChar, //PgpLiteralData.Binary,
                fInfo);
        comData.Close();
        PgpEncryptedDataGenerator cPk = new PgpEncryptedDataGenerator(SymmetricKeyAlgorithmTag::Cast5, withIntegrityCheck, new SecureRandom());
        cPk.AddMethod(encKey);
        
        System.Byte[] bytes = bOut.ToArray();
        System.IO.Stream cOut = cPk.Open(outputStream, bytes.Length);
        cOut.Write(bytes, 0, bytes.Length);
        cOut.Close();
        if (armor)
        {
            outputStream.Close();
        }
    }

]]></Source>
			</Method>
			<Method>
				<Name>Encrypt</Name>
				<Source><![CDATA[
    public static System.IO.Stream Encrypt(System.IO.Stream _fileIn, System.IO.Stream _publicKeyStream, Filename _fileName)
    {
        System.IO.MemoryStream outStream = new System.IO.MemoryStream();

        BinData binData = new BinData();
        BinData.setData(Binary::constructFromMemoryStream(_fileIn).getContainer());
        
        FileIOPermission fileIOPermission;
        fileIOPermission = new FileIOPermission('','r');
        str tmpFileName = WinAPIServer::getTempFileName();
        CodeAccessPermission::revertAssert();

        fileIOPermission = new FileIOPermission(tmpFileName,'w');
        fileIOPermission.assert();
        binData.saveFile(tmpFileName);
        CodeAccessPermission::revertAssert();

        MCSPGPEncryptDecrypt::EncryptFile(outStream,MCSPGPEncryptDecrypt::ReadPublicKey(_publicKeyStream),true,true,tmpFileName);

        
        fileIOPermission = new FileIOPermission(tmpFileName,'w');
        fileIOPermission.assert();
        WinAPIServer::deleteFile(tmpFileName);
        CodeAccessPermission::revertAssert();

        
        return outStream;

    }

]]></Source>
			</Method>
			<Method>
				<Name>Decrypt</Name>
				<Source><![CDATA[
    public static System.IO.Stream Decrypt(System.IO.Stream _fileIn, System.IO.Stream _privateKeyStream, str _passPhrase = '')
    {
        System.String passphrase = _passPhrase;
        
        return MCSPGPEncryptDecrypt::DecryptFile(_fileIn, _privateKeyStream, passPhrase.ToCharArray());
    }


     /*
    public static System.IO.Stream Sign(System.IO.Stream _fileIdm System.IO.Stream _privateKeyStream)
    {

    }
    */

]]></Source>
			</Method>
		</Methods>
	</SourceCode>
</AxClass>