<?xml version="1.0" encoding="utf-8"?>
<AxClass xmlns:i="http://www.w3.org/2001/XMLSchema-instance">
	<Name>MCSPGPKeysGenerator</Name>
	<SourceCode>
		<Declaration><![CDATA[
Using Org.BouncyCastle.Bcpg;
Using Org.BouncyCastle.Bcpg.OpenPgp;
Using Org.BouncyCastle.Bcpg.Sig;
Using Org.BouncyCastle.Crypto;
Using Org.BouncyCastle.Crypto.Generators;
Using Org.BouncyCastle.Crypto.Parameters;
Using Org.BouncyCastle.Math;
Using Org.BouncyCastle.Security;


class MCSPGPKeysGenerator extends Runbase
{
    #Define.identity('MCSPGPD365FO')

    DialogField         dialogPassphrase;
    MCSPGPPassPhrase    passphrase;

    container           publicKey;
    container           privateKey;


}
]]></Declaration>
		<Methods>
			<Method>
				<Name>dialog</Name>
				<Source><![CDATA[
    public Object dialog()
    {
        DialogRunbase dialog = super();
        
        dialogPassphrase = dialog.addField(extendedTypeStr(MCSPGPPassPhrase));

        return dialog;
    }

]]></Source>
			</Method>
			<Method>
				<Name>getFromDialog</Name>
				<Source><![CDATA[
    public boolean getFromDialog()
    {
        boolean ret;

        ret = super();

        passphrase = dialogPassphrase.value();

        if (!passphrase)
        {
            ret = checkFailed(strFmt("@SYS26332",extendedTypeId2pname(extendedTypeNum(MCSPGPPassPhrase))));
        }

        return ret;
    }

]]></Source>
			</Method>
			<Method>
				<Name>main</Name>
				<Source><![CDATA[
    public static void main(Args _args)
    {
        MCSPGPKeysGenerator generator = new MCSPGPKeysGenerator();

        if (generator.prompt())
        {
            generator.runOperation();            
            if (_args.record() && _args.record().isFormDataSource())
            {                
                _args.record().dataSource().reread();
                _args.record().dataSource().refresh();
            }
        }
    }

]]></Source>
			</Method>
			<Method>
				<Name>run</Name>
				<Source><![CDATA[
    public void run()
    {
        PgpKeyRingGenerator krGen = MCSPGPKeysGenerator::generateKeyRingGenerator(#identity,passphrase);
        PgpPublicKeyRing pkr = krgen.GeneratePublicKeyRing();
        System.IO.MemoryStream pubStream = new System.IO.MemoryStream();
        pkr.Encode(pubStream);
        Binary pubBinary = Binary::constructFromMemoryStream(pubStream);

        PgpSecretKeyRing skr = krgen.GenerateSecretKeyRing();
        System.IO.MemoryStream secretStream = new System.IO.MemoryStream();
        skr.Encode(secretStream);
        Binary secretBinary = Binary::constructFromMemoryStream(secretStream);

        ttsbegin;
        publicKey = pubBinary.getContainer();
        privateKey = secretBinary.getContainer();
        info("@MCSComDoc:NewKeyGenerated");        
    }

]]></Source>
			</Method>
			<Method>
				<Name>generateKeyRingGenerator</Name>
				<Source><![CDATA[
    public static PgpKeyRingGenerator generateKeyRingGenerator(Str identity, str password)
    {        
        MCSPGPKeyringParams keyRingParams = new MCSPGPKeyringParams();
        keyRingParams.Password = password;
        keyRingParams.Identity = identity;
        keyRingParams.PrivateKeyEncryptionAlgorithm = SymmetricKeyAlgorithmTag::Aes128;

        IAsymmetricCipherKeyPairGenerator generator = Org.BouncyCastle.Security.GeneratorUtilities::GetKeyPairGenerator("RSA");
        generator.Init(keyRingParams.RsaParams);

        /* Create the master (signing-only) key. */
        Org.BouncyCastle.Bcpg.OpenPgp.PgpKeyPair masterKeyPair = new PgpKeyPair(
            PublicKeyAlgorithmTag::RsaSign,
            generator.GenerateKeyPair(),
            DateTimeUtil::utcNow());
                
        Org.BouncyCastle.Bcpg.OpenPgp.PgpSignatureSubpacketGenerator masterSubpckGen
            = new PgpSignatureSubpacketGenerator();
            
        masterSubpckGen.SetKeyFlags(false,  2 | 1); //CanSign | CanCertify
            
        System.Int32[] prefAlgorithms = new System.Int32[3]();
        prefAlgorithms.SetValue(SymmetricKeyAlgorithmTag::Aes256,0);
        prefAlgorithms.SetValue(SymmetricKeyAlgorithmTag::Aes192,1);
        prefAlgorithms.SetValue(SymmetricKeyAlgorithmTag::Aes128,2);
        masterSubpckGen.SetPreferredSymmetricAlgorithms(false,prefAlgorithms);

        System.Int32[] prefHashAlgorithms = new System.Int32[5]();
        prefHashAlgorithms.SetValue(HashAlgorithmTag::Sha256,0);
        prefHashAlgorithms.SetValue(HashAlgorithmTag::Sha1,1);
        prefHashAlgorithms.SetValue(HashAlgorithmTag::Sha384,2);
        prefHashAlgorithms.SetValue(HashAlgorithmTag::Sha512,3);
        prefHashAlgorithms.SetValue(HashAlgorithmTag::Sha224,4);
        masterSubpckGen.SetPreferredHashAlgorithms(false,prefHashAlgorithms);
            
        /* Create a signing and encryption key for daily use. */

        PgpKeyPair encKeyPair = new PgpKeyPair(
            PublicKeyAlgorithmTag::RsaGeneral,
            generator.GenerateKeyPair(),
            DateTimeUtil::UtcNow());
                
        PgpSignatureSubpacketGenerator encSubpckGen = new PgpSignatureSubpacketGenerator();
        encSubpckGen.SetKeyFlags(false, 4 | 8); //CanEncryptCommunications | CanEncryptStorage);

        masterSubpckGen.SetPreferredSymmetricAlgorithms(false,prefAlgorithms);
        masterSubpckGen.SetPreferredHashAlgorithms(false,prefAlgorithms);
            
        /* Create the key ring. */
        PgpKeyRingGenerator keyRingGen = new PgpKeyRingGenerator(
            16, //PgpSignature.DefaultCertification
            masterKeyPair,
            keyRingParams.Identity,
            keyRingParams.PrivateKeyEncryptionAlgorithm,
            keyRingParams.GetPassword(),
            true,
            masterSubpckGen.Generate(),
            null,
            new SecureRandom());

                /* Add encryption subkey. */
        keyRingGen.AddSubKey(encKeyPair, encSubpckGen.Generate(), null);

        return keyRingGen;

    }

]]></Source>
			</Method>
			<Method>
				<Name>canRunInNewSession</Name>
				<Source><![CDATA[
    protected boolean canRunInNewSession()
    {    
        return false;
    }

]]></Source>
			</Method>
		</Methods>
	</SourceCode>
</AxClass>