<?xml version="1.0" encoding="utf-8"?>
<AxClass xmlns:i="http://www.w3.org/2001/XMLSchema-instance">
	<Name>MCSVendPaymFileExportBusinessEventContract</Name>
	<SourceCode>
		<Declaration><![CDATA[
[DataContract]
class MCSVendPaymFileExportBusinessEventContract extends BusinessEventsContract
{
    private str     fileUrl;
    private Filename  fileName;
    private str     fileId;
    private FilePath filePath;
    private str     profileId;
    

}
]]></Declaration>
		<Methods>
			<Method>
				<Name>parmFileUrl</Name>
				<Source><![CDATA[
    [DataMember('FileUrl'), BusinessEventsDataMember("@MCSBankPayments:FileUrl")]
    public str parmFileUrl(str _value = fileUrl)
    {
        fileUrl = _value;
        return fileUrl;
    }

]]></Source>
			</Method>
			<Method>
				<Name>parmFileName</Name>
				<Source><![CDATA[
    [DataMember('Filename'), BusinessEventsDataMember("@SYS16423")]
    public Filename parmFileName(Filename _value = fileName)
    {
        fileName = _value;
        return fileName;
    }

]]></Source>
			</Method>
			<Method>
				<Name>parmFileId</Name>
				<Source><![CDATA[
    [DataMember('FileId'), BusinessEventsDataMember("@MCSBankPayments:FileId")]
    public Filename parmFileId(Filename _value = fileId)
    {
        fileId = _value;
        return fileId;
    }

]]></Source>
			</Method>
			<Method>
				<Name>parmOutputLocation</Name>
				<Source><![CDATA[
    [DataMember('OutputLocation'), BusinessEventsDataMember("@MCSBankPayments:OutputLocation")]
    public Filename parmOutputLocation(Filename _value = filePath)
    {
        filePath = _value;
        return filePath;
    }

]]></Source>
			</Method>
			<Method>
				<Name>parmProfileId</Name>
				<Source><![CDATA[
    [DataMember('ProfileId'), BusinessEventsDataMember("@MCSBankPayments:ExportProfileId")]
    public MCSFileExportProfileId parmProfileId(MCSFileExportProfileId _value = profileId)
    {
        profileId = _value;
        return profileId;
    }

]]></Source>
			</Method>
			<Method>
				<Name>construct</Name>
				<Source><![CDATA[
    protected static MCSVendPaymFileExportBusinessEventContract construct()
    {
        return new MCSVendPaymFileExportBusinessEventContract();
    }

]]></Source>
			</Method>
			<Method>
				<Name>newExport</Name>
				<Source><![CDATA[
    public static MCSVendPaymFileExportBusinessEventContract newExport(str _profileId, str _fileUrl, str _fileId, FilePath _filePath, FileName _fileName)
    {
        MCSVendPaymFileExportBusinessEventContract exportResult = MCSVendPaymFileExportBusinessEventContract::construct();

        exportResult.parmProfileId(_profileId);
        exportResult.parmFileUrl(_fileUrl);
        exportResult.parmFileName(_fileName);
        exportResult.parmOutputLocation(_filePath);
        exportResult.parmFileId(_fileId);
        return exportResult;
    }

]]></Source>
			</Method>
		</Methods>
	</SourceCode>
</AxClass>