<?xml version="1.0" encoding="utf-8"?>
<AxClass xmlns:i="http://www.w3.org/2001/XMLSchema-instance">
	<Name>MCSVendOutPaymRemoteFileDestination</Name>
	<SourceCode>
		<Declaration><![CDATA[
using Microsoft.Dynamics365.LocalizationFramework;

/// <summary>
/// Destination for the archive.
/// </summary>
public final class MCSVendOutPaymRemoteFileDestination implements ERIFileDestination
{
    private ERIFileDestination originDestination;
    private MCSVendPaymFileExportBusinessEventContract remoteFileContract;

}
]]></Declaration>
		<Methods>
			<Method>
				<Name>saveFile</Name>
				<Source><![CDATA[
    /// <summary>
    /// Saves file in destination.
    /// </summary>
    /// <param name = "_stream">A stream to save.</param>
    /// <param name = "_filePath">A file path.</param>
    /// <returns>Saved stream.</returns>
    public System.IO.Stream saveFile(System.IO.Stream _stream, System.String _fileName)
    {
        str fileUrl;
        str fileId;
        System.IO.Stream fileStream = _stream;


        if (remoteFileContract.parmProfileId())
        {
            MCSFileExportProfileTable profileTable = MCSFileExportProfileTable::find(remoteFileContract.parmProfileId());

            if (!profileTable)
            {
                throw error(strFmt("@MCSBankPayments:ProfileNotFoundError", remoteFileContract.parmProfileId()));
            }

            if (profileTable.isEncrypted())
            {
                fileStream =  MCSPGPEncryptDecrypt::Encrypt(_stream, profileTable.getPublicKeyStream(), remoteFileContract.parmFileName());
            }


            if (profileTable.isSigned())
            {
                fileStream = MCSPGPFileSign::sign(fileStream, profileTable.getPrivateKeyStream(), remoteFileContract.parmFileName(), profileTable.Passphrase);
            }

        }

        FileUploadTemporaryStorageResult uploadResult = File::SendFileToTempStore_GetResult(fileStream,_filename);
        
        if (uploadResult != null && uploadResult.getUploadStatus())
        {
            fileUrl = uploadResult.getDownloadUrl(false);
            if (fileUrl == '')
            {
                Error("@ApplicationPlatform:FileUploadFailed");
                return null;
            }
            fileId = uploadResult.getFileId();
        }



        if (remoteFileContract.parmOutputLocation())
        {

            if (BusinessEventsConfigurationReader::isBusinessEventEnabled(classStr(MCSVendPaymFileExportBusinessEvent)))
            {
                remoteFileContract.parmFileId(fileId);
                remoteFileContract.parmFileUrl(fileUrl);
                remoteFileContract.parmFileName(_fileName);

                MCSVendPaymFileExportBusinessEvent businessEvent = MCSVendPaymFileExportBusinessEvent::newFromContract(remoteFileContract);
                businessEvent.send();

                info(strFmt("@MCSBankPayments:FileIsSentTo",_fileName, remoteFileContract.parmOutputLocation()));

            }
            else
            {
                throw error("@MCSBankPayments:BEForPaymFileNotSetup");
            }
        }
        else
        {
            if (hasGUI())
            {
                Browser br = new Browser();
                br.navigate(fileUrl, false, false);
            }           
        }
        return _stream;
    }

]]></Source>
			</Method>
			<Method>
				<Name>newFileStream</Name>
				<Source><![CDATA[
    /// <summary>
    /// Creates a stream for new file.
    /// </summary>
    /// <param name = "_filePath">Name of new file.</param>
    /// <returns>Stream for new file.</returns>
    public System.IO.Stream newFileStream(System.String _filePath)
    {
        return new System.IO.MemoryStream();
    }

]]></Source>
			</Method>
			<Method>
				<Name>construct</Name>
				<Source><![CDATA[
    /// <summary>
    /// Constructs the archive destination.
    /// </summary>
    /// <param name = "_originDestination">The original destination.</param>
    /// <param name = "_archiveContract">The archive contract.</param>
    /// <returns>The archive destination.</returns>
    public static ERIFileDestination construct(MCSVendPaymFileExportBusinessEventContract _remoteFileContract)
    {
        MCSVendOutPaymRemoteFileDestination remoteFileDestination = new MCSVendOutPaymRemoteFileDestination();
        remoteFileDestination.remoteFileContract  = _remoteFileContract;
        return remoteFileDestination;
    }

]]></Source>
			</Method>
		</Methods>
	</SourceCode>
</AxClass>