<?xml version="1.0" encoding="utf-8"?>
<AxClass xmlns:i="http://www.w3.org/2001/XMLSchema-instance">
	<Name>MCSVendSumForPaym</Name>
	<SourceCode>
		<Declaration><![CDATA[
class MCSVendSumForPaym extends VendSumForPaym
{

  

}
]]></Declaration>
		<Methods>
			<Method>
				<Name>run</Name>
				<Source><![CDATA[
    public void run()
    {
        if (!selectOnPaymFormat && paymMode)
        {
            VendPaymModeTable   vendPaymMode = this.paymModeTable() as VendPaymModeTable;
            if (vendPaymMode.MCSFileExportProfileId && this.useGERConfiguration())
            {
                this.runERPaymentExportRemoteFile(vendPaymMode.ERFormatMappingID);
                return;
            }
        }
        super();
    }

]]></Source>
			</Method>
			<Method>
				<Name>runERPaymentExportRemoteFile</Name>
				<Source><![CDATA[
    private void runERPaymentExportRemoteFile(ERFormatMappingID _eRFormatMappingID)
    {
        var custVendPaymERExport = new CustVendPaymERExport();
        custVendPaymERExport.parmERBinding(_eRFormatMappingID);
        custVendPaymERExport.parmLedgerJournalId(ledgerJournalId);
        custVendPaymERExport.parmBankAccountID(bankAccountID);
        custVendPaymERExport.parmERFileName(erFileName);
        custVendPaymERExport.parmQuery(this.queryRun().query());
        custVendPaymERExport.parmShowParamsDialog(true);
        custVendPaymERExport.parmCustVendPaymModeTable(this.paymModeTable());

        #ISOCountryRegionCodes
        if (LedgerJournalTable::find(ledgerJournalId).JournalType == LedgerJournalType::CustPaymRemittance
            && SysCountryRegionCode::isLegalEntityInCountryRegion([#isoFR, #isoIT]))
        {
            custVendPaymERExport.addInputParameter(CustVendOutPaymConstants::GenerateRemittanceFileGERParameter, NoYes::Yes);
            custVendPaymERExport.parmPostERExportDataUpdateRequiredForCustomerRemittance(true);
        }

        MCSVendPaymFileExportBusinessEventContract    remoteFileContract = new MCSVendPaymFileExportBusinessEventContract();
        VendPaymModeTable paymModeTable = this.paymModeTable() as VendPaymModeTable;

        MCSFileExportProfileTable mcsFileExportProfileTable = MCSFileExportProfileTable::find(paymModeTable.MCSFileExportProfileId);

        remoteFileContract.parmOutputLocation(mcsFileExportProfileTable.ExportLocation);
        remoteFileContract.parmProfileId(paymModeTable.MCSFileExportProfileId);
        MCSVendOutPaymRemoteFileDestination remoteFileDestination = MCSVendOutPaymRemoteFileDestination::construct(remoteFileContract);
        custVendPaymERExport.parmFileDestination(remoteFileDestination);
        custVendPaymERExport.run();
    }

]]></Source>
			</Method>
		</Methods>
	</SourceCode>
</AxClass>