<?xml version="1.0" encoding="utf-8"?>
<AxClass xmlns:i="http://www.w3.org/2001/XMLSchema-instance">
	<Name>MCSVendPaymFileExportBusinessEvent</Name>
	<SourceCode>
		<Declaration><![CDATA[
[BusinessEvents(classStr(MCSVendPaymFileExportBusinessEventContract), '@MCSBankPayments:VendPaymFileExpBusinessEvent', '@MCSBankPayments:VendPaymFileExpBusinessEventDesc', ModuleAxapta::Vendor)]
class MCSVendPaymFileExportBusinessEvent  extends BusinessEventsBase
{   
    MCSVendPaymFileExportBusinessEventContract    contract;


}
]]></Declaration>
		<Methods>
			<Method>
				<Name>parmContract</Name>
				<Source><![CDATA[
    MCSVendPaymFileExportBusinessEventContract parmContract(MCSVendPaymFileExportBusinessEventContract _contract = contract)
    {
        contract = _contract;
        return contract;
    }

]]></Source>
			</Method>
			<Method>
				<Name>buildContract</Name>
				<Source><![CDATA[
    public BusinessEventsContract buildContract()
    {
        return contract;
    }

]]></Source>
			</Method>
			<Method>
				<Name>new</Name>
				<Source><![CDATA[
    private void new()
    {
    }

]]></Source>
			</Method>
			<Method>
				<Name>newFromContract</Name>
				<Source><![CDATA[
    public static MCSVendPaymFileExportBusinessEvent newFromContract(MCSVendPaymFileExportBusinessEventContract _contract)
    {
        MCSVendPaymFileExportBusinessEvent businessEvent = new MCSVendPaymFileExportBusinessEvent();
        businessEvent.parmContract(_contract);

        return businessEvent;
    }

]]></Source>
			</Method>
		</Methods>
	</SourceCode>
</AxClass>