<?xml version="1.0" encoding="utf-8"?>
<AxMenuExtension xmlns:i="http://www.w3.org/2001/XMLSchema-instance" xmlns="Microsoft.Dynamics.AX.Metadata.V1">
	<Name>AccountsPayable.HousingAustraliaExtensions</Name>
	<Customizations />
	<Elements>
		<AxMenuExtensionElement xmlns="">
			<Parent>VendorInvoices</Parent>
			<PositionType>AfterItem</PositionType>
			<PreviousSibling>LedgerJournalTable9</PreviousSibling>
			<MenuElement xmlns=""
				i:type="AxMenuElementMenuItem">
				<Name>MCSLedgerJournalTableTaxInvoice</Name>
				<MenuItemName>MCSLedgerJournalTableTaxInvoice</MenuItemName>
			</MenuElement>
		</AxMenuExtensionElement>
	</Elements>
	<MenuElementModifications />
	<PropertyModifications />
</AxMenuExtension>