<?xml version="1.0" encoding="utf-8"?>
<AxMenuExtension xmlns:i="http://www.w3.org/2001/XMLSchema-instance" xmlns="Microsoft.Dynamics.AX.Metadata.V1">
	<Name>GeneralLedger.HousingAustraliaExtensions</Name>
	<Customizations />
	<Elements>
		<AxMenuExtensionElement xmlns="">
			<Parent>PeriodicTasks</Parent>
			<MenuElement xmlns=""
				i:type="AxMenuElementSubMenu">
				<Name>MCSIntegration</Name>
				<Label>Integrations</Label>
				<Elements>
					<AxMenuElement xmlns=""
						i:type="AxMenuElementMenuItem">
						<Name>MCSGLImportTableLMS</Name>
						<MenuItemName>MCSGLImportTableLMS</MenuItemName>
					</AxMenuElement>
					<AxMenuElement xmlns=""
						i:type="AxMenuElementMenuItem">
						<Name>MCSGLImportTablePayroll</Name>
						<MenuItemName>MCSGLImportTablePayroll</MenuItemName>
					</AxMenuElement>
					<AxMenuElement xmlns=""
						i:type="AxMenuElementMenuItem">
						<Name>MCSGLImportTableAPInvoices</Name>
						<MenuItemName>MCSGLImportTableAPInvoices</MenuItemName>
					</AxMenuElement>
					<AxMenuElement xmlns=""
						i:type="AxMenuElementMenuItem">
						<Name>MCSGLImportTableExpense</Name>
						<MenuItemName>MCSGLImportTableExpense</MenuItemName>
					</AxMenuElement>
					<AxMenuElement xmlns=""
						i:type="AxMenuElementSubMenu">
						<Name>MCSConcurFile</Name>
						<Label>MCS Concur file export</Label>
						<Elements>
							<AxMenuElement xmlns=""
								i:type="AxMenuElementMenuItem">
								<Name>MCSGeneratePaymentFile1</Name>
								<MenuItemName>MCSGeneratePaymentFile</MenuItemName>
							</AxMenuElement>
							<AxMenuElement xmlns=""
								i:type="AxMenuElementMenuItem">
								<Name>MCSGenerateVendor1</Name>
								<MenuItemName>MCSGenerateVendor</MenuItemName>
							</AxMenuElement>
							<AxMenuElement xmlns=""
								i:type="AxMenuElementMenuItem">
								<Name>MCSGenerateVendorEncrypt</Name>
								<MenuItemName>MCSGenerateVendorEncrypt</MenuItemName>
							</AxMenuElement>
							<AxMenuElement xmlns=""
								i:type="AxMenuElementMenuItem">
								<Name>MCSGeneratePaymentFileEncrypted</Name>
								<MenuItemName>MCSGeneratePaymentFileEncrypted</MenuItemName>
							</AxMenuElement>
						</Elements>
					</AxMenuElement>
				</Elements>
			</MenuElement>
		</AxMenuExtensionElement>
		<AxMenuExtensionElement xmlns="">
			<Parent>JournalSetup</Parent>
			<MenuElement xmlns=""
				i:type="AxMenuElementMenuItem">
				<Name>MCSCustomerMappingTable</Name>
				<MenuItemName>MCSCustomerMappingTable</MenuItemName>
			</MenuElement>
		</AxMenuExtensionElement>
		<AxMenuExtensionElement xmlns="">
			<Parent>JournalSetup</Parent>
			<MenuElement xmlns=""
				i:type="AxMenuElementMenuItem">
				<Name>MCSLMSAccountMapping</Name>
				<MenuItemName>MCSLMSAccountMapping</MenuItemName>
			</MenuElement>
		</AxMenuExtensionElement>
		<AxMenuExtensionElement xmlns="">
			<Parent>JournalSetup</Parent>
			<MenuElement xmlns=""
				i:type="AxMenuElementMenuItem">
				<Name>MCSFileExportProfile</Name>
				<MenuItemName>MCSFileExportProfile</MenuItemName>
			</MenuElement>
		</AxMenuExtensionElement>
	</Elements>
	<MenuElementModifications />
	<PropertyModifications />
</AxMenuExtension>