<?xml version="1.0" encoding="utf-8"?>
<AxMenuExtension xmlns:i="http://www.w3.org/2001/XMLSchema-instance" xmlns="Microsoft.Dynamics.AX.Metadata.V1">
	<Name>SystemAdministration.MCSExtension</Name>
	<Customizations />
	<Elements>
		<AxMenuExtensionElement xmlns="">
			<Parent>Email</Parent>
			<MenuElement xmlns=""
				i:type="AxMenuElementMenuItem">
				<Name>MCSSRSReportCategory</Name>
				<MenuItemName>MCSSRSReportCategory</MenuItemName>
			</MenuElement>
		</AxMenuExtensionElement>
	</Elements>
	<MenuElementModifications />
	<PropertyModifications />
</AxMenuExtension>