<?xml version="1.0" encoding="utf-8"?>
<AxDataEntityViewExtension xmlns:i="http://www.w3.org/2001/XMLSchema-instance">
	<Name>DimensionCombinationEntity.DimensionIntegration</Name>
	<DataSources />
	<FieldGroupExtensions />
	<FieldGroups />
	<FieldModifications />
	<Fields>
		<AxDataEntityViewField xmlns=""
			i:type="AxDataEntityViewUnmappedFieldString">
			<Name>Cost_Center</Name>
			<ComputedFieldMethod>MCSDimensionCombinationEntity_Extension::costCentres</ComputedFieldMethod>
			<ExtendedDataType>DimensionValue</ExtendedDataType>
		</AxDataEntityViewField>
		<AxDataEntityViewField xmlns=""
			i:type="AxDataEntityViewUnmappedFieldString">
			<Name>Product_Project_Code</Name>
			<ComputedFieldMethod>MCSDimensionCombinationEntity_Extension::project</ComputedFieldMethod>
			<ExtendedDataType>DimensionValue</ExtendedDataType>
		</AxDataEntityViewField>
		<AxDataEntityViewField xmlns=""
			i:type="AxDataEntityViewUnmappedFieldString">
			<Name>Programm_Unit</Name>
			<ComputedFieldMethod>MCSDimensionCombinationEntity_Extension::program</ComputedFieldMethod>
			<ExtendedDataType>DimensionValue</ExtendedDataType>
		</AxDataEntityViewField>
	</Fields>
	<Mappings />
	<PropertyModifications />
	<Relations>
		<AxDataEntityViewRelation>
			<Name>DimAttributeOMCostCenterEntity</Name>
			<Cardinality>ZeroMore</Cardinality>
			<RelatedDataEntity>DimAttributeOMCostCenterEntity</RelatedDataEntity>
			<RelatedDataEntityCardinality>ZeroOne</RelatedDataEntityCardinality>
			<RelatedDataEntityRole>DimAttributeOMCostCenterEntity</RelatedDataEntityRole>
			<RelationshipType>Association</RelationshipType>
			<Role>DimAttributeOMCostCenterEntity</Role>
			<Validate>No</Validate>
			<Constraints>
				<AxDataEntityViewRelationConstraint xmlns=""
					i:type="AxDataEntityViewRelationConstraintField">
					<Name>RelationConstraintField1</Name>
					<Field>Cost_Center</Field>
					<RelatedField>Value</RelatedField>
				</AxDataEntityViewRelationConstraint>
			</Constraints>
		</AxDataEntityViewRelation>
		<AxDataEntityViewRelation>
			<Name>DimAttributeOMBusinessUnitEntity</Name>
			<Cardinality>ZeroMore</Cardinality>
			<RelatedDataEntity>DimAttributeOMBusinessUnitEntity</RelatedDataEntity>
			<RelatedDataEntityCardinality>ZeroOne</RelatedDataEntityCardinality>
			<RelatedDataEntityRole>DimAttributeOMBusinessUnitEntity</RelatedDataEntityRole>
			<RelationshipType>Association</RelationshipType>
			<Role>DimAttributeOMBusinessUnitEntity</Role>
			<Validate>No</Validate>
			<Constraints>
				<AxDataEntityViewRelationConstraint xmlns=""
					i:type="AxDataEntityViewRelationConstraintField">
					<Name>RelationConstraintField1</Name>
					<Field>Programm_Unit</Field>
					<RelatedField>Value</RelatedField>
				</AxDataEntityViewRelationConstraint>
			</Constraints>
		</AxDataEntityViewRelation>
		<AxDataEntityViewRelation>
			<Name>MCSDimAttributeFinancialTagEntityProjects</Name>
			<Cardinality>ZeroMore</Cardinality>
			<RelatedDataEntity>MCSDimAttributeFinancialTagEntityProjects</RelatedDataEntity>
			<RelatedDataEntityCardinality>ZeroOne</RelatedDataEntityCardinality>
			<RelatedDataEntityRole>MCSDimAttributeFinancialTagEntityProjects</RelatedDataEntityRole>
			<RelationshipType>Association</RelationshipType>
			<Role>MCSDimAttributeFinancialTagEntityProjects</Role>
			<Validate>No</Validate>
			<Constraints>
				<AxDataEntityViewRelationConstraint xmlns=""
					i:type="AxDataEntityViewRelationConstraintField">
					<Name>RelationConstraintField1</Name>
					<Field>Product_Project_Code</Field>
					<RelatedField>Value</RelatedField>
				</AxDataEntityViewRelationConstraint>
			</Constraints>
		</AxDataEntityViewRelation>
	</Relations>
</AxDataEntityViewExtension>