<?xml version="1.0" encoding="utf-8"?>
<AxDataEntityViewExtension xmlns:i="http://www.w3.org/2001/XMLSchema-instance">
	<Name>VendVendorV2Entity.HousingAustraliaExtensions</Name>
	<DataSources />
	<FieldGroupExtensions />
	<FieldGroups />
	<FieldModifications />
	<Fields>
		<AxDataEntityViewField xmlns=""
			i:type="AxDataEntityViewMappedField">
			<Name>MCSDefaultExpenseType</Name>
			<DataField>MCSDefaultExpenseType</DataField>
			<DataSource>VendTable</DataSource>
		</AxDataEntityViewField>
		<AxDataEntityViewField xmlns=""
			i:type="AxDataEntityViewMappedField">
			<Name>MCSRecordType</Name>
			<DataField>MCSRecordType</DataField>
			<DataSource>VendTable</DataSource>
		</AxDataEntityViewField>
	</Fields>
	<Mappings />
	<PropertyModifications />
	<Relations />
</AxDataEntityViewExtension>